id_media,id_genre
1891,11
1891,2
1891,21
1892,11
1892,2
1892,32
1893,11
1893,22
1894,11
1894,2
1894,15
1895,11
1895,16
1895,10
1896,11
1896,2
1896,15
1897,11
1897,15
1897,24
1898,11
1898,15
1898,22
1899,11
1899,21
1899,19
1900,11
1900,21
1901,11
1901,2
1901,21
1902,11
1902,21
1902,32
1903,11
1903,2
1903,26
1904,11
1904,16
1904,21
1905,11
1905,21
1906,11
1906,2
1906,32
1907,11
1907,2
1907,21
1908,11
1908,2
1908,32
1909,11
1909,15
1909,22
1910,11
1910,2
1910,26
1911,11
1911,2
1911,26
1912,11
1912,21
1912,19
1913,11
1913,2
1913,21
1914,11
1914,2
1914,21
1915,11
1915,2
1915,32
1916,11
1916,15
1916,16
1917,11
1917,21
1917,7
1918,11
1918,2
1918,21
1919,11
1919,2
1919,21
1920,11
1920,16
1920,22
1921,11
1921,2
1921,15
1922,11
1922,2
1922,32
1923,11
1923,10
1923,22
1924,11
1924,16
1924,21
1925,11
1925,2
1925,26
1926,11
1926,2
1926,32
1927,11
1927,2
1928,11
1928,16
1928,22
1929,11
1929,2
1929,21
1930,11
1930,2
1930,21
1931,1
1931,11
1931,26
1932,11
1932,2
1932,21
1933,11
1933,16
1933,22
1934,11
1934,15
1934,16
1935,1
1935,11
1935,2
1936,11
1936,16
1936,22
1937,11
1937,15
1937,16
1938,11
1938,21
1938,10
1939,11
1939,16
1939,22
1940,11
1940,15
1940,16
1941,11
1941,21
1941,10
1942,11
1942,16
1942,21
1943,11
1943,26
1944,11
1944,22
1945,11
1945,2
1945,15
1946,11
1946,2
1947,11
1947,2
1947,26
1948,11
1948,15
1948,32
1949,11
1949,16
1949,22
1950,11
1950,2
1950,22
1951,11
1951,26
1952,11
1952,2
1952,22
1953,11
1953,2
1954,11
1954,26
1954,22
1955,11
1955,2
1955,15
1956,11
1956,16
1956,21
1957,11
1957,2
1957,15
1958,11
1958,2
1958,32
1959,11
1959,21
1959,7
1960,11
1960,2
1960,26
1961,11
1961,2
1961,15
1962,11
1962,2
1962,21
1963,11
1963,15
1963,26
1964,11
1964,2
1964,26
1965,11
1965,2
1965,21
1966,11
1966,2
1966,15
1967,11
1967,2
1967,21
1968,11
1968,2
1968,26
1969,11
1969,26
1969,22
1970,11
1970,6
1970,21
1971,11
1971,2
1971,22
1972,11
1972,2
1972,32
1973,11
1973,2
1973,21
1974,11
1974,2
1974,32
1975,11
1975,2
1975,15
1976,11
1976,16
1976,21
1977,11
1977,2
1977,21
1978,11
1978,2
1978,26
1979,11
1979,15
1979,16
1980,11
1980,22
1981,11
1981,2
1981,15
1982,11
1982,21
1982,7
1983,11
1983,2
1983,32
1984,11
1984,15
1984,21
1985,11
1985,21
1985,19
1986,11
1986,2
1986,22
1987,11
1987,16
1987,21
1988,11
1988,2
1988,32
1989,11
1989,21
1989,10
1990,11
1990,2
1990,26
1991,11
1991,2
1991,26
1992,11
1992,16
1992,31
1993,11
1993,2
1993,32
1994,11
1994,2
1994,15
1995,11
1995,15
1995,16
1996,11
1996,2
1996,15
1997,11
1997,2
1997,32
1998,11
1998,16
1998,22
1999,11
1999,2
1999,15
2000,11
2000,2
2000,21
2001,11
2001,16
2001,22
2002,11
2002,2
2002,21
2003,11
2003,2
2004,11
2004,21
2005,11
2005,21
2005,26
2006,11
2006,21
2007,11
2007,2
2007,22
2008,11
2008,15
2008,16
2009,11
2009,2
2009,26
2010,11
2010,26
2011,11
2011,26
2012,11
2012,15
2012,22
2013,11
2013,21
2013,7
2014,11
2014,2
2014,15
2015,11
2015,16
2015,22
2016,1
2016,11
2016,2
2017,1
2017,11
2017,2
2018,11
2018,2
2018,26
2019,11
2019,2
2019,29
2020,11
2020,21
2020,22
2021,11
2021,2
2021,26
2022,11
2022,2
2022,16
2023,11
2023,2
2023,26
2024,11
2024,21
2024,19
2025,11
2025,16
2025,22
2026,11
2026,2
2026,31
2027,11
2027,2
2027,22
2028,11
2028,2
2028,26
2029,11
2029,2
2029,32
2030,11
2030,2
2030,26
2031,11
2031,2
2031,22
2032,11
2032,22
2033,11
2033,16
2033,21
2034,11
2034,2
2034,26
2035,11
2035,16
2035,21
2036,11
2036,15
2037,11
2037,2
2037,26
2038,11
2038,2
2038,21
2039,11
2039,2
2039,26
2040,11
2040,2
2040,26
2041,11
2041,2
2041,22
2042,11
2042,16
2042,21
2043,11
2043,21
2043,26
2044,11
2044,22
2045,11
2045,2
2045,26
2046,11
2046,2
2046,15
2047,11
2047,2
2048,11
2048,21
2049,11
2049,2
2049,21
2050,11
2050,26
2051,11
2051,15
2051,31
2052,11
2052,2
2052,32
2053,11
2053,2
2053,21
2054,11
2054,2
2054,32
2055,11
2055,16
2055,21
2056,11
2056,2
2056,29
2057,11
2057,16
2057,22
2058,11
2058,16
2058,21
2059,11
2059,21
2059,7
2060,11
2060,6
2060,16
2061,11
2061,2
2061,22
2062,11
2062,16
2062,26
2063,11
2063,15
2063,16
2064,11
2064,2
2064,26
2065,11
2065,2
2065,32
2066,11
2066,16
2066,21
2067,11
2067,3
2068,11
2068,2
2068,21
2069,11
2069,2
2069,22
2070,11
2070,2
2070,10
2071,11
2071,2
2071,32
2072,11
2072,21
2072,30
2073,11
2073,2
2073,26
2074,1
2074,11
2074,2
2075,11
2075,26
2076,11
2076,2
2076,26
2077,11
2077,2
2077,21
2078,11
2078,2
2078,10
2079,11
2079,2
2079,26
2080,11
2080,2
2080,22
2081,11
2081,15
2081,16
2082,11
2082,21
2082,22
2083,11
2083,2
2083,31
2084,11
2084,2
2084,16
2085,11
2085,2
2085,16
2086,11
2086,2
2086,26
2087,11
2087,2
2087,22
2088,11
2088,10
2088,26
2089,11
2089,10
2089,22
2090,1
2090,11
2090,2
2091,11
2091,2
2091,26
2092,11
2092,2
2092,22
2093,11
2093,2
2093,26
2094,11
2094,16
2094,22
2095,11
2095,16
2095,10
2096,11
2096,22
2097,11
2097,16
2097,22
2098,11
2098,15
2098,22
2099,11
2099,15
2099,16
2100,11
2100,2
2100,16
2101,11
2101,2
2101,32
2102,11
2102,2
2102,15
657,11
657,2
657,31
2103,11
2103,16
2103,21
2104,11
2104,16
2104,22
2105,11
2105,16
2105,22
2106,11
2106,2
2106,26
2107,11
2107,22
2108,11
2108,2
2108,26
2109,11
2109,2
2109,21
2110,11
2110,16
2110,22
2111,11
2111,21
2111,10
2112,11
2112,2
2112,15
2113,11
2113,22
2114,11
2114,2
2114,32
2115,11
2115,2
2115,21
2116,11
2116,15
2116,19
2117,11
2117,15
2117,16
2118,11
2118,2
2118,26
2119,11
2119,2
2119,15
2120,11
2120,2
2120,32
2121,11
2121,2
2121,6
2122,11
2122,2
2122,22
2123,11
2123,16
2123,21
2124,11
2124,2
2124,26
2125,11
2125,16
2125,22
2126,11
2126,15
2126,16
2127,11
2127,2
2127,22
2128,11
2128,16
2128,21
2129,11
2129,2
2129,26
2130,11
2130,2
2130,26
2131,11
2131,2
2131,15
2132,11
2132,2
2132,15
2133,11
2133,2
2133,31
2134,11
2134,21
2134,22
2135,11
2135,2
2135,32
2136,11
2136,2
2136,26
2137,11
2137,2
2137,15
2138,11
2138,21
2138,3
2139,11
2139,2
2139,26
2140,11
2140,2
2140,26
2141,11
2141,2
2141,26
2142,11
2142,2
2142,15
2143,11
2143,15
2143,32
2144,11
2144,2
2144,26
2145,11
2145,16
2145,21
1914,26
2146,11
2146,2
2146,32
2147,11
2147,16
2147,22
2148,11
2148,2
2148,26
2149,11
2149,32
2150,11
2150,21
2150,7
2151,11
2151,2
2151,26
2152,11
2152,2
2152,10
2153,11
2153,2
2153,26
2154,11
2154,2
2154,22
2155,11
2155,2
2155,22
2156,11
2156,15
2156,26
2157,11
2157,2
2157,26
2158,11
2158,21
2158,22
2159,11
2159,15
2159,16
2160,11
2160,2
2160,24
2161,1
2161,11
2161,2
2162,11
2162,21
2162,26
2163,11
2163,22
2164,11
2164,2
2164,22
2165,11
2165,22
2166,11
2166,15
2166,16
2167,11
2167,22
2168,11
2168,15
2168,16
2169,1
2169,11
2169,2
2170,11
2170,26
2171,11
2171,2
2171,15
2172,11
2172,22
2173,11
2173,16
2173,22
2174,11
2174,31
2174,22
2175,11
2175,16
2175,21
2176,11
2176,31
2177,11
2177,2
2177,32
2178,11
2178,2
2178,26
2179,11
2179,2
2179,15
2180,11
2180,21
2180,30
2181,11
2181,2
2181,21
2182,11
2182,21
2182,29
2183,11
2183,21
2183,22
2184,11
2184,2
2184,6
2185,11
2185,2
2185,26
2186,11
2186,2
2186,32
2187,11
2187,21
2187,30
2188,11
2188,15
2188,32
2189,11
2189,2
2189,26
2190,11
2190,32
2190,31
2191,11
2191,2
2191,21
2192,11
2192,2
2193,11
2193,2
2193,26
2194,11
2194,21
2194,7
2195,11
2195,2
2195,26
2196,11
2196,22
2197,11
2197,21
2197,26
2198,11
2198,2
2198,32
2199,11
2199,2
2199,32
2200,11
2200,21
2200,7
2201,11
2201,2
2201,26
2202,11
2202,2
2202,15
2203,11
2203,10
2203,26
2204,11
2204,16
2204,22
2205,11
2205,15
2205,16
2206,11
2206,2
2206,32
2207,11
2207,26
2207,22
2208,11
2208,2
2208,32
2209,11
2209,21
2209,26
2210,11
2210,32
2210,22
2211,11
2211,16
2211,21
2212,11
2212,16
2212,22
2213,11
2213,2
2213,21
2214,11
2214,15
2214,16
2215,11
2215,2
2215,22
2216,11
2216,15
2216,31
2217,11
2217,31
2217,10
2218,11
2218,15
2218,16
2219,11
2219,26
2219,22
2220,11
2220,2
2220,22
2221,1
2221,11
2221,2
2222,11
2222,21
2222,32
2223,11
2223,26
2223,22
2224,11
2224,16
2224,22
2225,11
2225,2
2225,29
2226,11
2226,21
2226,26
2227,11
2227,2
2227,15
2228,11
2228,26
2228,22
2229,11
2229,31
2229,26
2230,11
2230,2
2230,22
2231,11
2231,2
2231,31
2232,11
2232,2
2232,26
2233,11
2233,21
2233,26
2234,11
2234,2
2234,22
2235,11
2235,15
2235,16
2236,11
2236,16
2236,22
2237,11
2237,22
2238,11
2238,2
2238,32
2239,11
2239,2
2239,32
2240,11
2240,2
2240,26
2241,11
2241,2
2241,26
2242,11
2242,10
2242,22
2243,11
2243,22
2244,11
2244,2
2244,31
2245,11
2245,2
2245,26
2246,11
2246,15
2246,16
2247,11
2247,2
2247,21
2248,11
2248,2
2248,21
2249,11
2249,2
2249,21
2250,1
2250,11
2250,2
2251,11
2251,15
2251,16
2252,11
2252,16
2252,21
2253,11
2253,22
2254,11
2254,22
2255,11
2255,2
2255,26
2256,11
2256,2
2256,15
2257,11
2257,2
2257,26
2258,11
2258,2
2258,22
2259,11
2259,2
2259,32
261,11
261,31
261,22
2260,11
2260,26
2261,11
2261,21
2261,26
2262,11
2262,10
2262,26
2263,11
2263,16
2263,21
2264,11
2264,21
2264,31
2265,11
2265,21
2265,22
2266,11
2266,2
2266,15
2267,11
2267,2
2267,15
2268,11
2268,22
2269,11
2269,21
2269,3
2270,11
2270,2
2271,11
2271,16
2271,21
2272,11
2272,2
2272,26
2273,11
2273,2
2273,26
2274,11
2274,2
2274,10
2275,11
2275,15
2275,16
2276,11
2276,2
2276,22
2277,11
2277,2
2277,26
2278,11
2278,16
2278,21
2279,11
2279,26
2279,22
2280,11
2280,2
2280,15
2281,11
2281,2
2281,32
2282,11
2282,2
2282,22
2283,11
2283,21
2283,7
2284,11
2284,15
2284,16
2285,11
2285,16
2285,21
2286,11
2286,16
2286,21
2287,11
2287,16
2287,22
2288,11
2288,6
2288,21
2289,11
2289,2
2289,26
2290,11
2290,2
2290,21
2291,11
2291,16
2291,26
2292,1
2292,11
2292,2
2293,11
2293,2
2293,15
2294,11
2294,6
2294,21
2295,11
2295,6
2295,21
2296,11
2296,15
2296,16
2297,11
2297,2
2297,32
2298,11
2298,6
2298,21
2299,11
2299,2
2299,26
2300,11
2300,2
2300,26
2301,11
2301,15
2301,16
2302,11
2302,26
2302,22
2303,11
2303,2
2303,32
2304,11
2304,21
2304,22
2305,11
2305,2
2305,22
2306,11
2306,26
2307,11
2307,16
2307,21
2308,11
2308,21
2308,30
2309,11
2309,21
2310,11
2310,15
2310,10
2311,11
2311,2
2311,32
2312,11
2312,2
2312,31
2313,11
2313,21
2313,22
2314,11
2314,2
2314,15
2315,11
2315,15
2315,16
2316,11
2316,16
2316,21
2317,11
2317,2
2317,3
2318,11
2318,2
2318,22
2319,11
2319,31
2319,26
2320,11
2320,15
2321,11
2321,2
2321,26
2322,11
2322,2
2322,26
2323,11
2323,21
2323,7
2324,11
2324,16
2324,21
2325,11
2325,16
2325,22
2326,11
2326,2
2326,21
2327,11
2327,2
2327,26
2328,11
2328,2
2328,22
2329,11
2329,2
2329,21
2330,11
2330,31
2330,22
2331,11
2331,26
2332,11
2332,15
2332,32
2333,11
2333,2
2333,32
2334,11
2334,31
2334,26
2335,11
2335,31
2335,26
2336,11
2336,21
2337,11
2337,21
2337,27
2338,11
2338,2
2338,21
2339,11
2339,2
2339,15
2340,11
2340,15
2341,1
2341,11
2341,2
2342,1
2342,11
2342,2
2343,11
2343,2
2343,26
2344,11
2344,2
2344,15
2345,11
2345,16
2345,22
2346,11
2346,2
2346,15
2347,11
2347,16
2347,22
2348,11
2348,2
2348,15
2349,11
2349,2
2349,21
2350,11
2350,6
2350,21
2351,11
2351,2
2351,21
2352,11
2352,2
2352,32
2353,11
2353,21
2354,11
2354,16
2354,22
2355,11
2355,2
2355,15
2356,11
2356,26
2356,22
2357,1
2357,11
2357,2
2358,11
2358,31
2358,26
2359,11
2359,2
2359,26
2360,11
2360,16
2360,22
2361,11
2361,2
2361,26
2362,11
2362,2
2362,32
2363,11
2363,26
2363,22
2364,11
2364,2
2364,32
2365,11
2365,2
2365,26
2366,11
2366,15
2366,16
2367,1
2367,11
2367,2
2368,11
2368,2
2368,32
2369,11
2369,15
2369,16
2370,11
2370,16
2370,31
2371,11
2371,2
2371,6
2372,11
2372,2
2372,22
2373,11
2373,31
2373,26
2374,11
2374,16
2374,21
2375,11
2375,2
2375,32
2376,11
2376,31
2376,26
2377,11
2377,2
2378,11
2378,2
2378,26
1920,2
1920,32
2379,11
2379,2
2379,32
2380,1
2380,11
2380,2
2381,11
2381,21
2381,7
2382,11
2382,21
2382,32
2383,11
2383,2
2383,15
2384,11
2384,2
2384,16
2385,11
2385,16
2385,21
2386,11
2386,2
2386,26
2387,11
2387,26
2387,22
2388,11
2388,26
2389,11
2389,32
2389,31
2390,11
2390,2
2390,32
2391,11
2391,2
2391,26
2392,11
2392,21
2392,10
2393,11
2393,15
2393,16
2394,11
2394,2
2394,15
2395,11
2395,15
2395,32
2396,11
2396,2
2396,26
2397,11
2397,10
2397,26
2398,11
2398,21
2398,31
2399,11
2399,2
2399,26
2400,1
2400,11
2400,2
2401,11
2401,2
2401,32
2402,11
2402,2
2402,21
2403,11
2403,22
2404,11
2404,15
2404,21
2405,11
2405,2
2405,15
2406,11
2406,31
2406,22
2407,11
2407,16
2407,21
2408,11
2408,26
2408,22
2409,11
2409,2
2409,15
2410,11
2410,2
2410,26
2411,11
2411,15
2411,16
2412,11
2412,16
2412,21
2413,11
2413,22
2414,11
2414,2
2414,15
2415,11
2415,2
2415,32
2416,11
2416,21
2416,26
2417,11
2417,22
2418,11
2418,15
2418,16
2419,11
2419,16
2419,32
2420,11
2420,16
2420,21
2421,11
2421,16
2421,21
2422,11
2422,24
2422,22
2423,1
2423,11
2423,21
2424,1
2424,11
2424,2
2425,11
2425,32
2425,31
2426,11
2426,16
2426,21
2427,11
2427,16
2427,21
2428,11
2428,6
2428,21
2429,11
2429,16
2429,22
2430,11
2430,2
2430,15
2431,11
2431,2
2431,15
2432,11
2432,15
2432,32
2433,11
2433,2
2433,26
2434,11
2434,2
2434,16
2435,1
2435,11
2435,2
2436,11
2436,16
2436,22
2437,11
2437,2
2437,22
2438,11
2438,22
2439,11
2439,22
2440,11
2440,2
2440,15
2441,11
2441,2
2441,26
2442,11
2442,2
2442,26
2443,11
2443,2
2443,32
2444,11
2444,2
2444,24
2445,11
2445,15
2445,29
2446,11
2446,6
2446,16
2447,11
2447,22
2448,1
2448,11
2448,2
2449,11
2449,21
2449,22
2450,11
2450,2
2450,26
2451,11
2451,16
2451,21
2452,11
2452,21
2452,32
2453,11
2453,2
2453,16
2454,1
2454,11
2454,2
2455,11
2455,2
2455,15
2456,11
2456,2
2456,32
2457,11
2457,2
2457,22
2458,11
2458,2
2458,26
2459,11
2459,21
2459,22
2460,11
2460,26
2461,11
2461,21
2461,26
2462,11
2462,2
2462,16
2463,11
2463,15
2463,16
2464,11
2464,16
2464,21
2465,11
2465,6
2465,21
2466,11
2466,16
2466,21
2125,2
2467,11
2467,21
2468,11
2468,21
2468,32
2469,11
2469,31
2469,26
2470,11
2470,15
2470,16
2471,11
2471,31
2472,11
2472,2
2472,22
2473,11
2473,2
2473,32
2474,11
2474,2
2474,26
2475,11
2475,16
2475,22
2476,11
2476,6
2476,21
2477,11
2477,2
2477,26
2478,11
2478,2
2478,31
2479,11
2479,22
2480,11
2480,15
2480,16
2481,11
2481,2
2481,32
2482,11
2482,2
2482,21
2483,11
2483,2
2483,26
2484,1
2484,11
2484,2
2485,11
2485,2
2485,26
2486,11
2486,2
2486,32
2487,11
2487,2
2487,21
2488,11
2488,21
2488,7
2489,11
2490,11
2490,2
2490,15
2491,11
2491,22
2492,11
2492,21
2493,11
2493,16
2493,32
2494,11
2494,2
2494,26
2495,11
2495,2
2495,22
2496,11
2496,2
2496,26
2497,11
2497,2
2497,16
2498,11
2498,2
2498,15
2499,11
2499,2
2499,26
2500,11
2500,21
2500,26
2501,11
2501,16
2501,21
2502,11
2502,6
2502,21
2503,11
2503,2
2503,22
2504,11
2504,22
2505,11
2505,2
2505,32
2506,11
2506,26
2506,22
2507,11
2507,16
2507,31
2508,11
2508,2
2508,26
2509,11
2509,2
2509,26
2510,11
2510,2
2510,26
2335,2
2335,32
2511,11
2511,16
2511,21
2512,11
2512,2
2512,22
2513,11
2513,21
2513,22
2514,11
2514,2
2514,32
2515,1
2515,11
2515,2
2516,11
2516,2
2516,15
2517,11
2517,16
2517,22
2518,11
2518,2
2518,22
2519,11
2519,21
2519,26
2520,11
2520,21
2520,7
2521,11
2521,6
2521,21
2522,11
2522,2
2522,32
2523,11
2523,2
2523,15
2524,11
2524,15
2524,16
2525,11
2525,2
2525,26
2526,11
2526,26
2527,1
2527,11
2527,2
2528,1
2528,11
2528,15
2529,11
2529,21
2529,7
2530,11
2530,2
2530,32
2531,11
2531,2
2531,26
2532,11
2532,2
2532,15
2533,11
2533,26
2533,22
2534,11
2534,2
2534,26
2535,11
2535,31
2535,10
2536,11
2536,2
2536,22
2537,11
2537,31
2537,26
2538,1
2538,11
2538,2
2539,11
2539,15
2539,21
2540,11
2540,2
2540,15
2541,11
2541,2
2541,21
2542,11
2542,2
2542,32
2543,11
2543,16
2543,22
2544,11
2544,16
2544,21
2545,11
2545,2
2545,26
2546,11
2547,11
2547,22
2548,11
2548,22
2549,11
2549,2
2549,26
2550,11
2550,26
2551,11
2551,26
2552,11
2552,2
2552,29
2553,11
2553,15
2553,31
2554,11
2554,15
2554,16
2555,11
2555,21
2555,22
2556,11
2556,10
2556,22
2557,11
2557,2
2557,15
2558,11
2558,21
2558,7
2559,11
2559,22
2559,19
2560,11
2560,22
2561,11
2561,16
2561,21
2562,11
2562,2
2562,32
2563,11
2563,2
2563,22
2564,11
2564,2
2564,26
2565,11
2565,2
2565,21
2566,11
2566,16
2566,22
2567,11
2567,2
2567,16
2568,11
2568,6
2568,16
2569,11
2569,2
2569,24
2570,11
2570,2
2570,32
2571,11
2571,16
2571,21
2572,11
2572,2
2572,15
2573,11
2573,2
2573,26
2574,11
2574,2
2574,21
2575,11
2575,15
2576,11
2576,2
2576,21
2577,11
2577,16
2577,26
2578,11
2578,16
2578,21
2579,1
2579,11
2579,15
2580,11
2580,2
2580,10
2581,11
2581,15
2581,31
2582,11
2582,2
2582,32
2583,11
2583,15
2583,31
2584,11
2584,16
2584,21
2585,11
2585,2
2585,22
2586,11
2586,32
2586,22
2587,11
2587,21
2587,24
2588,11
2588,2
2588,21
2589,11
2589,2
2589,26
2590,11
2590,21
2590,19
2591,11
2591,16
2591,22
2592,11
2592,16
2592,10
2593,11
2593,16
2593,22
2594,11
2594,2
2594,26
2595,11
2595,16
2595,26
2596,11
2596,31
2596,26
2597,11
2597,6
2597,16
2598,11
2598,16
2598,22
2599,11
2599,2
2599,26
2600,11
2600,2
2600,10
2601,11
2601,2
2601,26
2602,1
2602,11
2602,2
2603,11
2603,2
2603,32
2604,11
2604,21
2604,22
2605,11
2605,2
2605,32
2606,11
2606,2
2606,29
2607,11
2607,21
2607,22
2608,11
2608,2
2608,26
2609,11
2609,15
2609,21
2610,11
2610,19
2611,11
2611,10
2611,22
2612,11
2612,15
2612,16
2613,11
2613,16
2613,22
2614,11
2614,2
2614,22
2615,11
2615,15
2615,32
2616,11
2616,10
2616,22
2617,11
2617,21
2617,26
2618,11
2618,16
2618,21
2619,11
2619,2
2619,15
2620,11
2620,26
2620,22
2621,11
2621,3
2622,11
2622,2
2622,26
2623,11
2623,2
2623,26
2624,11
2624,22
2625,11
2625,26
2626,11
2626,16
2626,21
2627,11
2627,2
2627,15
2628,11
2628,2
2628,22
2629,11
2629,10
2629,22
2630,11
2630,2
2630,29
2631,11
2631,2
2631,29
2632,11
2632,15
2632,16
2633,11
2633,16
2634,11
2634,2
2634,10
2635,11
2635,2
2635,21
2636,11
2636,21
2636,26
2637,11
2637,2
2637,26
2638,11
2638,2
2638,32
2639,11
2639,2
2639,22
2640,11
2640,15
2640,16
2641,11
2641,2
2641,32
2642,11
2642,2
2642,26
2643,11
2643,22
2644,11
2644,21
2644,22
2645,11
2645,16
2645,22
2646,11
2646,16
2646,22
2582,15
2647,1
2647,11
2647,2
2360,15
2648,11
2648,16
2648,21
2649,11
2649,21
2649,31
2650,11
2650,22
2651,11
2651,16
2651,21
2652,11
2652,22
2653,11
2653,2
2653,6
2654,11
2654,16
2654,21
2655,11
2655,2
2655,21
2656,11
2656,2
2656,21
2657,11
2657,15
2657,30
2658,11
2658,2
2658,22
2659,11
2659,21
2659,7
2660,11
2660,31
2660,26
2661,11
2661,2
2661,26
2662,11
2662,2
2662,21
2663,11
2663,2
2663,26
2664,11
2664,2
2664,22
2665,11
2665,15
2665,24
2666,1
2666,11
2666,2
2667,11
2667,16
2667,22
2668,11
2668,15
2669,11
2669,2
2669,15
2670,11
2670,2
2670,22
2671,1
2671,11
2671,2
2672,11
2672,15
2672,16
2673,11
2673,10
2673,22
2674,11
2674,2
2674,21
2675,11
2675,2
2675,32
2676,11
2676,21
2676,32
2677,11
2677,16
2677,24
2678,1
2678,11
2678,2
2679,11
2679,2
2679,22
2680,11
2680,15
2680,32
2681,11
2681,26
2681,22
2682,11
2682,2
2682,32
2683,11
2683,2
2683,15
2684,11
2684,2
2684,15
2685,11
2685,21
2686,11
2686,15
2686,16
2687,11
2687,10
2687,26
2688,11
2688,2
2688,31
2689,11
2689,2
2689,15
2690,11
2690,2
2690,26
2691,11
2691,2
2691,15
2692,11
2692,16
2692,21
2693,11
2693,2
2693,10
2694,11
2694,22
2695,11
2695,21
2696,11
2696,22
2697,11
2697,22
2698,11
2698,2
2698,29
2699,11
2699,16
2699,21
2700,11
2700,2
2700,21
2701,11
2701,16
2701,21
2702,11
2702,2
2702,21
2703,11
2703,2
2703,32
2704,11
2704,2
2704,29
2705,11
2705,16
2705,22
2706,11
2706,2
2706,21
2707,11
2707,21
2707,32
2708,11
2708,2
2708,32
2709,11
2709,32
2709,31
2710,11
2710,21
2710,19
2711,11
2711,16
2711,21
2483,32
2712,11
2712,15
2712,16
2713,11
2713,2
2713,26
2714,11
2714,15
2714,16
2715,11
2715,21
2715,22
2716,11
2716,2
2716,31
2717,11
2717,16
2717,26
2718,11
2718,2
2718,26
2719,11
2719,2
2719,15
2720,11
2720,16
2720,22
2721,11
2721,15
2721,26
2722,11
2723,11
2723,32
2723,22
2724,11
2724,31
2724,10
2725,11
2725,2
2725,15
2726,11
2726,21
2726,30
2727,11
2727,22
2728,11
2728,2
2728,32
2729,11
2729,16
2729,21
2730,11
2730,2
2730,10
2731,11
2731,15
2732,1
2732,11
2732,2
2733,11
2733,21
2733,22
2734,11
2734,2
2734,22
2735,11
2735,2
2735,26
2736,11
2736,22
2737,11
2737,21
2737,31
2738,11
2738,22
2739,11
2739,22
2740,11
2740,21
2740,30
2741,11
2741,16
2741,22
2742,11
2742,16
2742,26
2743,11
2743,32
2743,31
2744,11
2744,2
2744,15
2745,11
2745,2
2745,22
2746,11
2746,31
2746,22
2747,11
2747,2
2747,21
2748,11
2748,21
2748,31
2749,11
2749,2
2749,26
2750,11
2750,22
2751,11
2751,16
2752,11
2752,15
2752,32
2753,11
2753,2
2754,1
2754,11
2754,2
2755,11
2755,15
2755,16
2756,11
2756,31
2756,26
2757,11
2757,16
2757,21
2758,11
2758,21
2758,10
2759,11
2759,2
2759,26
2760,11
2760,2
2760,31
1532,11
1532,21
1532,26
2761,11
2761,31
2761,26
2762,11
2762,22
2763,11
2763,22
2764,11
2764,2
2764,15
2765,11
2765,16
2765,22
2766,11
2766,16
2766,21
2767,11
2767,2
2767,15
2571,1
2768,11
2768,2
2768,22
2769,11
2769,16
2769,22
2770,11
2770,22
2771,11
2771,2
2771,31
2772,11
2772,21
2772,31
2773,11
2773,21
2773,24
2774,11
2774,10
2774,22
2775,11
2775,16
2775,22
2776,11
2776,2
2776,22
2777,11
2777,2
2777,21
2778,11
2778,2
2778,21
2779,1
2779,11
2779,2
2780,11
2780,2
2780,15
2781,11
2781,22
2782,11
2782,31
2782,10
2783,11
2783,2
2783,22
2784,11
2784,2
2784,15
2246,29
2785,11
2785,22
2786,11
2786,16
2786,22
2787,11
2787,15
2787,16
2788,11
2788,16
2788,22
2789,11
2789,2
2789,6
2790,11
2790,22
2791,11
2791,2
2791,26
2792,11
2792,6
2792,16
2793,11
2793,15
2793,16
2794,11
2794,10
2794,22
2795,11
2795,2
2795,21
2796,11
2796,2
2796,15
2797,11
2797,2
2797,26
2798,11
2798,22
2799,11
2799,31
2799,26
2800,11
2800,2
2800,21
2801,11
2801,31
2801,26
2802,11
2802,2
2802,21
2803,11
2803,2
2803,15
2804,11
2804,16
2804,21
2805,11
2805,2
2805,10
2806,11
2806,16
2806,22
2807,11
2807,2
2807,22
2808,11
2808,16
2808,21
2809,11
2809,15
2810,11
2810,2
2810,16
2811,11
2811,22
2812,11
2812,2
2812,7
2813,11
2813,15
2813,21
2814,11
2814,6
2814,21
2815,11
2815,21
2815,22
2816,11
2816,15
2816,26
2817,11
2817,31
2817,26
2818,11
2818,16
2818,31
2819,11
2819,26
2819,22
2820,11
2820,2
2820,6
2821,11
2821,2
2821,15
2822,11
2822,16
2822,21
2823,11
2823,2
2823,15
2824,11
2824,22
2825,11
2825,21
2825,30
2826,11
2826,21
2826,22
2827,11
2827,16
2827,21
2258,16
2828,11
2828,2
2828,22
2829,11
2829,2
2829,21
2830,11
2830,16
2830,21
2831,11
2831,21
2831,26
2832,11
2832,15
2832,16
2833,11
2833,15
2833,26
2834,11
2834,2
2834,26
2835,11
2835,2
2835,15
2836,11
2836,6
2836,21
2837,11
2837,21
2837,7
2838,11
2838,2
2838,22
2839,11
2839,16
2839,22
2840,11
2840,2
2840,22
2841,11
2841,16
2841,21
2570,29
2842,11
2842,21
2842,19
2843,11
2843,16
2843,21
2844,11
2844,22
2845,11
2845,16
2845,21
2846,11
2846,2
2846,22
2847,11
2847,16
2847,22
2848,11
2848,2
2848,26
2849,11
2849,15
2849,32
2850,1
2850,11
2850,2
2851,11
2851,16
2851,21
2852,1
2852,11
2852,2
2853,11
2853,2
2853,15
2854,11
2854,22
2855,11
2855,2
2855,7
2856,11
2856,32
2856,26
2857,11
2857,2
2857,21
2858,11
2858,2
2858,22
2859,11
2859,21
2859,3
2860,11
2860,2
2860,15
2861,11
2861,21
2861,10
2862,11
2862,15
2862,16
2863,11
2863,16
2863,22
2864,11
2864,10
2864,22
2865,11
2865,15
2866,11
2866,26
2866,22
2867,11
2867,22
2868,11
2868,22
2869,11
2869,2
2869,15
2870,11
2870,21
2870,10
2871,11
2871,16
2871,21
2872,11
2872,16
2872,21
2873,11
2873,22
2874,11
2874,2
2874,19
2875,11
2875,2
2875,26
2876,11
2876,6
2876,21
2877,11
2877,22
2878,11
2878,16
2878,22
2879,11
2879,16
2879,21
2880,11
2880,2
2880,21
2881,11
2881,16
2881,22
2882,11
2882,16
2882,21
2883,11
2883,16
2883,21
2884,11
2884,2
2884,32
2885,11
2885,15
2885,16
2886,1
2886,11
2886,2
2887,11
2887,21
2888,11
2888,16
2888,21
2889,11
2889,15
2889,16
2890,1
2890,11
2890,2
2891,11
2891,2
2891,26
2892,11
2892,29
2892,30
2893,11
2893,15
2893,26
2894,11
2894,15
2894,16
2895,11
2895,2
2895,32
2896,11
2896,2
2896,22
2897,11
2897,2
2897,21
2898,11
2898,16
2898,21
2899,11
2899,15
2899,16
2900,11
2900,16
2900,21
2901,1
2901,11
2901,2
2902,11
2902,2
2902,16
2903,11
2903,2
2903,21
2904,11
2904,2
2904,15
2905,11
2905,16
2905,22
1717,11
1717,2
1717,31
2906,11
2906,26
2907,11
2907,16
2907,22
2908,11
2908,2
2908,21
2909,11
2909,16
2909,21
2910,11
2910,21
2910,7
2911,11
2911,22
2912,11
2912,2
2912,21
2913,11
2913,21
2913,31
2914,11
2914,2
2914,32
2915,11
2915,16
2915,22
2916,11
2916,16
2916,21
2917,11
2917,15
2917,16
2918,11
2918,2
2918,26
2919,11
2919,16
2919,22
2920,11
2920,15
2920,16
2921,11
2921,16
2921,22
2922,11
2922,2
2922,29
2923,11
2923,15
2923,24
2924,11
2924,15
2924,31
2925,11
2925,16
2925,21
2926,11
2926,16
2926,22
2927,11
2927,2
2927,26
2928,11
2928,21
2928,29
2929,11
2929,2
2929,16
2930,11
2930,2
2930,15
2931,11
2931,31
2931,22
2932,11
2932,16
2932,21
2933,11
2933,15
2933,32
2934,11
2934,2
2934,15
2935,11
2935,31
2935,26
2936,11
2936,15
2936,21
2937,11
2937,15
2937,16
2938,11
2938,31
2939,11
2939,16
2939,21
2940,11
2940,2
2940,22
2941,11
2941,16
2941,21
2942,11
2942,2
2942,32
2943,11
2943,16
2943,29
2944,11
2944,26
2944,22
2945,11
2945,2
2945,16
2946,11
2946,16
2947,1
2947,11
2947,2
2948,11
2948,15
2948,16
2949,11
2949,21
2949,10
2950,11
2950,2
2950,16
2951,11
2951,2
2951,22
2952,11
2952,2
2952,32
2953,11
2953,2
2953,26
2954,11
2954,2
2954,21
2955,11
2955,2
2955,32
2956,11
2956,2
2956,15
2957,11
2957,15
2957,16
2958,11
2958,16
2958,22
2959,11
2959,21
2959,22
2960,11
2960,2
2960,24
2961,11
2961,2
2961,32
2962,11
2962,2
2962,21
2963,11
2963,2
2963,21
2964,11
2964,2
2964,3
2965,11
2965,2
2965,21
2966,11
2966,2
2966,3
2967,11
2967,21
2967,22
2968,11
2968,2
2968,15
2969,11
2969,2
2969,21
2970,11
2970,2
2970,32
2971,11
2971,2
2971,21
2972,11
2972,6
2972,21
2973,11
2973,15
2973,16
2974,11
2974,2
2974,32
2975,11
2975,15
2975,30
2976,11
2976,16
2976,21
2977,11
2977,15
2977,16
2978,11
2978,16
2978,10
2979,11
2979,21
2979,22
2980,1
2980,11
2980,2
2981,11
2981,22
2982,11
2982,2
2982,15
2983,11
2983,21
2983,22
2984,11
2984,2
2984,15
2985,11
2985,16
2985,21
2986,11
2986,2
2987,11
2987,2
2987,32
2549,22
2988,11
2988,2
2988,26
2989,11
2989,16
2989,22
2990,11
2990,21
2990,31
2991,11
2991,2
2991,29
2992,11
2992,2
2992,32
2993,11
2993,16
2993,21
2994,11
2994,22
2995,11
2995,31
2995,19
2996,11
2996,32
2996,31
2997,11
2997,15
2997,24
2998,11
2998,16
2998,21
2999,11
2999,2
2999,21
3000,11
3000,15
3000,16
3001,11
3001,22
3002,1
3002,11
3002,2
3003,11
3003,2
3003,16
3004,11
3004,26
3004,22
3005,11
3005,2
3005,21
3006,11
3006,15
3006,21
3007,11
3007,2
3007,21
3008,11
3008,31
3008,22
3009,11
3009,2
3009,15
3010,11
3010,2
3010,15
3011,11
3011,2
3011,26
3012,11
3012,21
3012,32
3013,11
3013,2
3013,21
3014,11
3014,2
3014,32
3015,11
3015,2
3015,21
3016,11
3016,2
3016,15
3017,11
3017,2
3017,15
3018,11
3018,2
3018,32
3019,11
3019,16
3019,21
3020,11
3020,2
3020,31
3021,11
3021,2
3021,29
3022,11
3022,32
3022,22
3023,11
3023,2
3023,26
3024,11
3024,2
3024,26
3025,11
3025,16
3025,21
3026,11
3026,26
3027,11
3027,2
3027,15
3028,11
3028,10
3028,22
3029,11
3029,22
3030,11
3030,2
3030,15
3031,11
3031,2
3031,16
3032,11
3032,16
3032,22
3033,11
3033,22
3034,11
3034,2
3034,22
3035,11
3035,2
3035,16
3036,11
3036,2
3036,29
3037,11
3037,2
3037,15
3038,11
3038,16
3038,22
3039,11
3039,21
3039,22
3040,11
3040,2
3040,21
3041,11
3041,21
3041,22
3042,11
3042,15
3042,24
3043,11
3043,2
3043,21
3044,11
3044,16
3044,21
3045,11
3045,2
3045,15
3046,11
3046,2
3046,21
3047,11
3047,3
3048,11
3048,22
3049,11
3049,2
3049,26
3050,11
3050,22
3051,11
3051,2
3051,32
3052,11
3052,21
3052,30
3053,11
3053,16
3053,21
3054,11
3054,16
3054,21
3055,11
3055,15
3055,16
3056,11
3056,21
3056,22
3057,11
3057,2
3057,31
3058,11
3058,16
3058,21
3059,11
3060,11
3060,16
3060,21
3061,11
3061,21
3061,7
3062,11
3062,21
3062,22
3063,11
3063,2
3063,15
3064,11
3064,2
3064,26
3065,11
3065,15
3065,16
3066,11
3066,16
3066,31
3067,11
3067,21
3067,7
3068,11
3068,31
3068,26
3069,11
3069,15
3069,16
3070,11
3070,2
3070,15
3071,11
3071,15
3071,31
3072,11
3072,2
3072,26
3073,11
3073,2
3073,15
3074,11
3074,26
3074,22
3075,11
3075,2
3075,32
3076,11
3076,16
3076,22
3077,11
3077,15
3077,31
3078,11
3078,16
3078,22
3079,11
3079,22
3080,11
3080,2
3080,7
3081,11
3081,16
3081,22
3082,11
3082,15
3082,16
3083,11
3083,2
3083,26
3084,11
3084,22
3085,11
3085,31
3085,26
3086,11
3086,2
3086,15
3087,11
3087,26
2867,21
3088,11
3088,16
3088,21
3089,11
3089,2
3089,29
3090,11
3090,16
3090,22
3091,11
3091,31
3091,24
3092,11
3092,2
3092,15
3093,11
3093,32
3093,22
3094,11
3094,10
3094,22
3095,11
3095,15
3096,11
3096,2
3096,10
3097,11
3097,26
3097,30
3098,11
3098,31
3098,26
3099,11
3099,16
3099,22
3100,11
3100,2
3100,16
3101,11
3101,31
3101,26
3102,11
3102,21
3102,31
3103,11
3103,15
3103,16
3104,11
3104,15
3104,31
3105,11
3105,15
3106,11
3106,16
3106,21
3107,11
3107,21
3107,22
3108,11
3108,16
3108,21
3109,11
3109,15
3109,16
3110,11
3110,6
3110,22
3111,11
3111,2
3111,15
3112,11
3112,2
3112,32
3113,11
3113,21
3113,26
3114,11
3114,31
3114,26
3115,11
3115,26
3115,22
3116,11
3116,16
3116,21
3117,11
3117,31
3117,26
3118,11
3118,16
3118,22
3119,11
3119,2
3119,26
3120,11
3120,16
3120,22
3121,11
3121,31
3121,26
3122,11
3122,21
3122,19
3123,11
3123,2
3123,15
3124,1
3124,11
3124,2
3125,11
3125,21
3125,22
3126,11
3126,2
3126,21
3127,11
3127,21
3127,22
3128,11
3128,2
3128,16
3129,11
3129,16
3129,22
3130,11
3130,22
3131,11
3131,10
3131,26
3132,11
3132,2
3132,26
3133,11
3133,15
3133,19
3134,11
3134,32
3134,31
3135,11
3135,2
3135,15
3136,11
3136,16
3136,22
3137,11
3137,2
3137,22
3138,11
3138,2
3138,26
3139,11
3139,2
3139,15
3140,11
3140,22
3140,3
3141,11
3141,2
3141,22
3142,11
3142,6
3142,21
3143,11
3143,2
3143,26
3144,11
3144,16
3144,21
3145,11
3145,16
3145,22
3146,11
3146,2
3146,15
3147,11
3147,21
3147,7
3148,11
3148,31
3148,26
3149,11
3149,2
3149,16
3150,11
3150,15
3151,11
3151,2
3151,15
3152,11
3152,16
3152,22
3153,11
3153,6
3153,21
3154,11
3154,16
3154,22
3155,11
3155,22
3156,11
3156,16
3156,22
3157,11
3157,16
3157,21
3158,11
3158,21
3158,26
3159,11
3159,32
3159,31
3160,11
3160,15
3160,16
3161,11
3161,2
3161,22
3162,11
3162,19
3163,11
3163,15
3163,16
3164,1
3164,11
3164,2
3165,11
3165,2
3165,32
3166,11
3166,6
3166,21
3167,11
3167,16
3167,22
3168,11
3168,2
3168,26
3169,11
3169,22
3170,11
3170,2
3170,26
3171,11
3171,16
3171,21
3172,11
3172,15
3173,11
3173,2
3173,24
3174,11
3174,16
3174,21
3175,11
3175,16
3175,21
3176,11
3176,16
3176,21
3177,11
3177,15
3177,16
3178,11
3178,16
3178,21
3179,1
3179,11
3179,2
3180,11
3180,2
3180,32
3181,11
3181,32
3181,31
3182,11
3182,16
3182,22
3183,11
3183,2
3183,21
3184,11
3184,2
3184,21
3185,11
3185,16
3185,21
3186,11
3186,16
3186,21
3187,11
3187,15
3187,26
3188,11
3188,16
3188,26
3189,1
3189,11
3189,2
3190,11
3190,21
3191,1
3191,11
3191,2
3192,11
3192,31
3192,26
3193,11
3193,2
3193,15
3194,11
3194,2
3194,21
3195,11
3195,16
3195,21
3196,11
3196,16
3196,21
3197,11
3197,2
3197,21
3198,11
3198,2
3198,26
3199,11
3199,16
3199,21
3200,11
3200,2
3200,26
3201,11
3201,22
3202,11
3202,21
3202,7
3203,11
3203,24
3204,11
3204,2
3204,24
3205,11
3205,22
3206,11
3206,31
3206,26
3207,11
3207,15
3208,11
3208,2
3208,26
3209,11
3209,16
3209,26
3210,11
3210,3
3211,11
3211,32
3211,31
3212,11
3212,15
3212,31
3213,11
3213,16
3213,22
3214,1
3214,11
3214,2
3215,11
3215,16
3215,22
3216,11
3216,21
3216,24
3217,11
3217,15
3217,31
3218,11
3218,15
3219,1
3219,11
3219,32
3220,11
3220,2
3220,26
3221,11
3221,15
3221,21
3222,11
3222,15
3222,16
3223,11
3223,16
3223,22
3224,11
3224,15
3224,16
3225,11
3225,31
3225,26
3226,11
3226,2
3226,15
3223,15
3227,1
3227,11
3227,32
3228,11
3228,16
3228,21
3229,11
3229,16
3229,21
3230,11
3230,6
3230,21
3231,1
3231,11
3231,2
3232,11
3232,2
3232,15
3233,1
3233,11
3233,2
3234,11
3234,15
3234,16
3235,11
3235,2
3235,26
3236,11
3236,2
3236,22
3237,11
3237,21
3237,22
3238,11
3238,22
3239,11
3239,2
3239,15
3240,11
3240,10
3240,22
3241,11
3241,15
3242,11
3242,16
3242,21
3243,11
3243,22
3244,11
3244,2
3244,7
3245,11
3245,2
3245,26
3246,11
3246,16
3246,32
3247,11
3247,30
3247,22
3248,11
3248,2
3248,10
3249,11
3249,32
3249,31
3250,1
3250,11
3250,2
3251,11
3251,31
3251,22
3252,11
3252,21
3252,22
3253,11
3253,22
3254,11
3254,15
3254,16
3255,1
3255,11
3255,21
3256,11
3256,16
3256,22
3257,11
3257,2
3257,26
3258,11
3258,2
3258,22
3259,11
3259,16
3259,22
3260,11
3260,2
3260,21
3261,11
3261,26
3261,22
3262,11
3262,22
3263,11
3263,16
3263,21
3264,11
3264,15
3264,21
3265,11
3265,15
3265,31
3266,11
3266,2
3266,15
3267,11
3267,15
3267,16
3268,11
3268,2
3268,15
3269,11
3269,16
3269,22
3270,11
3270,2
3270,21
3271,11
3271,2
3271,15
3272,11
3272,2
3272,15
3273,11
3273,15
3273,16
3274,11
3274,10
3274,22
3275,11
3275,2
3275,22
3276,11
3276,2
3276,21
3277,11
3277,31
3277,26
3278,11
3278,21
3278,7
3279,11
3279,10
3279,22
3280,11
3280,2
3280,19
3281,11
3281,15
3281,16
3282,11
3282,2
3282,21
3283,1
3283,11
3283,2
3284,11
3284,15
3284,16
3285,11
3285,16
3285,21
3286,11
3286,16
3286,21
3287,11
3287,16
3288,11
3288,32
3288,22
3289,11
3289,2
3289,32
3290,11
3290,15
3291,11
3291,2
3291,26
3292,11
3292,2
3292,26
3293,11
3293,16
3294,11
3294,16
3294,21
3295,11
3295,2
3295,15
3296,11
3296,16
3296,22
3297,1
3297,11
3297,2
3298,11
3298,16
3298,22
3299,11
3299,16
3299,22
3300,11
3300,2
3300,24
3301,11
3301,22
3301,19
3302,11
3302,2
3302,15
3303,11
3303,2
3303,32
3304,11
3304,21
3304,26
3305,11
3305,2
3305,15
3306,11
3306,16
3306,22
3307,11
3307,2
3307,21
3308,11
3308,15
3309,11
3309,16
3309,21
3310,11
3310,2
3310,15
3311,1
3311,11
3311,2
3312,11
3312,26
3312,22
3313,11
3313,2
3313,32
3314,11
3314,16
3314,10
3315,11
3315,21
3315,30
3316,11
3316,21
3316,22
3317,11
3317,15
3317,16
3318,11
3318,16
3318,21
3319,11
3319,2
3319,15
3320,11
3320,16
3320,21
3321,11
3321,21
3321,22
3322,11
3322,21
3322,22
3323,11
3323,16
3323,21
3324,11
3324,16
3324,21
3325,11
3325,16
3325,21
3326,11
3326,16
3326,22
3327,11
3327,2
3327,7
3328,11
3328,16
3328,22
3329,11
3329,16
3329,22
3330,11
3330,15
3330,32
3331,11
3331,16
3331,22
3332,1
3332,11
3332,2
3333,11
3333,15
3333,16
3334,11
3334,15
3334,16
3335,11
3335,15
3335,16
3336,11
3336,22
3337,11
3337,21
3337,22
3338,11
3338,26
3338,22
3339,11
3339,6
3339,16
3340,11
3340,16
3340,32
3341,11
3341,2
3341,32
3342,11
3342,2
3342,7
3343,11
3343,2
3343,32
3344,11
3344,16
3344,21
3345,11
3345,2
3345,32
3346,11
3346,16
3346,21
3347,11
3347,15
3347,16
3348,11
3348,15
3348,32
3349,11
3349,16
3349,21
3350,11
3350,16
3350,21
3351,11
3351,16
3351,21
3352,11
3352,16
3352,26
3353,11
3353,21
3353,22
3354,11
3354,16
3354,22
3355,11
3355,32
3355,26
3356,11
3356,16
3356,22
3357,11
3357,15
3357,29
3358,11
3358,21
3358,19
3359,11
3359,2
3359,19
3360,1
3360,11
3360,2
3361,11
3361,16
3361,21
3362,11
3362,15
3363,11
3363,22
3364,11
3364,2
3364,15
3365,11
3365,2
3365,21
3366,11
3366,2
3366,15
3367,11
3367,16
3368,11
3368,16
3368,22
3369,11
3369,21
3369,22
3370,11
3370,15
3371,11
3371,21
3371,22
3372,11
3372,16
3372,21
3373,11
3373,2
3373,26
3374,11
3374,16
3374,22
3375,11
3375,15
3375,22
3376,11
3376,16
3376,21
3377,11
3377,21
3377,19
3378,11
3378,26
3378,22
3379,11
3379,2
3379,21
3380,11
3380,15
3380,21
3381,11
3381,16
3381,21
3382,11
3382,16
3382,21
3383,11
3383,15
3383,16
3384,11
3384,32
3384,31
3385,11
3385,2
3385,15
3386,11
3386,15
3386,16
3387,11
3387,2
3387,32
3388,11
3388,21
3388,19
3389,11
3389,2
3389,32
3390,11
3390,16
3390,22
3391,11
3391,2
3391,21
3392,11
3392,6
3392,21
3393,11
3393,21
3394,11
3394,15
3394,16
3395,11
3395,16
3395,22
3396,11
3396,15
3396,16
3397,11
3397,15
3397,29
3398,11
3398,15
3398,16
3399,11
3399,2
3399,29
3400,11
3400,2
3400,32
3401,11
3401,21
3401,22
3402,11
3402,22
3403,11
3403,16
3403,22
3404,11
3404,2
3404,21
3405,11
3405,16
3405,21
3406,11
3406,24
3406,22
3407,11
3407,2
3407,31
3408,11
3408,26
3408,22
3409,11
3409,22
3410,11
3410,15
3410,24
3411,11
3411,2
3411,31
3412,11
3412,16
3412,21
3413,11
3413,16
3413,21
3414,11
3414,16
3414,22
3415,11
3415,2
3415,21
3416,11
3416,2
3416,32
3417,11
3417,21
3417,22
3418,11
3418,16
3418,26
3419,11
3419,31
3420,11
3420,16
3420,22
3421,11
3421,16
3421,22
3038,21
3422,11
3422,16
3422,21
3423,11
3423,16
3423,21
3424,11
3424,21
3424,22
3425,11
3425,21
3425,26
3426,11
3426,16
3426,10
3427,11
3427,26
3427,22
3428,11
3428,15
3428,31
3429,11
3429,16
3429,21
3430,11
3430,19
3431,11
3431,2
3431,15
3432,11
3432,2
3432,15
3433,11
3433,2
3433,22
3434,11
3434,15
3434,31
3435,11
3435,21
3435,7
3436,11
3436,2
3436,32
3437,11
3437,2
3437,15
2271,22
3438,11
3438,2
3438,10
3439,11
3439,2
3439,15
3440,11
3440,2
3440,21
3441,11
3441,2
3441,16
3442,11
3442,16
3442,22
3443,11
3443,16
3443,22
3444,11
3444,21
3444,7
3445,11
3445,15
3445,30
3446,11
3446,16
3446,22
3447,1
3447,11
3447,2
3448,11
3448,21
3448,10
3449,11
3449,16
3449,22
3450,1
3450,11
3450,2
3451,11
3451,21
3452,11
3452,16
3452,22
3453,11
3453,16
3453,22
3454,11
3454,15
3454,16
3455,11
3455,2
3455,32
3456,11
3456,21
3457,11
3457,15
3457,24
3458,11
3458,32
3458,31
3459,11
3459,22
3460,11
3460,2
3460,32
2751,6
3461,11
3461,2
3461,15
3462,11
3462,21
3462,22
3463,11
3463,21
3463,22
3464,11
3464,21
3465,11
3465,16
3465,21
3466,11
3466,21
3466,7
3467,11
3467,16
3467,21
3468,11
3468,2
3468,15
3469,11
3469,21
3469,31
3470,11
3470,32
3470,31
3471,11
3471,32
3471,31
3472,11
3472,2
3472,21
3473,11
3473,15
3473,16
3474,11
3474,2
3474,15
3475,11
3475,2
3475,10
3476,11
3476,21
3476,22
2427,15
3477,11
3477,26
3477,22
3478,11
3478,16
3478,10
3479,11
3479,16
3479,21
3480,11
3480,16
3480,10
3481,11
3481,21
3481,26
3482,11
3482,10
3482,22
3483,11
3483,2
3483,21
3484,11
3484,15
3484,16
3485,11
3485,16
3485,22
3486,11
3486,21
3486,30
3487,11
3487,21
3487,22
3488,11
3488,16
3488,21
3489,11
3489,16
3489,21
3490,11
3490,2
3490,15
3491,11
3491,16
3491,21
3492,11
3492,6
3492,16
3493,11
3493,6
3493,21
3494,11
3494,21
3494,26
3495,11
3495,15
3495,16
3496,11
3496,2
3497,11
3497,2
3497,15
3498,11
3498,2
3498,21
3499,11
3499,2
3499,29
3500,11
3500,16
3500,21
3501,11
3501,16
3501,21
3502,11
3502,2
3502,15
3503,11
3503,2
3503,15
3504,11
3504,21
3504,32
3505,11
3505,21
3505,22
3506,11
3506,16
3506,31
3507,11
3507,2
3507,32
2990,16
3508,11
3508,21
3508,19
3509,11
3509,16
3509,21
3510,11
3510,22
3511,11
3511,21
3511,22
3512,11
3512,2
3512,15
3513,11
3513,2
3513,6
3514,11
3514,2
3514,15
3515,11
3515,16
3515,22
3516,11
3516,2
3516,16
3517,11
3517,22
3518,11
3518,16
3518,22
3519,11
3519,2
3519,3
3520,11
3520,21
3520,7
3521,11
3521,24
3521,22
3522,11
3522,16
3522,21
3523,11
3523,6
3523,21
3524,11
3524,22
3525,11
3525,15
3525,16
3526,11
3526,16
3526,21
3527,11
3527,15
3527,16
3528,11
3528,16
3528,22
3529,11
3529,2
3530,11
3530,16
3530,21
3531,11
3531,15
3532,11
3532,15
3532,16
3533,11
3533,31
3533,26
3534,11
3534,2
3534,21
3535,1
3535,11
3535,2
3536,11
3536,31
3536,26
3537,11
3537,10
3537,26
3538,11
3538,16
3538,21
3539,1
3539,11
3539,2
3540,11
3540,2
3540,10
3541,11
3541,16
3541,21
3542,11
3542,2
3542,22
3543,11
3543,2
3543,21
3544,11
3544,2
3544,21
3545,11
3545,15
3545,31
2192,15
3546,11
3546,16
3546,21
3547,1
3547,11
3547,15
3548,11
3548,22
3549,11
3549,10
3549,26
3550,11
3550,16
3550,21
3551,11
3551,21
3551,22
3552,11
3552,10
3552,26
3553,11
3553,2
3553,22
3554,11
3554,22
3555,11
3555,16
3555,10
3556,11
3556,2
3556,15
3557,11
3557,2
3557,24
3558,11
3558,22
3559,11
3559,31
3559,26
3560,11
3560,22
3561,1
3561,11
3561,2
3562,11
3562,16
3562,31
3563,11
3563,16
3563,21
3564,11
3565,11
3565,7
3565,19
3566,11
3566,22
3567,11
3567,21
3567,22
3568,11
3568,16
3568,21
3569,11
3569,21
3569,19
3570,11
3570,15
3570,21
3571,11
3571,16
3571,31
3572,11
3572,31
3572,22
3573,11
3573,16
3573,21
3574,11
3574,15
3574,22
3575,11
3575,2
3575,21
3576,11
3576,2
3576,15
3577,11
3577,26
3577,22
3578,11
3578,2
3578,15
3579,1
3579,11
3579,16
3580,11
3580,16
3580,21
3581,11
3581,21
3581,7
3582,11
3582,2
3582,31
3583,11
3583,21
3583,24
3584,11
3584,15
3584,16
3585,11
3585,15
3585,16
3586,11
3586,2
3586,21
3587,11
3587,22
3588,11
3588,16
3588,21
3589,11
3589,15
3589,26
3590,11
3590,16
3591,11
3591,16
3591,21
3592,1
3592,11
3592,2
3593,11
3593,16
3593,22
3594,11
3594,16
3594,21
3595,11
3595,2
3595,32
3596,11
3596,2
3596,21
2075,2
3597,11
3597,31
3597,10
3598,11
3598,2
3598,15
3599,11
3599,6
3599,16
3600,11
3600,2
3600,16
3601,11
3601,16
3601,21
2311,1
3602,11
3602,16
3602,21
2578,22
3603,11
3603,2
3603,31
3604,11
3604,21
3604,7
3605,11
3605,2
3605,16
3606,11
3606,32
3606,31
3607,11
3607,15
3607,26
3269,2
3608,11
3608,16
3608,21
3609,11
3609,15
3609,16
3610,11
3610,15
3611,11
3611,16
3611,26
3612,11
3612,15
3612,16
3613,11
3613,15
3613,16
3614,11
3614,16
3614,22
3615,11
3615,32
3615,31
3616,11
3616,2
3616,15
3617,11
3617,2
3617,16
3618,11
3618,16
3618,26
3619,11
3619,16
3619,10
3620,1
3620,11
3620,2
3621,11
3621,2
3621,32
3622,11
3622,16
3622,22
3623,11
3623,16
3623,22
3624,11
3624,16
3624,22
3625,11
3625,2
3625,21
3626,11
3626,15
3627,11
3627,15
3627,21
3628,11
3628,15
3628,16
3629,11
3629,15
3629,16
3630,11
3630,2
3630,15
3631,11
3631,2
3631,31
3632,11
3632,15
3632,22
3633,11
3633,16
3633,21
3634,11
3634,15
3634,31
3635,11
3635,2
3635,15
3636,11
3636,2
3636,32
3637,11
3637,15
3637,16
3638,11
3638,2
3638,7
3639,11
3639,21
3639,24
3640,11
3640,22
3641,11
3641,2
3641,6
3642,11
3642,16
3642,21
3643,11
3643,15
3643,16
3644,11
3644,16
3644,21
3645,11
3645,32
3645,26
3646,11
3646,2
3646,16
3647,11
3647,15
3647,22
3648,11
3648,16
3648,21
3649,1
3649,11
3649,2
3650,11
3650,2
3650,31
3651,11
3652,11
3652,15
3652,16
3653,11
3653,2
3653,6
3654,11
3654,22
3655,11
3655,26
3656,11
3656,2
3656,21
3657,11
3657,15
3657,21
3658,1
3658,11
3658,2
3659,11
3659,15
3660,11
3660,16
3660,10
3661,11
3661,15
3661,16
3662,11
3662,26
3663,11
3663,2
3663,26
3664,11
3664,16
3664,22
3665,11
3665,2
3665,32
3666,11
3666,2
3666,21
3667,1
3667,11
3667,2
3668,11
3668,16
3668,21
3669,11
3669,16
3669,21
3670,11
3670,16
3670,21
3671,11
3671,26
3672,11
3672,15
3672,21
3673,11
3673,16
3673,21
3674,11
3674,22
3675,11
3675,22
3676,11
3676,16
3676,21
3677,11
3677,21
3677,24
3678,11
3678,16
3678,22
3679,11
3679,16
3679,22
3680,11
3680,21
3680,7
3681,11
3681,6
3681,21
3682,11
3682,15
3683,11
3683,16
3683,22
3684,11
3684,16
3684,21
3685,11
3685,16
3685,21
3686,11
3686,15
3686,16
3687,11
3687,16
3687,32
3688,11
3688,22
3689,11
3689,2
3689,21
3690,11
3690,15
3690,16
3691,11
3691,21
3691,22
3692,11
3692,31
3692,26
3693,11
3693,2
3693,16
3694,11
3694,26
3694,22
3695,11
3695,16
3695,21
3696,11
3696,16
3696,31
3697,11
3697,16
3697,22
3698,11
3698,21
3698,7
3699,11
3699,15
3699,29
3700,11
3700,21
3700,7
3701,11
3701,16
3701,21
3702,11
3702,22
3703,1
3703,11
3703,2
3704,11
3704,15
3705,11
3705,2
3705,15
3706,11
3706,31
3707,1
3707,11
3707,2
3708,11
3708,2
3708,15
3709,11
3709,2
3709,21
3710,11
3710,24
3711,11
3711,15
3711,22
3712,1
3712,11
3712,2
3713,1
3713,11
3713,16
3714,11
3714,2
3714,15
2350,16
3715,1
3715,11
3715,26
3716,11
3716,31
3716,26
3717,11
3717,15
3717,31
3718,11
3718,22
3719,11
3719,16
3719,21
3720,11
3720,22
2407,32
3721,11
3721,21
3721,7
3722,11
3722,16
3722,22
3723,11
3723,2
3723,21
3724,1
3724,11
3724,21
3725,1
3725,11
3725,2
3726,11
3726,15
3726,16
3727,11
3727,22
1253,1
1253,11
1253,2
3728,11
3728,21
3728,19
3729,11
3729,16
3729,26
3730,11
3730,2
3730,10
3731,1
3731,11
3731,2
3732,11
3732,16
3732,21
3733,11
3733,16
3733,21
3734,11
3734,2
3734,15
3735,11
3735,2
3735,21
2993,22
3736,11
3736,2
3737,11
3737,16
3737,22
3738,11
3738,2
3738,15
3739,11
3739,16
3739,21
3740,11
3740,21
3740,24
3741,11
3741,2
3741,24
3742,11
3742,16
3742,21
3743,11
3743,6
3743,21
3744,11
3744,21
3744,19
3745,21
3745,24
3745,19
3746,11
3746,26
3746,22
3747,11
3747,15
3747,16
3748,11
3748,16
3748,22
3749,11
3749,22
3750,11
3750,21
3750,22
3751,11
3751,2
3752,11
3752,2
3752,15
3753,11
3753,21
3753,29
3754,11
3754,16
3754,21
3755,11
3755,31
3755,26
3756,11
3756,21
3756,26
3757,11
3757,15
3757,21
3758,11
3758,31
3758,26
3759,11
3759,6
3759,21
3760,11
3760,21
3760,7
3761,11
3761,16
3761,22
3762,11
3762,16
3762,22
3763,11
3763,2
3763,26
3764,11
3764,22
3765,11
3765,21
3765,22
2748,22
3766,11
3766,15
3766,16
3767,11
3767,16
3767,22
3768,11
3768,22
3768,19
3769,11
3769,2
3769,16
3770,11
3770,21
3770,22
3771,11
3771,15
3772,11
3772,2
3772,31
3773,11
3773,21
3773,10
3774,11
3774,6
3774,21
3775,11
3775,2
3775,15
3776,11
3776,2
3776,15
3777,11
3777,21
3777,19
3778,11
3778,2
3778,24
3779,11
3779,16
3779,22
3780,11
3780,16
3780,21
3781,11
3781,16
3782,11
3782,15
3782,21
3783,11
3783,16
3783,22
3784,1
3784,11
3784,2
3785,11
3785,2
3785,15
3786,11
3786,16
3786,21
3787,11
3787,15
3787,16
3788,11
3788,15
3789,11
3789,22
3790,11
3790,16
3790,31
3791,11
3791,16
3791,21
3792,11
3792,21
3792,19
3793,11
3793,2
3793,15
3794,11
3794,21
3794,30
3795,11
3795,16
3795,21
3796,11
3796,21
3796,32
3797,11
3797,15
3797,22
3798,11
3798,16
3798,21
3799,11
3799,2
3799,15
3800,11
3800,31
3800,10
3801,11
3801,2
3801,15
3802,11
3802,16
3802,21
3803,11
3803,21
3803,22
3804,11
3804,22
3805,1
3805,11
3805,2
3806,11
3806,2
3806,15
3807,11
3807,16
3807,32
2082,16
3808,11
3808,2
3808,21
3809,11
3809,26
3809,22
3810,11
3810,16
3810,21
3811,11
3811,15
3811,16
3812,11
3812,2
3812,21
3813,11
3813,21
3813,24
3814,11
3814,15
3815,11
3815,16
3815,22
3816,11
3816,2
3816,21
3817,11
3818,11
3818,15
3818,26
3819,11
3819,16
3819,21
3820,11
3820,22
3821,11
3821,16
3821,22
3822,11
3822,16
3822,22
3823,11
3823,31
3823,26
3824,11
3824,21
3824,7
3825,11
3825,15
3825,31
3826,11
3826,16
3826,22
3827,11
3827,21
3827,22
3828,11
3828,2
3828,31
3829,11
3829,2
3829,15
3830,11
3830,16
3830,21
3831,11
3831,22
3832,11
3832,22
3833,11
3833,21
3833,24
3834,11
3834,2
3834,21
3835,11
3835,22
3836,11
3836,16
3836,21
3837,11
3837,15
3837,32
3838,11
3838,16
3838,21
3839,11
3839,16
3839,22
3840,11
3840,22
3841,11
3841,21
3841,10
3842,11
3842,2
3842,15
3843,1
3843,11
3843,2
3844,11
3844,16
3844,21
3845,11
3845,15
3845,16
3846,11
3846,22
3847,11
3847,21
3847,3
3848,11
3848,2
3849,11
3849,22
3850,11
3850,15
3850,16
2364,26
3851,1
3851,11
3851,2
3852,11
3852,21
3852,7
3853,1
3853,11
3853,2
3854,11
3854,2
3854,21
3855,11
3855,6
3855,16
3856,11
3856,2
3856,21
3857,11
3857,6
3857,16
3858,11
3858,16
3858,22
3859,11
3859,15
3859,16
3860,11
3860,21
3860,22
3861,11
3861,15
3862,11
3862,15
3863,11
3863,15
3863,32
3864,1
3864,11
3864,2
3865,11
3865,6
3865,21
3866,11
3866,21
3866,7
3867,11
3867,2
3867,21
3868,11
3868,31
3868,22
3869,1
3869,11
3869,2
3870,11
3870,16
3870,21
3871,11
3871,21
3871,31
3872,1
3872,11
3872,16
3873,11
3873,15
3873,16
3874,1
3874,11
3874,2
3875,11
3875,6
3875,21
2882,22
3876,11
3876,15
3876,16
3877,11
3877,16
3877,10
3878,11
3878,22
3879,11
3879,2
3879,29
3880,11
3880,21
3880,24
3881,1
3881,11
3881,2
3882,11
3882,16
3882,22
3883,11
3883,21
3883,7
3884,1
3884,11
3884,2
3885,11
3885,21
3885,32
3886,11
3886,21
3886,32
3887,11
3887,15
3887,16
3888,11
3888,21
3888,31
3889,11
3889,21
3890,11
3890,21
3890,22
3891,11
3891,15
3892,11
3892,26
3892,22
3893,11
3893,2
3893,15
3894,11
3894,3
3895,11
3895,2
3895,32
3896,11
3896,15
3896,16
3897,11
3897,6
3897,16
3898,11
3898,22
3899,11
3899,32
3899,31
3900,11
3900,2
3900,15
3901,11
3901,26
3901,22
3902,11
3902,2
3902,21
3903,11
3903,15
3903,26
3904,11
3904,22
3905,1
3905,11
3905,32
3906,11
3906,15
3906,19
3907,11
3907,16
3907,21
3908,11
3908,2
3908,29
3909,11
3909,21
3909,22
3910,11
3910,16
3910,22
3911,11
3911,15
3911,16
3912,11
3912,26
3912,22
3913,11
3913,15
3913,16
3914,11
3914,16
3914,21
3915,11
3915,15
3915,16
3916,11
3916,2
3916,32
3917,11
3917,21
3917,22
3918,11
3918,21
3918,22
3919,11
3919,16
3919,22
3920,1
3920,11
3920,2
3921,11
3921,16
3921,22
3922,11
3922,2
3922,15
3923,11
3923,15
3923,21
3924,11
3924,16
3924,21
3925,11
3925,2
3925,7
3926,11
3926,16
3926,21
3927,11
3927,15
3927,16
3928,11
3928,15
3928,16
3929,11
3929,2
3929,32
3930,11
3930,16
3930,22
3931,11
3931,2
3931,21
3932,11
3932,2
3932,21
3933,11
3933,21
3933,22
3934,11
3934,16
3934,21
3935,11
3935,15
3935,16
3936,11
3936,26
3936,22
3937,11
3937,2
3937,26
3938,11
3938,21
3939,11
3939,16
3939,21
3940,11
3940,3
3941,11
3941,2
3941,31
3942,11
3942,15
3942,16
3943,11
3943,15
3943,21
3944,11
3944,2
3944,29
3945,11
3945,22
3946,11
3946,16
3946,21
3492,22
3947,11
3947,16
3947,22
3948,11
3948,16
3948,22
2690,31
3949,11
3949,2
3949,22
3950,11
3950,16
3950,22
3951,11
3951,22
3952,11
3952,21
3952,7
3953,11
3953,2
3953,15
3954,1
3954,11
3954,32
3955,11
3955,16
3955,22
3956,11
3956,2
3956,26
3957,11
3957,16
3957,21
3958,11
3958,16
3958,22
3959,11
3959,15
3959,16
3960,11
3960,2
3960,16
3961,11
3961,2
3961,21
3962,11
3962,6
3962,21
3963,11
3963,2
3963,26
3964,11
3964,15
3965,11
3965,15
3965,31
3966,11
3966,22
3967,11
3967,16
3967,32
3968,11
3968,15
3969,11
3969,21
3970,11
3970,2
3970,29
3971,11
3971,26
3971,22
3972,11
3972,2
3972,15
3973,11
3973,2
3973,22
3974,11
3974,16
3974,10
3975,11
3975,16
3975,21
1929,30
3976,11
3977,11
3977,16
3977,21
3978,11
3978,22
3979,11
3979,2
3979,15
3980,11
3980,15
3980,16
3981,11
3981,26
3981,22
3982,11
3982,16
3982,21
3983,11
3983,2
3983,15
2192,16
2192,29
3984,11
3984,15
3984,21
3985,11
3985,16
3985,22
3986,11
3986,16
3986,31
3688,16
3688,26
3987,11
3987,21
3987,3
3988,11
3988,21
3988,22
3989,11
3989,15
3989,16
3990,11
3990,2
3990,32
3991,11
3991,6
3991,16
3992,11
3992,2
3992,21
3993,11
3993,15
3993,16
3994,11
3994,21
3994,30
3995,11
3995,21
3995,19
3996,1
3996,11
3996,16
3997,11
3997,16
3997,21
3998,11
3998,16
3998,21
3999,11
3999,2
3999,15
4000,11
4000,31
4000,26
4001,11
4001,15
4001,16
4002,11
4003,11
4003,21
4003,24
4004,11
4004,2
4004,16
4005,11
4005,16
4005,10
4006,11
4006,2
4006,29
4007,11
4007,2
4007,15
4008,11
4008,2
4008,15
4009,11
4009,2
4009,22
4010,11
4010,2
4010,21
4011,11
4011,2
4012,11
4012,15
4013,11
4013,21
4013,7
4014,1
4014,11
4014,2
4015,11
4015,21
4015,22
4016,11
4016,22
4017,11
4017,2
4017,16
4018,11
4018,16
4018,21
4019,11
4019,15
4020,11
4020,16
4020,21
4021,11
4021,15
4022,11
4022,2
4022,21
4023,11
4023,26
4024,11
4024,15
4024,16
4025,11
4025,3
4026,11
4027,11
4027,15
4027,16
4028,11
4028,16
4028,21
4029,11
4029,2
4029,21
4030,11
4030,31
4030,22
4031,11
4031,21
4032,1
4032,11
4032,16
4033,11
4033,31
4033,26
4034,11
4034,2
4034,29
4035,11
4035,21
4035,22
4036,11
4036,21
4036,22
4037,11
4037,21
4037,22
4038,11
4038,16
4038,26
4039,11
4039,6
4039,16
4040,11
4040,2
4040,15
4041,11
4041,16
4041,22
2850,32
4042,11
4042,2
4042,21
4043,11
4043,21
4043,30
4044,11
4044,2
4044,21
4045,11
4045,15
4045,21
4046,11
4046,15
4047,11
4047,22
4048,1
4048,11
4048,2
4049,11
4049,22
4050,11
4050,21
4051,11
4051,21
4051,24
4052,11
4052,2
4052,15
4053,11
4053,22
4054,11
4054,2
4054,15
4055,11
4055,22
4056,11
4056,2
4056,15
4057,11
4057,16
4057,21
4058,11
4058,2
4058,21
4059,11
4059,16
4059,21
4060,11
4061,11
4061,21
4061,22
4062,11
4062,16
4062,21
2652,16
4063,11
4063,16
4063,21
4064,11
4064,15
4064,16
4065,11
4065,15
4065,31
4066,11
4066,21
4066,7
4067,11
4067,16
4067,21
4068,11
4068,21
4068,24
4069,11
4069,16
4069,21
4070,11
4070,15
4070,16
4071,11
4071,15
4071,16
4072,11
4072,26
4072,22
4073,11
4073,15
4073,22
4074,11
4074,2
4074,26
4075,11
4075,16
4075,21
4076,11
4076,16
4076,21
4077,11
4077,26
4077,22
4078,11
4078,2
4078,29
4079,11
4079,2
4079,21
4080,11
4080,2
4080,16
4081,11
4081,26
4082,11
4082,2
4082,32
2650,21
2650,26
4083,11
4083,2
4083,15
4084,11
4084,2
4084,15
4085,11
4085,2
4085,15
3336,16
3336,21
4086,11
4086,16
4086,21
4087,11
4087,15
4087,24
4088,11
4088,15
4088,16
4089,11
4089,21
4089,7
4090,11
4090,2
4090,16
4091,11
4091,15
4091,16
4092,11
4092,21
4092,22
4093,11
4093,22
4094,11
4094,16
4094,21
4095,11
4095,6
4095,21
4096,11
4096,15
4096,16
4097,11
4098,11
4098,2
4098,6
4099,11
4099,16
4099,31
4100,11
4100,16
4100,21
4101,11
4101,21
4101,22
3217,2
4102,11
4102,21
4102,22
4103,11
4103,16
4103,21
4104,11
4104,22
4105,11
4105,15
4105,16
4106,11
4106,21
4106,31
4107,11
4107,6
4107,21
4108,11
4108,16
4108,22
4109,11
4109,15
4109,16
4110,11
4110,2
4110,15
4111,11
4111,16
4111,21
4112,11
4112,2
4112,32
4113,11
4113,21
4113,22
4114,11
4114,26
4115,11
4115,22
4116,11
4116,2
4116,15
4117,11
4117,6
4117,21
4118,1
4118,11
4118,2
4119,11
4119,6
4119,21
4120,11
4120,21
4120,7
4121,11
4121,21
4121,7
4122,11
4122,2
4122,16
4123,11
4123,22
4124,11
4124,2
4124,16
4125,11
4125,15
4126,11
4126,15
4126,29
4127,11
4127,31
4128,11
4128,16
4128,21
4129,11
4129,15
4129,31
4130,11
4130,2
4130,21
4131,1
4131,11
4131,21
4132,11
4132,26
4132,22
4133,11
4133,15
4133,26
4134,11
4134,22
4135,11
4135,15
4135,16
4136,11
4136,16
4136,10
4137,11
4137,15
4137,16
4138,1
4138,11
4138,21
4139,1
4139,11
4139,2
4140,11
4140,16
4140,21
4141,11
4141,22
4142,11
4142,2
4143,11
4143,2
4143,21
4144,11
4144,16
4144,21
4145,11
4145,15
4145,16
1532,2
4146,11
4146,15
4147,11
4147,32
4147,26
4148,11
4149,11
4149,15
4149,16
3737,21
4150,11
4150,15
4150,21
4151,1
4151,11
4151,16
4152,11
4152,21
4152,30
2566,21
4153,11
4153,16
4153,21
4154,11
4154,16
4154,21
4155,11
4155,2
4155,15
4156,11
4156,2
4156,21
4157,11
4157,16
4157,21
4158,11
4158,2
4158,21
4159,11
4159,15
4159,16
4160,11
4160,2
4160,21
4161,11
4161,15
4161,10
4162,11
4162,2
4162,16
4163,11
4163,16
4163,21
4164,11
4164,16
4164,21
4165,11
4165,15
4165,21
4166,11
4166,22
4167,11
4167,16
4167,21
4168,11
4168,16
4168,21
4169,11
4169,31
4169,10
4170,11
4170,22
4171,11
4171,15
4171,21
2384,22
4172,11
4172,2
4172,15
4173,11
4173,15
4173,16
4174,11
4174,22
4175,11
4175,15
4175,16
4176,11
4176,21
4176,31
4177,1
4177,11
4177,32
4178,11
4178,16
4178,22
4179,11
4179,16
4179,22
2384,21
4180,11
4181,11
4181,2
4181,15
4182,11
4182,2
4182,21
4183,11
4183,2
4183,15
4184,11
4184,16
4184,21
4185,11
4185,22
4186,11
4186,16
4186,10
4187,11
4187,16
4187,21
4188,11
4188,22
4189,1
4189,11
4189,2
4190,11
4190,16
4190,21
4191,11
4191,21
4191,7
4192,1
4192,11
4192,2
4193,11
4193,21
4193,32
4194,11
4194,16
4194,22
4195,11
4195,21
4195,22
4196,11
4196,2
4197,11
4197,31
4197,26
4198,11
4198,31
4198,22
4199,11
4199,16
4199,22
4200,11
4200,16
4200,21
4201,11
4201,15
4201,16
4202,11
4202,16
4202,21
4203,11
4203,21
4203,10
4204,11
4204,2
4204,15
4205,11
4205,2
4205,15
2455,32
4206,1
4206,11
4206,2
4207,1
4207,11
4207,2
4208,1
4208,11
4208,2
4209,11
4209,22
4210,11
4210,22
4211,11
4211,21
4211,22
4212,11
4212,2
4212,32
4213,11
4214,11
4214,16
4214,21
4215,11
4215,16
4215,10
4216,11
4216,2
4216,16
2713,16
2713,22
4217,11
4217,15
4217,21
4218,11
4218,21
4218,22
4219,11
4219,2
4219,32
4220,11
4220,2
4220,15
4221,11
4221,16
4221,21
4222,11
4222,26
4222,22
4223,11
4223,3
4224,11
4224,21
4225,11
4225,22
4225,19
4226,11
4226,16
4226,21
4227,11
4227,21
4228,11
4228,21
4228,31
4229,11
4229,2
4229,16
4230,11
4230,21
4230,30
4231,11
4231,21
4231,24
4232,11
4232,6
4232,16
4233,11
4233,15
4233,21
4234,11
4234,16
4234,21
4235,11
4235,6
4235,16
4236,11
4236,26
4236,22
4237,11
4237,2
4237,31
4238,11
4238,22
4239,11
4239,15
4239,22
4240,11
4240,15
4240,16
4241,11
4241,2
4241,15
4242,11
4242,2
4242,15
4243,11
4243,22
4244,11
4244,2
4244,31
4245,11
4245,2
4246,11
4247,11
4247,15
4247,16
4248,11
4248,21
4248,22
4249,11
4249,31
4249,10
4250,11
4250,15
4250,21
4251,11
4251,2
4251,26
4252,11
4252,21
4252,24
4253,11
4253,22
4254,1
4254,11
4254,2
4255,11
4255,16
4255,21
4256,1
4256,11
4256,2
4257,11
4257,15
4257,16
4258,11
4258,15
4258,16
4259,11
4259,15
4259,16
4260,11
4260,15
4260,22
4261,11
4261,2
4261,10
4262,11
4262,2
4262,16
4263,11
4263,16
4263,21
4264,11
4264,22
4265,11
4266,1
4266,11
4266,2
4267,11
4267,15
4267,22
4268,1
4268,11
4268,15
4269,11
4269,26
4270,11
4270,16
4270,22
4271,11
4271,26
4272,11
4272,32
4272,3
4273,11
4273,2
4273,21
4274,11
4274,31
4274,10
4275,1
4275,11
4275,2
4276,11
4276,31
4276,22
4277,11
4277,2
4277,26
4278,11
4278,2
4278,26
4279,11
4279,16
4279,22
4280,11
4280,16
4280,21
4281,11
4281,16
4281,22
4282,11
4282,16
4282,10
4283,11
4283,31
4283,22
4284,11
4284,15
4284,16
4285,11
4285,15
4285,31
4286,11
4286,2
4286,21
4287,11
4287,21
4287,24
4288,11
4288,2
4288,32
4289,11
4289,3
2718,29
4290,1
4290,11
4290,2
4291,11
4291,21
4291,26
4292,11
4292,21
4293,11
4293,16
4293,21
4294,11
4294,16
4294,21
4295,11
4295,15
4295,22
4296,11
4296,21
4296,22
4297,11
4297,15
4297,32
4298,11
4298,6
4298,16
4299,11
4299,15
4299,31
4300,11
4300,21
4300,22
4301,11
4301,21
4301,22
4302,11
4302,26
4303,11
4303,2
4303,26
4304,11
4304,2
4304,32
4305,11
4305,15
4305,32
4306,11
4306,15
4306,16
4307,11
4307,21
4307,7
4308,11
4308,2
4308,15
4309,11
4310,11
4310,2
4310,24
4311,11
4311,31
4311,22
4312,1
4312,11
4312,32
4313,11
4313,2
4313,21
4314,11
4314,21
4314,26
4315,1
4315,11
4315,32
4316,11
4316,15
4316,21
4317,1
4317,11
4317,2
4318,11
4318,21
4318,24
4319,11
4319,16
4319,21
4320,11
4320,2
4320,32
4321,11
4321,21
4321,19
4322,11
4322,16
4322,21
4323,11
4323,6
4323,3
4324,11
4324,21
4325,11
4325,15
4325,16
4326,11
4326,16
4326,22
4327,11
4327,2
4327,21
4328,11
4328,2
4328,15
4329,11
4329,21
4329,31
4330,11
4330,2
4330,15
4331,11
4331,2
4331,21
4332,11
4332,2
4332,31
4333,11
4333,2
4333,24
4334,11
4334,21
4334,10
4335,11
4335,22
4336,11
4336,15
4336,16
4337,11
4337,16
4337,21
4338,11
4338,15
4339,11
4339,21
4339,19
4340,11
4340,6
4340,15
4341,11
4341,21
4341,24
4342,11
4342,15
4342,21
4343,11
4343,16
4343,21
4344,11
4344,15
4344,21
4345,11
4345,15
4345,16
4346,1
4346,11
4346,2
4347,11
4347,2
4347,26
4348,11
4348,16
4348,21
4349,11
4349,2
4349,15
4350,11
4350,16
4350,21
4351,11
4351,16
4351,21
4352,11
4352,16
4352,21
4353,11
4353,2
4353,15
4354,11
4354,21
4354,7
4355,11
4355,15
4356,11
4356,2
4356,31
4357,11
4357,26
4357,22
4358,11
4358,15
4358,21
4359,11
4359,15
4359,16
4360,11
4360,16
4360,22
2575,21
2575,26
4361,11
4361,21
4361,3
4362,11
4362,15
4362,16
4363,11
4363,16
4363,21
4364,11
4364,21
4365,11
4365,2
4365,31
4366,1
4366,11
4366,2
4367,11
4367,16
4367,22
4368,11
4368,2
4368,15
4369,11
4369,16
4369,31
4370,11
4370,21
4370,19
4371,11
4371,2
4371,15
4372,11
4372,21
4373,11
4373,31
4374,11
4374,15
4374,32
4375,11
4375,15
4375,16
4376,11
4376,6
4376,21
4377,1
4377,11
4377,2
4378,1
4378,11
4378,2
4379,11
4379,22
4380,11
4380,21
4380,19
4381,11
4381,16
4381,21
4382,11
4382,15
4383,11
4383,21
4383,31
4384,11
4384,2
4384,26
4385,11
4385,16
4385,21
4386,11
4386,15
4387,11
4387,2
4387,31
4388,1
4388,11
4388,2
4389,11
4389,31
4389,22
4390,11
4390,15
4390,16
4391,11
4391,21
4391,7
4392,11
4392,32
4392,31
4393,11
4393,21
4393,31
4394,11
4394,16
4394,21
4395,11
4395,16
4395,21
4396,11
4396,16
4396,21
4397,1
4397,11
4397,31
4398,11
4399,11
4399,2
4399,15
4400,1
4400,11
4400,21
4401,11
4401,2
4401,32
4402,11
4402,22
4403,11
4403,2
4403,15
4404,11
4404,2
4404,21
4405,11
4405,21
4405,7
4406,11
4406,21
4406,7
4407,11
4407,15
4407,21
4408,11
4408,2
4408,22
4409,11
4409,21
4410,11
4410,15
4410,31
4411,11
4411,2
4411,21
4412,11
4412,16
4412,21
4413,11
4413,21
4413,22
4414,1
4414,11
4414,2
1973,15
1973,22
4415,11
4415,2
4415,32
4416,11
4416,22
4417,11
4417,16
4417,22
4418,11
4418,22
4419,11
4419,21
4419,22
4420,11
4420,16
4420,21
4421,11
4421,16
4421,21
4422,11
4422,16
4422,21
4423,11
4423,16
4423,21
4424,11
4424,2
4424,21
4425,11
4425,16
4425,22
4426,11
4426,16
4426,21
4427,11
4427,2
4427,7
4428,11
4428,2
4429,11
4429,30
4430,11
4430,24
4430,22
4431,11
4431,2
4431,16
4432,11
4432,31
4432,22
4433,11
4433,21
4434,11
4434,16
4434,21
4435,11
4435,21
4435,22
4436,11
4436,16
4436,21
4437,11
4437,2
4437,21
4438,11
4438,16
4438,21
4439,11
4439,21
4439,22
4440,11
4440,31
4440,22
4441,11
4442,11
4442,2
4442,24
4443,11
4443,16
4443,22
4444,11
4444,21
4444,3
4445,11
4445,15
4445,31
4446,11
4446,2
4446,15
4447,11
4447,2
4447,15
4448,11
4448,16
4448,22
4449,11
4449,16
4449,22
4450,11
4450,21
4450,24
1898,16
1898,21
4451,11
4451,21
4451,30
4452,11
4452,2
4452,15
4453,11
4453,26
4454,11
4454,2
4454,15
4455,11
4455,16
4455,21
3544,22
4456,11
4456,22
4457,11
4457,2
4457,21
4458,11
4458,21
4458,22
4459,11
4459,16
4459,21
4460,1
4460,11
4460,2
4461,11
4461,31
4461,26
4462,11
4462,22
4463,11
4463,2
4463,32
4464,11
4464,21
4464,19
4465,11
4465,16
4465,21
4466,11
4466,21
4466,22
4467,11
4467,31
4467,26
4468,11
4468,22
4469,11
4469,21
4469,32
4470,11
4470,2
4470,21
4471,11
4471,15
4471,31
4472,11
4472,16
4472,21
4473,11
4473,31
4473,26
4474,11
4474,22
4475,11
4475,26
4475,22
4476,11
4476,2
4476,15
4477,11
4477,16
4477,21
4478,11
4478,10
4478,22
4479,11
4479,22
4480,11
4480,22
4481,11
4481,16
4481,21
4482,11
4482,16
4482,22
4483,11
4483,16
4483,21
4484,11
4484,2
4484,15
2902,22
4485,11
4485,16
4485,21
4486,11
4486,15
4486,21
4487,11
4487,22
4488,11
4488,24
4488,26
4489,11
4489,2
4489,26
2398,2
4490,11
4490,21
4490,7
4491,11
4491,21
4491,32
4492,11
4492,16
4492,21
4493,11
4493,2
4493,21
4494,11
4494,2
4494,21
4495,11
4495,16
4495,21
4496,11
4496,2
4496,15
4497,11
4497,2
4497,15
4498,11
4498,26
4498,22
4499,11
4499,31
4499,22
4500,11
4500,2
4500,15
4368,22
4501,11
4501,21
4501,22
4502,11
4502,21
4502,7
4503,11
4503,32
4503,31
4504,11
4504,16
4504,22
4505,1
4505,11
4505,26
4506,11
4506,2
4506,15
4507,1
4507,11
4507,21
4508,11
4508,15
4508,16
4509,11
4509,21
4510,11
4510,22
4511,11
4511,15
4511,16
4512,11
4512,22
4513,11
4513,15
4513,30
4514,11
4514,2
4514,26
4515,11
4515,15
4515,16
4516,11
4516,2
4516,19
4517,11
4517,16
4517,15
4518,1
4518,11
4518,15
4519,11
4519,15
4519,32
4520,11
4520,16
4520,21
4521,11
4521,16
4521,21
4522,11
4522,2
4522,22
4523,11
4523,21
4523,19
4524,11
4524,21
4524,10
4525,11
4525,2
4525,32
4526,11
4526,22
4527,11
4527,15
4527,22
4528,11
4528,2
4528,21
4529,11
4529,2
4529,21
4530,1
4530,11
4530,2
4531,11
4531,2
4531,15
4532,1
4532,11
4532,2
4533,11
4533,26
4534,11
4534,15
4535,1
4535,11
4535,2
4536,11
4536,31
4536,26
4537,11
4537,15
4537,31
4538,11
4538,15
4539,11
4539,16
4539,21
4540,11
4540,26
4540,22
4541,11
4541,22
4542,11
4542,21
4543,11
4543,2
4543,32
4544,11
4545,11
4545,22
4546,11
4546,16
4546,21
4547,11
4547,15
4547,21
4548,11
4548,2
4548,15
4549,11
4549,2
4549,21
4550,11
4550,16
4550,21
4551,11
4551,16
4551,22
4552,11
4552,15
4552,24
4553,11
4553,31
4554,11
4554,2
4554,19
4555,11
4555,16
4555,22
4556,11
4556,31
4556,10
4557,11
4557,32
4557,31
4558,1
4558,11
4558,2
4559,11
4559,2
4559,16
4560,11
4560,2
4560,21
4561,11
4561,15
4561,29
4562,11
4562,16
4562,21
4563,11
4563,16
4563,21
4564,11
4564,22
4565,11
4565,15
4566,11
4566,15
4566,32
4567,1
4567,11
4567,2
4568,11
4568,2
4568,21
4569,11
4569,2
4569,21
327,11
327,22
4570,11
4570,21
4571,11
4571,2
4571,19
4572,11
4572,15
4572,31
4573,11
4573,16
4573,21
4574,11
4574,19
4575,11
4575,16
4575,31
4576,11
4576,16
4576,21
4577,11
4577,2
4577,21
4578,11
4578,16
4578,21
4579,11
4579,15
4579,16
4580,11
4580,16
4580,21
4581,11
4581,15
4581,16
4582,11
4582,2
4582,32
4583,11
4583,21
4583,22
4584,11
4584,21
4584,26
4585,11
4585,15
4585,32
4586,11
4586,2
4586,32
4587,11
4587,2
4587,31
4588,11
4588,16
4588,21
4589,11
4589,2
4589,21
4590,1
4590,11
4590,2
4591,11
4591,15
4591,16
4592,11
4592,15
4592,16
4593,11
4593,2
4593,6
4594,11
4594,2
4594,16
4595,11
4595,7
4595,19
4596,11
4596,15
4596,16
4597,11
4597,15
4597,16
4598,1
4598,11
4598,2
4599,11
4599,15
4599,16
4600,11
4600,22
4601,11
4601,16
4601,22
4602,11
4602,6
4602,21
4603,11
4603,2
4604,11
4604,2
4604,21
4605,11
4605,15
4605,21
4606,11
4606,6
4606,21
4607,11
4607,21
4607,24
4608,11
4608,16
4608,21
4609,11
4609,2
4609,32
4610,11
4610,2
4610,32
4611,11
4611,2
4611,31
4612,11
4612,16
4612,21
4613,11
4613,2
4613,26
4614,11
4614,22
4615,1
4615,11
4615,31
4616,11
4616,21
2809,21
2809,32
4617,11
4617,2
4617,21
4618,11
4618,21
4619,11
4619,2
4619,31
4620,11
4620,21
4620,15
4621,11
4621,2
4621,24
4622,11
4622,16
4026,15
4026,16
4623,11
4623,6
4623,15
4624,11
4624,21
4625,11
4625,21
4625,26
4626,11
4626,15
4626,31
4627,11
4627,2
4627,24
4628,11
4628,16
4628,21
4629,11
4629,16
4629,22
4630,11
4630,31
4631,11
4631,21
4631,7
4632,11
4632,2
4633,11
4633,15
4633,16
4634,11
4634,21
4635,1
4635,11
4635,2
4636,11
4636,16
4636,21
4637,11
4637,16
4637,22
4638,11
4638,21
4639,11
4639,2
4639,21
4640,11
4640,31
4640,22
614,11
614,22
4641,11
4641,22
4642,11
4642,32
4642,31
4643,11
4643,31
4643,26
4644,11
4644,16
4644,21
4645,1
4645,11
4645,2
3344,2
4646,11
4646,16
4646,21
4647,11
4647,16
4647,21
4648,11
4649,11
4649,2
4649,16
4650,11
4650,16
4650,24
4651,11
4651,15
4651,16
4652,1
4652,11
4652,26
4653,11
4653,16
4653,21
4654,1
4654,11
4654,2
2381,22
4655,11
4655,16
4655,22
4656,11
4656,31
4656,26
4657,11
4657,16
4657,21
4658,11
4658,21
4658,19
2445,2
2445,16
4659,11
4659,26
4659,22
4660,11
4660,15
4660,31
4661,11
4661,15
4661,21
4662,11
4662,15
4663,11
4663,22
4664,11
4664,2
4664,32
4665,11
4665,2
4666,11
4666,15
4666,22
4667,11
4667,16
4667,22
4668,11
4668,15
4669,11
4669,16
4669,31
4670,11
4670,22
4671,11
4671,21
4671,24
4672,11
4672,2
4672,3
4673,11
4673,16
4673,21
4674,11
4674,2
4674,15
4675,11
4675,21
4675,24
4676,11
4676,2
4676,26
4677,11
4677,16
4677,26
4678,11
4678,21
4678,7
4679,11
4679,22
4680,11
4680,21
4680,22
4681,11
4681,2
4681,15
4682,11
4682,16
4682,22
4683,11
4683,22
4684,11
4684,16
4684,22
4685,11
4685,6
4685,21
4686,11
4686,16
4686,21
4687,11
4687,21
4687,22
4688,11
4688,15
4689,1
4689,11
4689,2
4690,11
4690,21
4691,11
4691,31
4691,26
2582,21
4692,11
4693,11
4693,15
4694,11
4694,21
4694,7
4695,11
4695,21
4695,24
4696,11
4696,32
4696,24
4697,11
4697,2
4697,32
4698,11
4698,2
4698,3
4699,11
4699,21
4699,7
4700,11
4700,15
4700,16
4701,11
4701,2
4701,26
4702,11
4702,21
4702,19
4703,11
4703,2
4703,10
4704,1
4704,11
4704,32
4705,11
4705,16
4705,22
4706,11
4706,2
4706,21
4707,11
4707,15
4707,16
4708,11
4708,2
4708,15
4709,11
4709,31
4709,22
4710,11
4710,21
4710,7
4711,11
4711,26
4711,22
4712,11
4712,2
4712,32
4713,11
4713,22
4714,11
4714,16
4714,21
4715,11
4715,16
4715,21
4716,11
4716,2
4716,32
4717,11
4717,2
4717,21
4718,11
4718,26
4719,11
4719,15
4720,11
4720,21
4721,11
4721,16
4721,22
4722,11
4722,16
4722,27
4723,11
4723,15
4723,16
4724,11
4725,11
4725,22
4726,11
4726,16
4726,21
4727,11
4727,16
4727,21
4728,11
4728,15
4728,21
4729,11
4729,26
4730,11
4730,21
4730,22
4731,11
4731,15
4731,31
4732,11
4732,21
4732,31
4733,11
4733,2
4733,21
4734,11
4734,16
4734,21
4735,11
4735,16
4735,21
4736,11
4736,2
4736,31
4737,11
4737,21
4737,19
4738,11
4738,16
4738,21
4739,1
4739,11
4739,2
4740,11
4740,2
4740,16
4741,11
4741,16
4741,22
4742,11
4742,22
4742,19
4743,11
4743,2
4743,16
4744,11
4744,16
4744,21
4745,11
4745,21
4746,11
4746,21
4746,32
4747,11
4747,16
4747,21
4748,11
4748,31
4749,11
4749,31
4749,26
2758,16
2758,22
4750,11
4750,15
4751,11
4751,15
4751,16
4752,11
4752,16
4752,22
4753,1
4753,11
4753,2
4754,11
4754,2
4754,3
4755,11
4755,16
4755,21
4756,1
4756,11
4756,2
4757,11
4757,15
4757,21
4758,11
4758,21
4758,22
4759,11
4759,15
4759,21
4760,11
4760,15
4760,21
4761,11
4761,2
4761,15
4762,1
4762,11
4762,32
4763,11
4763,22
4764,11
4764,21
4764,22
4765,11
4765,21
4765,22
4766,11
4766,2
4766,21
4767,11
4767,31
4767,10
4768,11
4768,2
4768,21
4769,11
4769,2
4769,16
4770,11
4770,16
4770,10
4771,11
4771,21
4771,32
4772,11
4772,2
4772,32
2423,10
4773,11
4773,16
4773,21
4774,11
4774,21
4774,22
4775,11
4775,15
4775,16
4776,11
4776,15
4776,22
4777,11
4777,21
4777,24
4778,11
4778,21
4778,22
4779,1
4779,11
4779,2
4780,11
4780,2
4780,15
4781,11
4781,16
4781,21
4782,11
4782,32
4782,22
4783,11
4783,22
4784,11
4784,22
4785,11
4785,15
4786,11
4786,26
4787,11
4788,11
4788,22
4789,11
4789,16
4790,11
4790,16
4790,22
4791,11
4791,22
4792,11
4792,15
4792,16
4793,11
4793,15
4793,16
4794,11
4794,21
4795,11
4795,15
4795,26
4796,11
4796,21
4796,32
4797,11
4797,16
4797,21
4798,11
4798,15
4799,11
4799,16
4799,22
4800,11
4800,16
4800,21
4801,11
4801,16
4802,11
4802,2
4802,15
4803,11
4803,15
4803,31
4804,11
4804,21
4804,22
4805,11
4805,21
4805,32
4806,11
4806,21
4806,30
4807,11
4807,21
4808,11
4808,7
4808,22
4809,11
4809,16
4809,21
4810,11
4810,21
4810,22
4811,11
4811,15
4811,16
4812,11
4812,21
4812,26
4813,11
4813,21
4813,19
4814,11
4814,22
4815,11
4815,2
4815,32
4816,11
4816,2
4816,21
4817,11
4817,26
4817,22
4818,11
4818,2
4818,24
4819,11
4819,26
4819,22
4820,11
4820,21
4820,7
4821,11
4821,15
4821,31
4822,11
4822,21
4822,22
4823,11
4823,21
4823,7
4824,11
4824,2
4824,21
4825,11
4825,2
4825,15
4826,11
4826,2
4826,26
4827,11
4827,16
4827,21
4828,1
4828,11
4828,31
4829,11
4829,15
4829,16
3688,2
4830,1
4830,11
4830,2
4498,21
4831,11
4831,15
4831,32
4832,11
4832,2
4832,29
4833,11
4833,2
4833,32
4834,11
4834,6
4834,16
4835,11
4835,2
4835,16
4836,11
4836,2
4836,32
4837,11
4837,7
4838,11
4838,15
4838,24
4839,11
4839,2
4839,15
4840,11
4840,2
4841,11
4841,2
4841,21
4842,11
4842,21
4842,7
4843,11
4843,2
4843,16
4844,1
4844,11
4844,2
4845,11
4845,16
4845,21
4846,11
4846,15
4846,31
4847,15
4847,11
4848,11
4848,16
4849,11
4849,2
4849,24
4850,11
4850,16
4850,21
4851,11
4851,16
4851,21
4852,11
4852,2
4852,16
4853,11
4853,16
4853,21
4854,11
4854,15
4854,16
4855,11
4855,15
4855,24
4856,11
4856,22
4857,11
4857,2
4857,21
4858,1
4858,11
4858,32
4859,11
4859,2
4859,31
4860,11
4860,26
4860,22
4861,11
4861,15
4861,16
4862,11
4862,16
4862,21
4863,11
4863,16
4863,22
4864,1
4864,11
4864,2
4865,11
4865,16
4865,21
4866,11
4866,16
4866,21
4867,11
4867,15
4868,11
4868,16
4868,21
4869,11
4869,16
4869,21
4870,11
4870,16
4870,22
4871,11
4871,16
4871,21
4872,11
4872,16
4872,26
4873,11
4873,16
4873,22
4874,11
4874,26
4874,22
4875,1
4875,11
4875,2
4876,11
4876,16
4876,21
4877,11
4877,2
4877,16
4878,11
4878,16
4878,21
4879,11
4879,21
4879,24
4880,11
4880,21
4881,11
4881,21
4882,11
4882,16
4882,22
4883,11
4883,21
4883,7
4884,11
4884,21
4884,22
4885,11
4885,2
4885,3
4886,11
4886,16
4886,21
4887,11
4887,22
4888,11
4888,2
4888,15
4889,11
4889,2
4889,15
4890,11
4890,21
4890,3
4891,11
4891,2
4891,24
4892,11
4892,2
4892,15
4893,11
4893,16
4893,21
4894,11
4894,15
4894,16
4895,11
4895,15
4896,11
4896,16
4896,22
4897,11
4897,16
4897,21
4898,11
4898,21
4898,22
4899,11
4899,22
4900,11
4900,15
4900,16
4901,11
4901,16
4901,22
4902,11
4902,21
4902,19
4903,11
4903,2
4903,16
4904,11
4904,2
4904,15
4905,11
4905,6
4905,21
4906,11
4906,15
4906,16
4907,11
4907,15
4907,26
4908,11
4908,16
4908,22
4909,11
4909,15
4909,29
4910,11
4910,16
4910,21
4911,11
4911,16
4911,21
4912,1
4912,11
4912,26
4913,11
4914,11
2379,15
4915,1
4915,11
4915,2
4916,11
4916,15
4916,16
4917,11
4917,2
4917,15
4918,11
4918,21
4918,30
4919,11
4919,22
4920,11
4920,15
4921,11
4921,6
4921,21
4922,11
4922,32
4922,31
4923,11
4923,21
4923,31
4924,11
4924,16
4924,21
4925,1
4925,11
4925,2
4926,1
4926,11
4926,2
4539,2
4927,1
4927,11
4927,2
4928,11
4928,22
4929,11
4929,32
4929,31
4930,11
4930,32
4930,26
4931,11
4931,31
4931,10
4932,11
4932,21
4932,19
4933,11
4933,21
4933,7
4934,11
4935,11
4935,16
4935,22
4936,11
4936,2
4936,21
4937,11
4937,21
4937,32
4938,11
4938,16
4938,21
4939,11
4939,21
4940,1
4940,11
4940,2
4941,11
4941,2
4941,16
4942,11
4942,2
4942,15
4943,1
4943,11
4943,15
4944,11
4944,15
4944,16
4945,11
4946,11
4946,2
4946,15
4947,11
4947,21
4947,30
4948,11
4948,2
4948,21
4949,11
4949,16
4949,24
4950,11
4950,2
4950,15
4951,11
4951,26
4952,11
4952,21
4952,30
4953,11
4953,21
4954,11
4954,2
4954,16
4955,11
4955,2
4955,16
4956,11
4956,32
4956,31
4957,11
4957,22
4958,11
4958,32
4959,1
4959,11
4959,2
4960,11
4960,21
4960,31
4961,11
4961,16
4961,21
4962,11
4962,2
4962,21
4963,11
4963,21
4963,22
4964,11
4964,21
4965,11
4965,21
4965,19
4966,11
4966,16
4966,21
4967,11
4967,15
4967,22
4968,11
4968,7
4969,11
4969,15
4969,22
4970,11
4970,2
4970,21
4971,11
4971,31
4971,26
4972,11
4972,21
4972,22
4973,11
4973,16
4973,22
4974,11
4974,21
4975,11
4976,11
4976,2
4976,15
4977,1
4977,11
4977,2
4978,11
4979,11
4979,16
4979,21
4980,11
4980,21
4980,22
4981,11
4981,15
4982,11
4982,22
4983,11
4983,16
4983,22
4984,11
4985,11
4985,2
4985,21
4986,11
4986,21
4986,32
4987,11
4987,15
4987,16
4988,11
4988,15
4988,16
4989,11
4989,2
4989,32
4990,11
4990,22
4991,11
4991,21
4992,11
4992,15
4992,16
4993,11
4993,16
4993,21
4994,11
4994,2
4994,15
4995,11
4995,15
4995,16
4996,11
4996,2
4996,21
4997,11
4997,16
4997,22
4998,11
4998,15
4998,16
4999,11
4999,16
4999,22
5000,11
5000,16
5000,21
5001,11
5001,15
5001,16
5002,1
5002,11
5002,2
5003,11
5003,15
5003,27
5004,11
5004,2
5004,26
5005,11
5005,21
5005,7
5006,11
5006,15
5006,32
5007,11
5007,21
5008,11
5008,10
5008,24
5009,11
5009,21
5010,11
5010,19
5011,11
5011,15
5011,21
5012,11
5012,15
5013,11
5013,16
5013,21
5014,11
5014,31
5015,11
5015,16
5015,22
5016,11
5016,16
5016,21
5017,11
5017,2
5017,16
5018,11
5018,15
5018,32
5019,11
5019,15
5019,16
5020,11
5020,16
5020,22
5021,11
5021,21
5021,19
5022,11
5022,16
5022,21
5023,11
5023,2
5023,15
5024,11
5024,2
5024,22
5025,11
5025,16
5025,21
5026,11
5026,2
5026,16
5027,11
5027,16
5028,11
5028,21
5028,22
5029,11
5029,21
5029,19
5030,11
5030,16
5030,22
5031,11
5031,16
5031,22
5032,11
5032,16
5032,21
5033,11
5033,16
5033,21
5034,11
5034,21
5034,19
5035,11
5035,15
5035,26
5036,11
5036,15
5036,21
5037,11
5037,15
5037,21
5038,11
5038,22
5039,11
5039,15
5039,32
5040,11
5040,15
5040,16
5041,11
5042,1
5042,11
5042,2
5043,11
5043,16
5043,21
5044,11
5044,2
5045,11
5045,2
5045,32
5046,11
5046,32
5047,11
5047,15
5048,11
5048,16
5048,21
5049,11
5049,32
5049,31
5050,11
5050,21
5050,19
5051,1
5051,11
5051,2
5052,11
5052,15
5052,16
5053,11
5053,15
5053,24
5054,11
5054,2
5054,32
5055,11
5055,22
5056,11
5056,2
5056,26
5057,11
5057,2
5057,21
5058,11
5058,2
5058,21
5059,11
5059,21
5059,22
5060,1
5060,11
5060,21
5061,11
5061,2
5061,21
5062,11
5062,16
5062,21
5063,11
5063,2
5063,16
5064,11
5064,15
5064,16
5065,11
5065,15
5065,16
5066,11
5066,6
5066,21
5067,11
5067,22
5068,11
5068,22
5069,11
5069,16
5069,22
5070,11
5070,16
5070,21
5071,11
5071,10
5071,22
5072,11
5072,16
5072,21
5073,11
5073,16
5073,21
5074,11
5074,15
5074,16
5075,11
5075,31
5076,11
5076,31
5076,26
5077,11
5077,21
5077,24
5078,11
5078,21
5078,22
5079,11
5079,2
5079,32
5080,11
5080,2
5080,26
5081,11
5081,16
5081,21
5082,11
5082,2
5082,26
5083,11
5083,21
5084,11
5084,16
5084,22
5085,11
5085,2
5085,21
5086,11
5086,21
5086,19
5087,1
5087,11
5087,32
5088,11
5088,2
5088,32
5089,11
5089,21
5089,31
5090,11
5090,21
5090,7
5091,11
5091,21
5092,11
5092,22
5093,1
5093,11
5093,2
5094,11
5094,16
5094,21
5095,11
5095,2
5095,21
5096,11
5096,16
5096,21
5097,11
5097,16
5097,21
5098,11
5098,22
5099,11
5099,22
5100,11
5100,2
5100,29
5101,11
5101,15
5101,16
5102,11
5102,15
5102,16
5103,11
5103,21
5103,22
5104,11
5104,16
5104,22
5105,11
5105,21
5106,11
5106,21
5106,31
5107,11
5107,15
5107,21
5108,11
5108,16
5108,32
5109,1
5109,11
5109,2
5110,11
5110,15
5111,11
5111,2
5111,15
5112,11
5112,22
5113,11
5113,15
5113,16
5114,11
5114,16
5114,22
5115,11
5115,31
5115,22
5116,11
5116,32
5116,22
2620,2
2620,21
5117,11
5117,2
5117,31
5118,11
5118,16
5118,10
5119,11
5119,16
5119,21
5120,11
5120,2
5120,26
5121,11
5121,21
5121,19
5122,11
5122,21
5122,19
5123,11
5123,21
5123,22
5124,11
5124,22
5125,11
5125,16
5125,22
5126,11
5126,16
5126,21
5127,11
5128,11
5128,15
5128,16
5129,1
5129,11
5129,2
5130,11
5130,15
5130,16
5131,11
5131,2
5131,15
5132,11
5132,16
5132,21
5133,11
5133,31
5133,26
5134,11
5134,16
5134,21
5135,11
5135,2
5135,22
5136,11
5136,15
5137,11
5137,21
5138,11
5138,15
5138,26
5139,11
5139,15
5139,29
5140,11
5140,3
5141,11
5142,11
5142,15
5142,22
5143,11
5143,2
5143,32
5144,11
5144,30
5145,11
5145,2
5145,16
5146,11
5146,2
5146,15
5147,1
5147,11
5147,29
5148,11
5148,16
5148,21
5149,11
5149,21
5149,31
5150,11
5150,2
5150,15
5151,1
5151,11
5151,32
5152,11
5152,2
5152,6
5153,11
5153,15
5153,29
5154,11
5154,16
5154,21
5155,11
5155,16
5155,22
5156,11
5156,21
5156,31
5157,11
5157,21
5157,22
5158,11
5158,16
5158,22
5159,11
5159,21
5159,22
5160,11
5160,21
5160,24
5161,11
5161,21
5161,22
5162,11
5162,15
5162,29
5163,11
5163,2
5163,21
5164,1
5164,11
5164,2
5165,11
5165,15
5165,21
5166,1
5166,11
5166,2
5167,11
5167,15
5167,24
5168,11
5168,15
5168,32
5169,11
5169,15
5169,16
5170,11
5170,15
5170,29
5171,11
5171,21
5171,24
5172,11
5172,21
5172,24
5173,11
5173,15
5174,11
5174,2
5174,31
5175,11
5175,30
5176,1
5176,11
5176,2
5177,11
5177,21
5178,11
5178,16
5178,21
5179,11
5179,16
5179,22
5180,11
5180,16
5180,22
5181,11
5181,21
5181,30
5182,11
5182,6
5182,16
5183,11
5183,21
5183,32
5184,11
5184,21
5184,22
5185,11
5185,15
5186,11
5186,15
5186,29
5187,11
5187,16
5187,22
5188,11
5188,2
5188,15
5189,11
5189,6
5189,21
5190,11
5190,15
229,11
229,2
229,21
5191,11
5191,16
5191,21
5192,11
5192,16
5192,21
5193,11
5193,22
5194,11
5194,2
5194,15
5195,11
5195,21
5195,30
5196,11
5196,2
5196,22
5197,11
5197,21
5197,19
5198,11
5198,2
5198,32
5199,11
5199,22
5200,11
5200,21
5200,2
5201,11
5201,16
5201,21
5202,11
5202,16
5202,22
5203,11
5203,2
5203,32
5204,11
5204,2
5204,21
5205,11
5205,22
5206,1
5206,11
5206,2
5207,11
5207,22
5207,19
5208,11
5208,15
5208,21
5209,11
5209,21
5209,19
5210,11
5210,2
5211,11
5211,16
5211,21
5212,11
5212,16
5212,22
5213,11
5213,21
5213,24
5214,1
5214,11
5214,21
5215,11
5215,22
5216,11
5216,31
5217,11
5217,26
5217,22
5218,11
5218,32
5219,11
5219,2
5219,22
5220,11
5220,16
5220,22
5221,11
5221,21
5221,26
5222,11
5222,2
5222,15
5223,11
5223,2
5223,32
5224,11
5224,16
5224,21
5225,11
5225,15
5225,16
5226,11
5226,15
5227,11
5227,21
5228,11
5228,15
5228,26
5229,11
5229,15
5229,16
5230,11
5230,21
5230,7
5231,11
5231,22
5232,11
5232,2
5232,15
5233,11
5233,2
5233,29
5234,11
5234,21
5234,7
5235,11
5235,2
5235,16
5236,11
5236,15
5236,24
5237,11
5237,16
5237,22
5238,11
5238,22
5239,11
5239,16
5239,21
5240,11
5240,2
5240,15
5241,11
5241,16
5241,21
5242,11
5242,15
5242,24
5243,11
5243,2
5243,24
5244,11
5244,2
5244,21
5245,11
5245,21
5245,19
5246,11
5246,2
5246,21
5247,11
5247,15
5248,11
5248,16
5248,21
5249,11
5249,2
5249,15
5250,11
5250,16
5250,22
5251,11
5251,16
5251,22
5252,11
5252,22
5252,31
5253,11
5253,2
5253,21
5254,11
5254,22
5255,11
5255,2
5255,10
5256,11
5256,21
5257,11
5257,2
5257,15
5258,11
5258,26
5258,30
5259,11
5259,2
5259,16
5260,1
5260,11
5260,32
5261,11
5261,15
5262,1
5262,11
5262,2
5263,11
5263,16
5263,22
5264,1
5264,11
5264,21
5265,1
5265,11
5265,2
5266,11
5266,2
5266,16
5267,11
5267,15
5267,16
5268,11
5268,2
5268,21
5269,11
5270,11
5271,11
5271,2
5271,15
5272,11
5272,26
5272,22
5273,11
5273,22
5274,11
5274,16
5274,21
5275,11
5275,2
5276,11
5276,2
5276,26
5277,11
5277,2
5277,21
5278,11
5278,16
5278,21
5279,11
5279,16
5279,22
5280,11
5280,2
5281,11
5281,26
5282,11
5282,6
5282,16
5283,11
5284,11
5284,21
5284,7
5285,11
5285,2
5285,21
5286,11
5286,3
5287,11
5287,21
5287,22
5288,11
5288,16
5288,21
5289,11
5289,2
5289,21
5290,11
5290,21
5290,19
5291,1
5291,11
5291,2
5292,11
5292,2
5292,21
5293,11
5293,16
5293,21
5294,11
5294,21
5294,30
5295,11
5295,16
5295,21
5296,11
5296,16
5296,21
5297,11
5297,21
5298,11
5298,21
5298,19
5299,11
5299,16
5299,21
5300,11
5300,31
5300,22
5301,11
5301,21
5301,22
5302,11
5302,31
5302,10
5303,11
5303,32
5303,31
5304,11
5304,16
5304,21
5305,11
5305,2
5305,21
5306,11
5306,16
5306,22
5307,1
5307,11
5307,15
5308,11
5308,15
5308,16
5309,11
5309,31
5309,26
5310,11
5310,2
5310,16
5311,11
5311,16
5311,22
5312,11
5313,11
5313,16
5313,21
5314,11
5314,2
5314,32
5315,11
5315,16
5315,21
5316,11
5316,16
5316,10
5317,11
5317,2
5317,32
5318,11
5318,21
5319,11
5319,2
5319,16
3171,22
5320,11
5320,15
5320,31
5321,11
5321,2
5321,31
5322,11
5322,22
5323,11
5323,21
5261,16
5324,11
5324,26
5324,22
5325,11
5325,15
5325,16
5326,11
5326,16
5326,22
5327,11
5327,31
5327,26
5328,11
5328,16
5328,21
5329,11
5329,21
5329,7
5330,11
5330,16
5330,21
5331,11
5331,31
5332,11
5332,21
5332,7
5333,11
5333,2
5334,11
5334,2
5334,21
5335,11
5335,2
5335,26
5336,11
5336,6
5336,21
5337,11
5337,22
5338,11
5338,16
5338,22
5339,11
5339,21
5339,7
5340,11
5340,32
5340,24
5341,11
5341,16
5341,21
5342,11
5342,16
5342,21
5343,11
5343,2
5343,29
1533,11
1533,2
1533,21
5344,11
5344,15
5344,16
5345,11
5345,21
5345,19
5346,11
5346,21
5346,19
5347,11
5347,22
5348,11
5349,11
5349,21
5350,11
5350,16
5350,21
5351,11
5351,21
5351,22
5352,11
5352,26
5352,22
5353,11
5353,21
5353,7
5354,11
5354,16
5354,21
5355,11
5355,15
5355,16
5356,11
5356,21
5356,24
5357,11
5357,21
5357,7
5358,11
5358,16
5358,32
5359,11
5359,26
5360,11
5360,2
5360,21
5361,11
5361,31
5361,26
5362,11
5362,16
5362,21
5363,11
5363,16
5363,7
5364,11
5364,2
5365,11
5365,2
5365,6
5366,11
5366,22
5367,11
5367,15
5367,31
5368,11
5368,22
5369,11
5369,15
5370,11
5370,16
5370,31
5371,11
5371,21
5371,22
5372,11
5372,16
5372,31
4540,21
4540,19
5373,11
5373,15
5373,26
5374,11
5374,2
5374,21
5375,11
5375,15
5375,16
5376,11
5376,21
5376,22
5377,11
5377,15
5377,31
5378,11
5378,15
5378,16
5379,11
5379,2
5379,21
5380,11
5380,2
5380,31
5381,11
5381,22
5382,11
5382,1
5382,15
5383,11
5383,15
5383,21
5384,11
5384,16
5384,22
5385,11
5385,10
5385,22
5386,1
5386,11
5386,32
5387,11
5387,2
5387,32
5388,11
5388,21
5388,24
5389,11
5389,16
5389,22
5390,11
5390,15
5390,31
5391,11
5391,21
5391,19
5392,11
5392,22
5393,1
5393,11
5393,2
5394,11
5394,22
5395,11
5395,15
5396,11
5396,2
5396,3
5397,11
5397,21
5398,11
5398,2
5398,15
5399,11
5399,16
5400,11
5400,3
5401,11
5401,21
5401,24
5402,11
5402,26
5402,22
5403,11
5403,15
5403,16
5404,11
5404,22
5404,19
5405,11
5405,16
5405,21
5406,11
5406,22
5407,1
5407,11
5407,2
5408,1
5408,11
5408,2
5409,11
5409,21
5409,26
5410,11
5410,15
5410,16
5411,11
5411,16
5411,21
5412,11
5412,16
5412,22
5413,11
5413,16
5413,21
5414,11
5414,2
5414,21
5415,11
5416,11
5416,2
5416,29
5417,1
5417,11
5417,21
5418,11
5418,21
5418,24
5419,1
5419,11
5419,2
5420,1
5420,11
5420,2
5421,11
5421,22
5422,11
5422,2
5422,22
5423,11
5423,2
5423,21
5424,11
5424,21
5425,11
5425,15
5425,16
5426,11
5426,2
5426,16
5427,11
5427,2
5427,16
5428,11
5428,2
5429,11
5429,31
5430,11
5430,21
5431,11
5431,31
5431,26
3946,22
2004,2
2004,26
5432,11
5432,15
5432,16
5433,11
5433,15
5433,16
5434,11
5434,21
5434,32
5435,11
5435,15
5435,31
5436,1
5436,11
5436,2
5437,11
3240,31
3240,26
5438,11
5438,2
5438,7
5439,11
5439,16
5439,21
5440,11
5440,2
5440,21
5441,11
5441,16
5441,22
5442,11
5442,21
5443,11
5443,15
5443,26
5444,11
5444,21
5444,19
4062,22
5445,11
5445,16
5445,21
5446,11
5446,15
5446,31
5447,11
5447,2
5447,32
5448,11
5448,21
5448,24
5449,11
5449,16
5449,21
5450,1
5450,11
5450,2
5451,11
5452,11
5452,2
3893,24
5453,1
5453,11
5453,2
5454,11
5454,21
5454,7
5455,11
5455,15
2684,21
2684,19
5456,11
5456,31
5456,10
5457,11
5457,16
5457,10
5458,11
5458,2
5458,15
5198,22
5459,11
5459,21
5459,22
5460,11
5460,21
5461,11
5461,21
5461,24
5462,11
5462,2
5462,15
5463,11
5463,2
5463,15
5464,11
5464,2
5464,31
5465,11
5465,16
5465,21
5466,11
5466,2
5467,11
5467,16
5467,21
5468,2
5468,11
5469,11
5469,2
5469,15
5470,11
5470,32
5471,11
5471,2
5471,15
5472,11
5472,21
5472,32
5473,11
5473,15
5473,29
5474,11
5474,26
5475,11
5475,15
5475,16
5476,11
5476,2
5476,21
5477,11
5477,16
5478,2
5478,11
5479,11
5479,21
5479,19
5480,11
5480,31
5480,22
5481,11
5481,26
5481,22
5482,11
5482,22
3165,29
5483,11
5483,31
5483,22
5484,11
5484,22
5485,11
5485,15
5485,21
5486,11
5487,11
5487,16
5487,21
5488,11
5488,16
5488,21
5489,11
5489,2
5489,15
5490,11
5490,2
5490,7
5491,11
5491,16
5492,11
5492,29
5493,11
5493,6
5493,21
5494,11
5494,31
5494,26
5495,11
5495,16
5495,21
5496,11
5496,2
5496,21
5497,11
3458,15
3458,16
5498,2
5498,15
5498,11
5499,11
5499,31
5499,22
5500,11
5500,2
5500,21
5501,1
5501,11
5501,2
5502,11
5502,21
5503,11
5503,2
5503,15
5504,11
5504,2
5504,16
5505,11
5505,21
5505,7
5506,11
5506,2
5506,15
5507,11
5507,21
5507,7
5508,11
5508,16
5508,32
5509,11
5509,2
5509,29
5510,11
5510,21
5510,22
5511,11
5511,2
5511,26
5512,11
5512,16
5512,21
5513,11
5513,2
5513,21
5514,11
5514,16
5514,21
5515,11
5515,16
5515,21
5516,11
5516,26
5516,22
5517,11
5517,26
5518,11
5518,15
5518,32
5519,11
5519,16
5519,21
5520,11
5520,31
5521,11
5521,21
5521,7
5522,11
5522,31
5522,22
5523,11
5523,2
5523,32
5524,11
5524,21
5525,11
5525,2
5525,22
5526,11
5526,15
5526,26
5527,11
5527,24
5527,3
5528,11
5528,15
5528,31
5529,11
5529,2
5530,11
5530,6
5530,21
5531,11
5531,21
5532,11
5532,21
5532,24
5533,11
5533,2
5533,15
5534,1
5534,11
5534,2
5535,11
5535,15
5536,11
5536,15
5537,11
5537,2
5537,15
5538,11
5538,16
5538,22
5539,11
5539,2
5539,32
5540,11
5540,16
5540,22
5541,11
5541,21
5541,22
5542,11
5542,31
5543,11
5543,15
5544,11
5544,6
5544,21
5545,11
5545,2
5545,15
5546,11
5546,2
5546,6
5547,11
5547,15
5548,11
5548,2
5548,6
5549,11
5549,21
5549,31
5550,11
5550,16
5550,10
5551,11
5551,2
5551,32
5552,11
5552,15
5552,24
5553,11
5553,15
5553,22
5554,11
5554,21
5554,24
5555,11
5555,15
5556,11
5556,21
5556,24
5557,11
5557,6
5557,15
5558,11
5558,2
5558,15
5559,11
5559,22
5560,11
5560,6
5560,21
5561,11
5561,16
5562,1
5562,11
5562,2
5563,11
5563,16
5563,21
5564,11
5564,22
5565,11
5565,16
5565,21
5566,11
5566,16
5566,21
5567,11
5567,21
5567,26
5568,11
5568,22
5569,11
5569,21
5514,26
5514,22
5570,11
5571,11
5571,21
5572,11
5572,2
5572,15
5573,11
5573,15
5573,29
5574,11
5574,2
5574,32
5575,11
5575,2
5575,15
5576,11
5576,26
5576,22
5577,11
5577,21
5577,7
5578,11
5578,15
5578,21
5579,11
5579,15
5579,31
5580,11
5580,31
5580,26
5581,11
5581,2
5581,16
5582,11
5582,2
5582,3
5583,11
5583,16
5583,21
5584,11
5584,2
5584,21
5585,11
5585,7
5585,19
5586,11
5586,16
5586,22
5587,11
5587,2
5587,15
5588,11
5588,16
5588,10
5589,11
5589,21
5589,10
5590,11
5590,16
5590,21
5591,11
5591,15
5591,22
5592,11
5592,31
5592,22
5593,11
5593,26
5593,22
5594,11
5594,31
5594,26
5595,11
5595,16
5595,21
5596,1
5596,11
5596,16
5597,1
5597,11
5597,16
5598,11
5599,11
5599,16
5599,21
5600,11
5600,31
5600,26
5601,11
5602,11
5602,22
5603,11
5603,16
5603,21
5604,11
5604,2
5604,31
5605,11
5605,6
5605,21
5606,11
5606,21
5606,19
5607,11
5607,22
5608,11
5608,16
5608,22
5609,11
5609,31
5609,10
5610,11
5610,2
5610,15
5611,11
5611,2
5611,15
5612,11
5612,15
5612,31
5613,11
5613,7
5613,22
5614,11
5614,16
5614,21
5615,11
5615,2
5615,29
5616,11
5616,26
5616,22
5617,11
5617,15
5617,16
5618,11
5618,15
5618,16
5619,11
5619,21
5619,22
5620,1
5620,11
5620,2
2997,16
2997,21
5621,11
5621,15
5621,21
5622,11
5622,26
5623,11
5623,16
5623,21
5624,11
5624,2
5624,22
5625,11
5625,16
5625,21
5626,11
5626,16
5626,21
5627,1
5627,11
5627,32
5628,11
5628,2
5628,15
5629,1
5629,11
5629,2
5630,11
5630,22
5631,11
5631,22
5632,11
5632,7
5632,19
5633,11
5633,2
5633,29
5634,11
5634,16
5634,21
5635,11
5635,22
5636,11
5636,16
5636,21
5637,11
5637,2
5637,15
5638,11
5638,21
5638,32
5639,11
5639,31
5639,10
5640,11
5640,16
5640,10
5641,11
5641,21
5641,19
5642,11
5642,15
5642,21
5643,11
5643,2
5643,26
5644,11
5644,2
5644,29
5645,11
5645,2
5645,21
5646,1
5646,11
5646,2
5647,11
5647,2
5647,32
5648,11
5648,10
5648,22
5649,11
5650,11
5650,31
5650,22
5651,11
5651,16
5651,21
5652,11
5652,22
5653,11
5653,21
5654,11
5654,21
5654,22
5655,11
5655,22
5656,11
5656,15
5656,16
5657,11
5657,21
5657,22
5658,11
5658,21
5658,32
5659,11
5659,2
5660,11
5660,16
5660,21
5661,11
5661,16
5661,22
5662,11
5662,26
5663,11
5663,21
5663,30
5664,11
5664,2
5664,21
5665,11
5665,31
5665,26
5666,11
5666,16
5666,21
4771,2
4771,26
5667,11
5667,16
5667,31
5668,11
5668,2
5668,15
5669,11
5669,26
5669,22
5670,11
5671,1
5671,11
5671,2
5672,11
5672,16
5672,21
5673,11
5673,15
5673,16
5674,11
5674,22
5674,19
5675,11
5675,3
5676,11
5676,2
5676,16
5677,11
5677,21
5678,11
5679,11
5679,2
5679,31
5680,11
5680,16
5680,21
5681,11
5681,16
5681,22
5682,11
5682,21
5682,24
5683,11
5683,21
5684,11
5684,22
5685,2
5685,29
5685,32
5686,11
5686,16
5686,21
5687,11
5687,16
5687,22
5688,11
5688,16
5688,21
5689,11
5689,21
5689,22
5690,11
5690,15
5691,11
5691,15
5692,11
5692,7
5692,19
5693,11
5693,2
5693,15
5694,11
5694,2
5694,26
5695,11
5695,31
5695,26
5696,11
5696,16
5696,31
5697,11
5697,2
5697,15
5698,11
5698,21
5698,19
5699,11
5699,22
5700,11
5700,15
5700,21
5701,11
5701,15
5701,16
5702,11
5702,2
5702,29
5703,11
5703,15
5703,31
5704,1
5704,11
5704,2
5705,11
5705,2
5706,11
5706,2
5706,22
5707,11
5707,21
5707,7
5708,1
5708,11
5708,2
5709,11
5709,21
5709,22
5710,11
5710,2
5710,24
5711,11
5711,15
5711,16
5712,11
5712,15
5712,16
5713,11
5713,22
5714,11
5714,16
5714,22
5715,11
5715,15
5715,16
5716,11
5716,2
5716,26
5717,11
5717,2
5717,26
5718,11
5718,32
5718,31
5719,11
5720,11
5721,11
5721,16
5721,21
5722,11
5722,15
5722,21
5723,11
5723,21
5723,19
5724,1
5724,11
5724,21
5725,11
5725,21
5725,7
5726,11
5726,21
5726,31
5727,11
5727,16
5727,31
5728,11
5728,31
5728,26
5729,11
5729,2
5729,21
5730,11
5730,26
5730,22
5731,11
5731,15
5731,31
5732,11
5732,16
5732,21
5733,11
5733,2
5733,15
5734,11
5734,15
5734,16
5735,11
5735,16
5735,32
5736,11
5736,16
5736,10
5737,11
5737,2
5737,21
5738,11
5738,15
5739,11
5739,15
5739,21
5740,11
5740,21
5740,22
5741,11
5741,2
5741,21
5742,11
5742,15
5742,21
5743,11
5743,3
5744,11
5744,2
5744,32
5745,11
5745,15
5746,11
5747,11
5748,11
5748,2
5748,22
5749,11
5749,15
5749,10
5750,11
5750,21
5750,29
5751,11
5752,11
5752,22
5753,11
5753,16
5753,21
5754,11
5754,16
5754,21
5755,11
5755,2
5755,15
5756,11
5756,16
5756,21
5504,21
5757,11
5757,2
5757,32
5758,11
5758,21
5758,7
5759,11
5759,22
5760,11
5760,21
5760,19
5761,1
5761,11
5761,2
5762,11
5762,6
5762,16
5763,11
5763,15
5763,26
5764,11
5764,21
5765,11
5765,21
5766,11
5766,21
5767,11
5767,21
5767,32
5768,11
5768,15
5768,22
5769,11
5769,2
5769,22
5770,11
5770,16
5770,31
5771,11
5771,31
5771,26
5772,11
5772,15
5772,16
5773,11
5773,21
5773,7
5774,11
5774,21
5774,30
5775,11
5775,2
5775,31
5776,11
5777,11
5777,32
5777,26
5778,11
5778,21
5778,30
5779,11
5779,6
5779,16
5780,11
5780,15
5781,11
5781,2
5781,21
5782,11
5782,15
5782,16
5783,11
5783,16
5783,21
5784,11
5784,16
5784,21
5785,11
5785,15
5785,31
5786,11
5786,2
5786,21
5787,11
5787,21
5787,26
5788,11
5788,16
5788,22
5789,11
5789,15
5789,21
5790,11
5790,2
5790,29
5791,11
5791,2
5791,21
5792,1
5792,11
5792,2
5793,11
5793,16
5793,22
5794,11
5794,16
5794,22
5795,11
5795,21
5795,7
5796,1
5796,11
5796,2
5797,11
5797,2
5797,21
5798,11
5798,21
5798,30
5799,11
5799,26
5800,11
5800,2
5800,32
5801,11
5801,15
5801,32
5802,11
5802,2
5802,21
5803,11
5803,32
5803,31
5804,11
5804,2
5804,22
5805,11
5805,26
5805,22
5806,11
5806,2
5806,32
5807,1
5807,11
5807,2
5808,11
5808,22
5809,11
5809,32
5809,31
5810,11
5810,2
5810,15
5811,11
5811,16
5811,22
5812,11
5812,2
5812,15
5813,11
5813,2
5813,16
5814,11
5814,16
5814,21
5815,11
5815,2
5815,21
5816,11
5816,6
5816,16
5817,11
5817,15
5817,16
5818,11
5818,21
5818,26
5819,11
5819,16
5819,21
5820,11
5820,19
5821,11
5821,2
5821,15
5822,11
5822,2
5822,21
5823,11
5823,2
5823,29
5824,11
5825,11
5825,16
5825,21
5826,11
5826,22
5827,11
5827,2
5827,32
5828,11
5828,16
5828,21
5829,1
5829,11
5829,2
5830,11
5830,16
5830,21
5831,11
5831,16
5831,21
5832,11
5832,2
5832,32
5833,11
5833,22
5834,11
5834,2
5834,15
5835,11
5835,15
5835,16
5836,1
5836,11
5836,2
5837,11
5837,32
5838,11
5838,26
5839,11
5839,15
5839,2
5840,11
5840,21
5840,22
5841,11
5841,21
5842,11
5842,15
5842,3
5843,11
5843,30
5844,11
5844,22
5845,11
5845,26
5846,11
5847,11
5847,15
5847,16
5848,11
5848,26
5849,11
5849,16
5849,21
5850,11
5850,16
5850,21
5851,11
5851,2
5851,32
2879,22
5852,11
5852,31
5852,22
5853,11
5853,16
5853,22
5854,11
5854,15
5855,11
5855,2
5855,16
5856,11
5856,22
5857,11
5857,15
5857,16
5858,11
5858,21
5858,7
5859,1
5859,11
5859,2
5860,15
5860,2
5860,21
5861,11
5862,1
5862,11
5862,2
5863,11
5863,21
5863,22
5864,11
5864,2
5864,16
5865,11
5865,16
5865,21
5866,11
5866,31
5867,11
5867,10
5867,26
5868,11
5868,21
5869,11
5869,32
5869,26
5870,11
5870,15
5870,16
5871,11
5871,2
5871,21
5872,11
5872,16
5872,21
5873,11
5874,11
5874,16
5874,22
5875,11
5875,2
5875,26
5876,11
5876,2
5876,21
5877,11
5877,15
5877,16
5878,11
5878,16
5878,21
5879,11
5879,2
5879,16
5880,11
5880,31
5880,22
5881,11
5881,22
5882,11
5882,2
5882,15
5883,11
5883,16
5883,22
5884,11
5884,16
5884,22
5885,11
5885,2
5885,26
5886,11
5886,2
5886,21
5887,11
5887,22
5888,11
5888,15
5888,16
5889,11
5889,2
5889,26
5890,11
5890,2
5890,15
5891,11
5891,2
5891,21
5892,11
5892,15
5892,16
5893,11
5893,2
5893,32
5894,11
5894,21
5894,19
5895,11
5895,16
5895,10
5896,11
5896,16
5896,21
5897,11
5897,16
5897,22
5898,11
5898,2
5898,19
5899,11
5899,22
5900,11
5900,16
5900,21
5901,1
5901,11
5901,2
5902,11
5902,2
5902,21
5903,11
5903,21
5903,7
5904,11
5904,2
5904,26
5905,1
5905,11
5905,26
5906,11
5906,2
5906,15
5907,11
5907,2
5907,16
5908,11
5908,16
5908,10
5909,11
5909,21
5909,16
5910,1
5910,11
5910,21
5911,11
5911,16
5911,22
5912,11
5912,16
5912,21
5913,11
5913,2
5913,15
5914,11
5914,2
5914,22
5915,1
5915,11
5915,2
5916,11
5917,11
5917,16
5917,21
5918,11
5918,2
5918,26
5919,11
5919,16
5919,22
5920,11
5921,11
5921,21
5921,22
5922,11
5922,15
5923,11
5923,2
5923,24
5924,11
5925,11
5925,16
5925,21
5926,11
5926,2
5926,21
5927,1
5927,11
5927,2
5928,11
5928,22
5929,11
5929,21
5929,10
5930,11
5930,15
5931,11
5931,22
5932,11
5932,16
5932,22
5933,11
5933,15
5933,3
5934,11
5934,16
5934,21
5935,11
5935,16
5935,21
5936,11
5936,2
5936,32
5937,11
5937,2
5937,26
5938,11
5938,16
5938,21
5939,11
5939,16
5939,21
5940,11
5941,11
5941,21
5941,24
5942,11
5942,26
5943,11
5943,15
5943,16
5944,11
5944,2
5944,15
5945,11
5945,2
5946,11
5947,11
5947,2
5947,15
5948,11
5948,15
5948,21
5949,11
5949,21
5949,26
5950,11
5950,2
5950,21
5951,11
5951,16
5952,11
5952,2
5952,15
5953,11
5953,2
5953,15
5954,11
5954,31
5955,11
5955,22
5956,11
5956,16
5956,21
5957,11
5957,21
5957,31
5958,11
5958,2
5958,21
5959,11
5959,16
5959,21
5960,11
5960,2
5960,32
5961,11
5961,16
5961,21
5962,11
5963,11
5963,15
5963,16
5964,11
5964,2
5964,21
5965,11
5965,16
5965,21
5966,11
5966,16
5966,21
5967,1
5967,11
5967,2
5968,1
5968,11
5968,2
5969,11
5969,16
5969,22
5970,11
5970,21
5970,24
5971,11
5971,15
5971,3
5972,11
5972,6
5972,16
5973,11
5973,16
5973,21
5974,11
5974,15
5974,32
5975,11
5975,31
5975,22
5976,11
5976,21
5976,22
5977,11
5977,15
5977,26
5978,11
5978,2
5978,29
5979,11
5979,15
5980,11
5980,15
5980,16
5981,11
5981,21
5981,24
5982,11
5982,16
5982,10
5983,11
5983,15
5983,21
5984,11
5984,21
5984,32
5985,11
5985,16
5986,11
5986,2
5986,21
5987,11
5987,21
5987,19
5988,11
5988,15
5988,21
5989,11
5989,16
5989,21
5990,11
5990,2
5990,15
5991,11
5991,2
5991,32
5992,11
5992,2
5992,15
2879,19
5993,11
5993,15
885,11
885,32
885,31
5994,11
5994,2
5994,16
5995,11
5995,16
5995,22
5996,11
5996,21
5996,7
5997,11
5997,16
5997,21
5998,11
5998,6
5998,21
5999,11
5999,2
5999,26
6000,11
6000,16
6000,21
6001,11
6001,15
6001,16
6002,11
6002,2
6002,16
5792,15
6003,11
6003,16
6003,21
6004,11
6004,2
6004,15
6005,11
6005,26
6005,22
6006,11
6006,21
6006,22
6007,11
6007,2
6007,16
6008,11
6008,16
6008,22
6009,11
6009,21
6009,7
6010,11
6010,2
6010,15
6011,11
6012,11
6012,15
6012,16
6013,11
6013,21
6013,19
6014,11
6014,31
6015,11
6015,22
6016,11
6017,11
6017,15
6018,11
6018,15
6018,21
6019,11
6019,15
6020,11
6021,11
6021,16
6021,21
6022,11
6022,22
6023,11
6023,10
6023,22
4594,22
6024,11
6024,16
6024,21
6025,11
6025,16
6025,22
6026,11
6027,11
6027,31
6027,22
6028,11
6028,15
6029,11
6029,21
6030,11
6030,16
6030,21
6031,11
6031,21
6031,32
6032,11
6032,15
6032,21
6033,11
6033,21
6034,11
6034,16
6034,22
6035,11
6035,21
6035,7
6036,11
6036,24
6036,3
6037,11
6037,22
3588,2
3588,22
6038,11
6038,22
6039,11
6039,15
6039,16
6040,11
6040,21
6040,24
6041,11
6041,16
6041,21
6042,11
6042,15
6043,11
6043,22
6044,11
6044,16
6044,21
6045,11
6045,16
6045,21
6046,11
6046,15
6046,21
6047,11
6047,15
6047,24
6048,11
6048,21
6048,24
6049,11
6049,2
6049,15
6050,11
6050,21
6050,22
6051,11
6051,16
6051,22
6052,11
6052,16
6052,21
6053,11
6053,32
6053,26
6054,11
6054,2
6054,15
6055,11
6055,16
6055,21
6056,11
6056,15
6056,21
6057,11
6057,16
6057,22
6058,11
6058,15
6058,21
6059,11
6059,21
6060,1
6060,11
6060,2
6061,11
6061,2
6061,26
1218,11
1218,2
1218,15
6062,11
6062,2
6062,15
6063,11
6063,31
6064,11
6064,16
6064,22
6065,11
6065,16
6065,21
6066,11
6066,26
6066,22
6067,11
6067,22
6068,11
6068,15
6068,10
6069,11
6069,16
6069,21
6070,11
6070,2
6070,15
6071,11
6071,15
6072,11
6072,21
6072,19
6073,11
6073,2
6073,32
6074,11
6074,15
6074,31
6075,11
6075,2
6075,21
6076,11
6076,15
6076,24
6077,11
6077,15
6078,11
6078,21
6078,26
6079,11
6079,22
6080,1
6080,11
6080,2
6081,11
6081,16
6081,21
6082,11
6083,11
6083,16
6083,21
3905,21
6084,11
6084,15
6084,16
6085,11
6085,16
6085,21
6086,11
6086,31
6086,22
6087,11
6087,22
6088,11
6088,26
6089,11
6089,21
6089,24
6090,11
6091,11
6091,15
6091,32
6092,11
6092,21
6092,24
6093,11
6093,2
6093,26
6094,11
6094,10
6094,24
6095,11
6095,16
6095,21
6096,11
6096,16
6096,22
6097,11
6097,31
6097,10
6098,11
6098,15
6099,11
6099,2
6099,21
6100,11
6100,26
6100,22
6101,11
6101,2
6101,15
6102,11
6102,15
6102,16
6103,1
6103,11
6103,2
6104,11
6105,11
6105,15
6106,11
6106,16
6106,21
6107,11
6108,11
6108,15
6108,21
6109,11
6109,22
6109,19
6110,11
6110,21
6110,24
6111,11
6111,21
6111,22
6112,11
6112,21
6112,22
6113,11
6113,2
6113,32
6114,11
6114,16
6114,22
6115,11
6115,15
6115,21
6116,11
6116,16
6116,21
6117,11
6117,2
6117,22
6118,11
6118,15
6118,31
6119,11
6119,16
6119,22
6120,11
6120,16
6120,21
6121,11
6121,15
6122,11
6122,16
6122,21
6123,11
6123,21
6124,11
6124,2
6124,21
6125,11
6125,16
6125,7
6126,11
6126,16
6126,21
6127,11
6127,2
6127,21
6128,11
6128,15
6128,16
6129,11
6129,2
6129,16
6130,11
6130,16
6130,21
6131,11
6131,16
6131,22
6132,11
6132,16
6132,22
6133,11
6134,11
6134,16
6134,26
6135,11
6135,30
6135,22
3065,22
6136,11
6136,29
6137,11
6137,21
6137,24
6138,11
6138,16
6138,21
6139,11
6139,16
6139,21
6140,11
6140,2
6140,16
6141,11
6141,31
6141,22
6142,11
6142,15
6142,16
6143,11
6143,2
6143,32
6144,11
6144,26
6144,22
6145,11
6145,2
6145,19
6146,11
6146,21
6146,26
6147,11
6147,21
6147,22
6148,11
6148,16
6148,21
6149,11
6149,2
6149,29
6150,11
6150,16
6150,21
6151,11
6151,31
6151,26
6152,11
6152,21
6153,11
6153,2
6153,15
6154,11
6154,16
6154,22
6155,11
6155,21
6156,1
6156,11
6156,15
6157,11
6157,15
6157,32
6158,11
6158,26
6159,1
6159,11
6159,16
6160,11
6160,21
6160,24
6161,11
6161,22
6162,11
6162,15
6053,1
6053,21
6163,11
6163,21
6163,22
6164,11
6164,2
6164,26
6165,11
6165,2
6165,32
6166,11
6166,2
6166,29
6167,11
6167,21
6167,16
6168,11
6168,21
6168,7
6169,11
6169,16
6169,22
6170,11
6170,24
6170,26
6171,11
6171,2
6172,11
6172,16
6173,11
6173,15
6173,24
6174,11
6174,16
6174,18
6175,11
6175,2
6175,21
6176,1
6176,11
6176,2
6177,11
6177,6
6177,21
6178,11
6179,11
6179,21
6180,11
6180,16
6180,21
6181,11
6181,22
6182,11
6182,21
6182,19
6183,11
6183,16
6183,21
1980,21
1980,18
6184,11
6184,22
6185,11
6186,11
6186,21
6186,22
6187,11
6187,2
6187,21
6188,11
6188,21
6188,7
6189,11
6189,2
6189,21
6190,11
6190,21
6190,22
6191,11
6191,21
6191,3
6192,11
6192,15
6192,24
6193,11
6193,32
6193,22
6194,11
6194,16
6194,31
5855,21
5855,22
6195,11
6195,16
6195,10
6196,11
6196,16
6196,21
6197,11
6197,2
6197,32
6198,1
6198,11
6198,2
6199,11
6199,16
6199,21
6200,11
6200,16
6200,21
6201,11
6201,2
6201,21
6202,11
6202,16
6202,21
6203,11
6203,2
6203,31
6204,11
6204,2
6204,15
6205,11
6205,22
6206,11
6206,15
6206,16
6207,11
6207,6
6207,21
6208,11
6208,2
6208,15
6209,11
6209,16
6209,21
6210,11
6210,2
6210,21
6211,11
6211,15
6211,16
6212,1
6212,11
6212,2
6213,11
6213,15
6214,11
6214,21
6214,19
6215,1
6215,11
6215,2
6216,11
6216,16
6216,21
6217,11
6217,21
6217,22
6218,1
6218,11
6218,16
6219,11
6219,16
6219,21
6220,11
6220,31
6220,26
6221,1
6221,11
6221,2
6222,11
6222,2
6222,21
6223,11
6223,2
6223,26
6224,11
6224,15
6225,11
6225,15
6225,26
6226,11
6226,15
6226,16
6227,11
6227,2
6227,21
6228,11
6228,15
6228,26
6229,11
6229,16
6229,21
6230,11
6231,11
6231,21
6231,22
6232,11
6232,2
6232,31
6233,11
6233,7
6233,19
6234,11
6234,21
6234,14
6235,11
6236,11
6236,15
6236,22
6237,11
6237,15
6237,24
6238,11
6238,2
6238,32
6239,11
6239,2
6239,32
6240,11
6240,32
6240,31
6241,11
6241,15
6241,16
6242,11
6242,15
6242,26
6243,11
6243,15
6244,11
6244,26
6244,22
6245,11
6245,15
6245,16
6246,11
6246,26
6247,11
6247,21
6247,31
6248,11
6248,15
6248,21
6249,11
6250,11
6250,21
6251,11
6251,26
6251,22
6252,11
6252,16
6252,22
6253,11
6253,31
6253,22
6254,11
6254,22
6255,11
6255,22
6256,11
6256,2
6256,29
6257,2
6257,21
6257,19
6258,11
6258,26
6259,11
6259,2
6259,24
6260,11
6260,21
6260,22
6261,11
6262,11
6262,2
6262,31
6263,1
6263,11
6263,2
6264,11
6264,16
6264,21
6265,11
6265,2
6265,21
6266,11
6267,11
6267,21
6268,11
6268,7
6268,19
6269,11
6269,21
6269,22
6270,11
6270,2
6270,15
6271,1
6271,11
6271,2
6272,11
6272,16
6272,21
6273,11
6273,16
6273,22
6274,11
6274,15
6274,16
6275,11
6275,16
6275,21
6276,11
6276,16
6276,31
6277,11
6277,21
6277,22
6278,1
6278,11
6278,2
6279,11
6279,15
6279,16
6280,11
6280,21
6280,19
6281,11
6281,15
6282,11
6282,26
6283,1
6283,11
6283,15
6284,11
6284,16
6284,21
6285,11
6285,15
6286,11
6286,15
6286,21
6287,11
6287,2
6287,15
6288,11
6288,31
6288,26
6289,11
6289,2
6289,21
6290,11
6290,2
6290,31
6291,11
6291,2
6291,26
6292,11
6292,31
6292,10
6293,11
6293,2
6293,29
6294,11
6294,2
6294,21
6295,11
6295,2
6295,32
6296,11
6296,16
6296,10
6297,11
6297,32
6297,31
6298,11
6298,26
6298,30
6299,11
6299,24
6299,22
6300,11
6300,16
6300,22
6301,11
6301,15
6301,31
6302,11
6302,15
6302,22
6303,11
6303,2
6303,16
6304,11
6304,16
6304,21
4379,16
4379,21
6305,11
6305,15
6305,16
6306,11
6306,16
6306,21
6307,11
6308,11
6308,2
6308,15
6309,11
6309,16
6309,21
6310,11
6311,11
6311,15
6311,31
6312,11
6312,22
6313,11
6313,2
6313,21
6314,11
6314,2
6314,21
6315,11
6315,21
6315,31
6316,11
6316,22
6317,11
6317,15
6318,11
6318,21
6318,22
6319,11
6319,16
6319,21
6320,1
6320,11
6320,26
6321,11
6321,26
6322,11
6322,15
6322,21
6323,11
6323,15
6323,24
6324,11
6325,11
6325,26
6325,22
6326,21
6326,11
6327,11
6327,21
6327,27
6328,11
6328,2
6328,21
6329,11
6329,19
6330,11
6330,15
6330,21
6331,11
6331,2
6331,26
6332,11
6332,22
6333,11
6333,21
6334,11
6334,16
6334,21
6335,11
6335,15
6335,21
6336,11
6336,15
6336,16
6337,11
6337,16
6337,21
6338,11
6338,2
6338,7
6339,11
6339,21
6339,22
6340,11
6340,15
6340,31
6341,11
6341,31
6341,22
6342,11
6342,16
6342,21
6343,11
6343,22
6344,1
6344,11
6344,2
6345,11
6345,16
6345,21
6346,1
6346,11
6346,32
6347,11
6347,21
6348,11
6348,16
6348,22
6349,11
6349,15
6349,16
6350,11
6350,2
6350,21
6351,11
6351,15
6351,16
6352,11
6352,2
6352,15
6353,11
6353,21
6353,26
6354,11
6354,22
6355,11
6355,2
6355,15
6356,11
6356,15
6356,21
6357,11
6357,22
6358,11
6358,15
6358,32
6359,11
6359,16
6359,21
6360,11
6360,2
6360,21
6361,11
6361,21
6362,11
6363,11
6363,16
6363,21
6364,11
6364,16
6364,21
6365,11
6365,2
6365,15
4544,21
4544,22
6366,11
6366,21
6366,19
6367,11
6367,15
6367,16
6368,11
6368,15
6368,29
6369,11
6369,16
6369,21
6370,11
6370,21
6370,22
4743,15
6371,11
6371,16
6371,21
6372,11
6372,2
6372,7
6373,11
6373,16
6373,21
6374,11
6374,2
6374,32
6375,11
6375,2
6375,26
6376,11
6376,21
6376,7
6377,11
6377,15
6377,16
6378,11
6378,2
6378,21
6379,11
6379,31
6379,26
6380,11
6380,2
6380,24
6381,11
6381,16
6381,21
6382,11
6382,21
6382,7
6383,11
6383,2
6383,21
6384,11
6384,21
6385,11
6385,15
6385,16
6386,11
6386,16
6386,31
6387,11
6387,3
6388,11
6388,2
6388,32
6389,11
6389,31
6389,22
6390,11
6390,15
6390,16
6391,11
6391,22
6392,11
6392,22
6393,11
6393,15
6393,3
6394,11
6394,21
6394,29
6395,11
6395,21
6396,11
6396,16
6396,21
6397,11
6397,16
6397,31
6398,1
6398,11
6398,2
6399,11
6399,15
6399,31
6400,11
6400,2
6400,32
6401,1
6401,11
6401,2
6402,11
6402,15
6402,29
6403,11
6403,2
6404,11
6404,21
6404,7
4196,21
6405,11
6405,22
6406,11
6406,2
6406,15
6407,11
6407,2
6407,26
6408,11
6408,2
6408,26
6409,11
6409,29
6409,32
6410,11
6410,15
6411,11
6411,21
6411,31
6412,11
6412,16
6412,21
6413,11
6413,7
6413,10
6414,11
6414,16
6415,11
6415,16
6415,21
6416,11
6416,21
6416,3
6417,11
6417,15
6417,31
6418,15
6418,11
6419,11
6419,16
6419,21
6420,1
6420,11
6420,2
6421,11
6421,19
6422,11
6422,22
6423,11
6423,26
6424,11
6424,2
6424,15
6425,11
6425,21
6425,22
6426,11
6426,2
6426,15
6427,11
6427,2
6427,26
6428,11
6428,21
6429,11
6429,16
6429,21
6430,11
6430,21
6430,19
6431,11
6431,15
6431,22
6432,2
6432,11
6433,11
6433,15
6433,16
6434,11
6434,2
6434,21
6435,11
6435,16
6435,21
6436,11
6436,21
6436,22
6437,11
6437,15
6437,16
6438,11
6438,21
6438,7
6439,11
6439,31
6439,26
6440,11
6440,21
6440,24
6441,11
6441,2
6441,32
6442,11
6442,2
6442,32
6443,11
6443,15
6443,16
6444,11
6445,11
6445,21
6445,7
6446,11
6446,16
6446,21
6447,11
6447,2
6447,22
6448,11
6448,32
6448,31
6449,11
6449,16
6449,21
6450,1
6450,11
6450,2
6451,11
6451,31
6451,26
6452,11
6452,6
6452,16
6453,11
6453,16
6453,10
6454,11
6454,16
6454,21
6455,11
6455,15
6455,31
6456,11
6456,15
6456,3
6457,11
6457,2
6457,26
6458,11
6458,16
6458,21
6459,1
6459,11
6459,32
6460,11
6460,26
6461,11
6462,11
6462,16
6462,21
6463,11
6463,2
6463,16
6464,11
6464,21
6464,19
6465,11
6465,16
6465,21
6466,11
6466,15
6466,21
6467,11
6467,6
6467,16
6468,11
6468,31
6469,11
6469,21
6469,7
6470,1
6470,11
6470,2
6471,11
6471,26
6472,11
6472,2
6472,21
6473,11
6473,15
6473,16
6474,11
6474,21
6474,22
6475,1
6475,11
6475,2
6476,11
6476,2
6477,11
5539,1
5539,31
6478,11
6478,16
6478,30
6479,11
6479,21
6480,11
6480,15
6480,16
6481,11
6481,2
6481,21
6482,11
6482,2
6482,10
6483,11
6483,31
6483,10
6484,11
6485,11
6485,2
6485,24
6486,11
6486,15
6486,31
6487,11
6487,15
6488,1
6488,11
6488,2
6489,11
6489,15
6489,24
6490,11
6490,16
6491,11
6491,21
6492,11
6492,2
6492,21
6493,11
6493,21
6493,22
6494,11
6494,21
6494,29
6495,11
6495,2
6495,19
6496,11
6496,21
6497,11
6497,15
6497,16
6498,11
6498,16
6499,11
6499,2
6499,21
6500,11
6500,2
6500,21
6501,11
6501,31
6501,26
6502,1
6502,11
6502,21
6503,11
6503,15
6503,21
6504,11
6505,11
6505,2
6505,21
6506,11
6506,32
6506,31
6507,11
6507,16
6507,21
6508,11
6508,15
6509,11
6509,2
6509,26
6510,11
6510,21
6510,22
6511,11
6511,32
6511,26
6512,11
6512,16
6512,22
6513,11
6513,16
6513,21
6514,11
6514,21
6514,3
6515,11
6515,16
6515,21
6516,11
6516,2
6516,15
6517,11
6517,2
6517,15
6518,11
6518,6
6518,16
6519,11
6519,2
6519,10
6520,11
6520,16
6520,21
6521,1
6521,11
6521,2
6522,11
6522,31
6522,10
6523,11
6523,21
6523,19
6524,11
6524,15
6524,16
6525,11
6525,2
6525,26
6526,11
6526,16
6526,21
614,16
6527,11
6527,15
6528,11
6528,21
6528,22
6529,1
6529,11
6529,32
6530,11
6530,2
6530,21
6531,11
6531,26
6532,11
6532,16
6532,21
6533,11
6533,16
6533,21
6534,11
6534,2
6534,22
6535,11
6535,2
6535,16
6536,11
6536,15
6536,16
6537,11
6537,21
6537,26
6538,11
6538,2
6538,15
6539,11
6539,16
6539,21
6540,11
6540,2
6540,15
6541,11
6541,2
6541,21
6542,11
6542,2
6542,15
6543,11
6543,2
6543,26
6544,11
6544,21
6545,11
6545,16
6545,22
6546,11
6546,15
6547,11
6547,21
6547,16
6548,11
6548,16
6548,22
6549,11
6549,16
6549,21
6550,11
6550,2
6550,15
6551,11
6551,31
6551,22
6552,11
6552,2
6552,21
6553,11
6553,15
6554,11
6554,2
6554,16
6555,11
6555,16
6555,21
6556,11
6556,2
6556,7
6557,11
6557,2
6557,21
6558,11
6558,31
6558,22
6559,11
6559,15
6559,21
6560,11
6560,22
6561,11
6561,16
6561,21
6562,11
6562,15
6562,3
6563,11
6563,2
6563,31
6564,11
6564,15
6564,24
6565,11
6565,6
6565,16
6566,1
6566,11
6566,2
6567,11
6567,2
6567,6
6568,11
6569,11
6569,22
6570,11
6570,2
6570,16
6571,11
6571,16
6571,22
6572,11
6572,15
6572,16
6573,1
6573,11
6573,2
6574,11
6574,26
6574,22
6575,1
6575,11
6575,2
6576,11
6576,21
6576,27
6577,1
6577,11
6577,26
6578,11
6578,21
6578,7
6579,11
6579,22
6580,11
6580,32
6580,31
6581,11
6582,11
6582,16
6582,21
6583,3
6583,11
6584,11
6584,16
6584,21
6585,1
6585,11
6585,2
6586,11
6586,2
6586,21
6587,11
6587,31
6587,19
6588,11
6588,21
6588,31
6589,11
6589,15
6589,26
6590,11
6590,15
6590,24
6591,11
6591,16
6591,21
6592,11
6592,15
6592,26
6593,11
6593,15
6594,11
6594,2
6594,32
6595,11
6595,16
6595,21
6596,11
6596,15
6596,21
6597,11
6597,16
6597,21
6598,11
6598,2
6598,32
6599,11
6599,16
6599,22
6600,11
6600,21
6601,11
6601,16
6601,22
6602,11
6602,2
6602,15
6603,11
6603,15
6603,24
6604,11
6604,2
6604,15
6605,11
6605,22
6606,11
6606,10
6606,26
6607,11
6607,16
6607,21
6608,11
6608,2
6608,16
6609,11
6609,2
6609,31
6610,11
6610,2
6610,26
6611,11
6611,2
6611,16
6612,11
6612,2
6612,15
6613,11
6613,16
6613,21
6614,11
6614,22
6615,11
6616,11
6616,16
6616,21
6617,11
6617,21
6617,16
6618,11
6618,16
6618,10
6619,1
6619,11
6619,15
6620,21
6620,22
6620,11
2210,31
2210,26
6621,11
6621,16
6621,21
6622,11
6622,2
6622,15
6623,11
6623,16
6623,21
6624,11
6624,2
6624,16
6625,11
6626,11
6626,2
6626,15
6627,11
6627,2
6627,21
6628,11
6628,6
6628,7
6629,11
6629,2
6629,29
6630,11
6630,16
6630,22
6631,11
6631,16
6631,22
6632,11
6632,2
6632,15
6633,11
6633,2
6633,21
6634,11
6634,2
6634,15
6635,11
6635,22
6636,15
6636,16
6636,22
6637,11
6637,16
6637,21
6638,11
6638,2
6638,22
2322,16
2322,22
6639,11
6639,31
6639,10
6640,11
6640,16
6640,21
6641,11
6641,15
6641,29
6642,11
6642,22
6643,11
6643,15
6643,31
6644,11
6645,11
6645,15
6645,31
6646,11
6646,16
6646,21
6647,11
6647,26
6648,11
6648,2
6648,26
3344,15
3344,24
6649,11
6649,2
6649,15
6650,11
6650,15
6650,30
6651,11
6651,16
6651,21
6652,11
6652,2
6652,31
5950,16
6653,1
6653,11
6653,2
6654,11
6654,2
6654,6
6655,11
6655,15
6656,1
6656,11
6656,2
6657,11
6657,31
6657,26
6658,1
6658,11
6658,2
6659,1
6659,11
6659,2
6660,11
6661,11
6661,26
6662,11
6662,26
6663,11
6663,21
6663,22
6664,11
6664,21
6665,11
6665,21
6666,11
6666,15
6667,11
6667,21
6668,11
6669,11
6669,15
6669,16
6670,11
6670,16
6670,21
5478,16
5478,21
6671,11
6671,2
6671,15
6672,11
6672,21
6672,22
6673,11
6673,2
6673,21
6674,11
6674,26
6675,11
6675,2
6675,22
6676,11
6676,31
6676,26
6677,11
6677,16
6677,21
6678,11
6678,22
6679,11
6679,21
6679,22
6680,21
6680,22
6680,19
6681,11
6681,21
6681,22
6682,1
6682,11
6682,2
6683,11
6683,10
6683,22
6684,11
6684,22
6685,11
6685,2
6685,29
6686,11
6686,16
6686,22
6687,11
6687,15
6687,16
6688,11
6688,32
6688,31
6689,11
6689,15
6689,16
6690,11
6690,16
6690,21
6691,11
6691,21
6691,22
6692,11
6692,31
6693,11
6693,6
6693,21
6694,11
6694,2
6694,31
6695,11
6695,15
6695,16
6696,11
6696,2
6696,15
6697,11
6697,15
6697,24
6698,11
6698,15
6698,22
6699,11
6700,1
6700,11
6700,2
6701,11
6701,15
6701,16
6702,11
6702,2
6702,6
6703,11
6703,15
6703,29
6704,11
6704,21
6704,22
6705,11
6705,10
6705,22
6706,11
6706,3
6707,11
6707,15
6707,7
6708,11
6708,16
6708,22
4606,16
6709,11
6709,21
6709,24
6710,11
6710,16
6710,22
6711,11
6711,2
6711,7
6712,11
6712,22
6713,11
6714,11
6714,16
6714,21
6715,1
6715,11
6715,2
6716,11
6716,2
6716,21
6717,11
6717,16
6717,22
6718,11
6718,2
6719,11
6719,31
6720,11
6720,22
6721,11
6721,15
6721,16
6722,11
6722,21
6723,11
6723,15
6723,16
6724,11
6724,21
6725,11
6725,15
6725,16
6726,11
6726,2
6726,15
6727,11
6727,21
6728,11
6728,15
6729,11
6729,6
6729,7
6730,1
6730,11
6730,2
6731,11
6731,14
6731,24
6732,11
6732,2
6732,21
6733,11
6733,22
6734,11
6734,21
6734,10
6735,11
6735,2
6735,32
6736,11
6736,16
6736,22
6737,1
6737,11
6737,2
6738,1
6738,11
6738,32
6739,11
6739,21
6740,11
6740,2
6740,31
6741,11
6741,21
6741,7
6742,11
6742,21
6742,7
6743,11
6743,16
6743,21
6744,11
6744,2
6744,21
6745,11
6745,15
6745,16
6746,11
6747,11
6747,21
6747,22
6748,1
6748,11
6748,26
6749,11
6749,26
6749,22
6750,11
6750,16
6750,21
6751,11
6751,16
6751,21
6752,11
6752,21
6753,11
6753,15
6753,31
6754,11
6754,22
6755,11
6755,15
6755,16
6756,11
6756,21
6756,31
6757,11
6757,21
6758,11
6758,24
6759,11
6759,21
6759,30
6760,11
6760,16
6760,21
6761,11
6761,3
6762,11
6762,16
6762,26
6763,11
6763,22
6764,11
6764,16
6764,21
6765,11
6765,21
6765,7
6766,11
6766,16
6766,21
6767,11
6767,19
6767,3
6768,11
6768,2
6768,15
6769,11
6769,2
6769,21
6770,11
6770,22
6771,11
6772,11
6772,16
6772,21
6773,11
6773,2
6773,21
6774,11
6774,16
6774,22
6775,11
6775,21
6775,24
6776,11
6776,15
6776,16
3328,21
6777,11
6777,15
6777,24
6778,11
6778,2
6778,31
6779,1
6779,11
6779,32
6780,11
6780,16
6780,7
6781,11
6781,31
6781,26
6782,11
6782,15
6782,31
6783,11
6783,21
6784,1
6784,11
6784,29
6785,11
6785,21
6786,11
6786,31
6787,11
6787,21
6787,10
6788,11
6788,21
6788,22
6789,11
6789,2
6789,16
6790,11
6790,16
6790,21
6791,11
6791,32
6791,26
6792,11
6792,16
6792,21
6793,11
6793,15
6793,16
6794,11
6795,11
6795,32
6795,31
6796,11
6796,31
6796,26
6797,11
6797,2
6797,32
6798,11
6798,15
6798,16
6799,11
6799,21
6799,7
6800,11
6800,15
6800,21
6801,11
6801,21
6801,22
6802,11
6802,2
6802,6
6803,11
6803,2
6803,32
6804,11
6804,31
6804,3
6805,11
6805,31
6805,22
6806,11
6806,22
6807,11
6807,22
6808,11
6808,16
6809,11
6809,22
6810,11
6810,15
6810,31
6811,11
6811,21
6811,7
6812,11
6812,16
6812,21
6813,11
6813,16
6814,11
6814,2
6814,21
6815,1
6815,11
6815,32
6816,11
6816,21
6817,1
6817,11
6817,2
6818,11
6818,21
6819,11
6819,15
6819,31
6820,11
6820,2
6820,26
6821,11
6821,2
6821,15
6822,11
6822,16
6822,21
6823,11
6823,21
6824,11
6824,16
6824,21
6825,11
6825,21
6825,24
6826,11
6826,32
6826,31
6827,11
6827,15
6827,21
6828,11
6828,2
6828,16
6829,11
6829,2
6829,21
6830,11
6830,16
6830,21
6831,11
6831,15
6831,31
6832,11
6832,2
6832,15
6833,11
6833,21
6834,11
6834,21
6834,24
6835,11
6835,2
6835,16
6836,11
6836,15
6836,21
6837,11
6837,2
6837,16
2488,16
6838,11
6838,2
6838,16
6839,11
6839,16
6839,21
6840,11
6840,2
6840,21
6841,11
6841,16
6841,21
6842,11
6842,16
6842,22
6843,1
6843,11
6843,2
6844,11
6844,15
6844,24
6845,11
6845,21
6845,22
6846,11
6846,21
6847,11
6847,2
6847,22
6848,11
6848,15
6849,11
6849,16
6849,21
6850,11
6850,15
6850,24
6851,11
6852,11
6852,31
6852,22
6853,11
6853,31
6853,22
6854,11
6854,6
6854,21
6855,11
6856,11
6856,2
6856,21
6857,11
6857,16
6857,21
6858,11
6858,21
6858,3
6859,11
6859,21
6859,22
6860,11
6860,2
6860,26
6861,11
6861,32
6862,11
6862,22
2309,2
6863,11
6863,16
6863,21
6864,11
6864,22
6865,11
6865,15
6865,10
6866,11
6866,26
6867,11
6867,2
6867,32
6868,11
6868,16
6869,11
6870,11
6871,11
6871,22
6872,11
6872,21
6872,7
6873,11
6873,31
6873,22
6874,11
6874,16
6874,21
6875,1
6875,11
6875,2
6876,11
6876,16
6876,21
6877,11
6877,2
6877,21
6878,1
6878,11
6878,2
6879,11
6879,2
6879,21
6880,11
6880,16
6880,21
6881,11
6881,21
6882,11
6882,22
6883,11
6883,24
6884,11
6884,30
6884,22
6885,11
6885,15
6885,21
6886,11
6886,21
6887,11
6887,15
6887,16
6888,11
6888,21
6888,24
6889,11
6889,26
6890,11
6890,2
6890,26
6891,11
6892,19
6892,21
6892,11
6893,11
6893,2
6893,32
6894,11
6894,15
6894,21
6895,11
6895,21
6895,29
6896,11
6896,2
6896,24
6897,11
6897,2
6898,11
6898,22
6899,11
6899,21
6899,7
6900,11
6900,21
6901,11
6901,15
6902,11
6902,21
6902,19
6903,11
6903,15
6903,24
6904,11
6904,16
6904,10
6905,11
6905,21
6905,24
6906,11
6907,11
6907,2
6907,21
6908,11
6908,2
6908,26
6909,11
6909,2
6909,15
6910,11
6910,16
6910,22
6911,11
6911,2
6911,19
6912,11
6912,16
6912,21
6913,11
6913,2
6913,15
6914,11
6914,31
6915,1
6915,11
6915,10
6916,11
6916,21
6916,22
6917,11
6917,2
6917,15
6918,11
6918,15
6918,26
2423,22
6919,11
6919,21
6919,22
6920,11
6920,2
6920,7
6921,11
6921,15
6921,27
6922,1
6922,11
6922,2
6923,11
6923,15
6923,16
6924,11
6925,11
6926,1
6926,11
6926,15
6927,11
6927,15
6927,22
6928,1
6928,11
6928,2
6929,11
6929,2
6929,21
6930,1
6930,11
6930,2
6931,11
6931,15
6931,19
6932,11
6932,21
6932,29
6933,11
6933,29
6933,32
6934,11
6934,24
6934,26
6935,11
6935,21
6936,11
6936,15
6936,16
6937,11
6937,15
6937,16
6938,11
6938,16
6938,26
6939,11
6939,26
6939,22
6940,11
6940,21
6941,11
6941,16
6941,21
6942,11
6942,15
6943,11
6943,21
6943,22
6944,11
6944,6
6944,21
6945,11
6945,21
6945,22
6946,11
6946,16
6946,22
3622,21
3622,31
6947,11
6947,15
6948,11
6948,22
6949,11
6949,24
6949,22
6950,11
6950,22
6951,11
6951,6
6951,16
6952,11
6952,21
6952,26
6953,11
6954,11
6954,21
6954,24
6955,11
6955,22
6956,11
6956,16
6956,21
6957,11
6957,15
6957,31
6958,11
6958,21
6958,32
6959,11
6959,21
6960,11
6961,11
6961,16
6961,22
6962,11
6962,2
6962,21
6963,11
6963,2
6963,32
6964,1
6964,11
6964,32
6965,11
6965,26
6965,22
6966,11
6966,16
6966,21
6967,11
6967,31
6968,11
6968,15
6968,16
6969,11
6969,22
6970,11
6970,31
6970,26
6971,11
6971,2
6971,29
6972,11
6972,21
6972,32
6973,11
6973,3
6974,2
6974,1
6974,21
6975,11
6975,16
6975,21
6976,11
6976,21
6977,11
6978,11
6978,15
6978,16
6979,1
6979,11
6979,2
6980,11
6980,26
6980,22
6981,11
6981,26
6981,31
6982,11
6982,15
6982,32
6983,11
6983,22
6984,11
6984,26
6985,11
6985,21
6985,22
2482,22
6986,11
6986,2
6986,21
6987,11
6987,2
6987,31
6988,11
6988,21
6988,22
6989,11
6989,21
6989,24
6990,1
6990,11
6990,2
6991,11
6991,26
6991,22
6992,11
6992,16
6993,11
6993,15
6993,16
6994,11
6994,21
6994,14
6995,11
6995,21
6995,19
6996,11
6996,32
6997,11
6997,15
6998,11
6998,21
6998,31
6999,11
6999,16
6999,21
7000,11
7000,2
7000,26
7001,11
7001,2
7002,11
7002,2
7002,15
7003,11
7003,22
7004,11
7004,26
7004,22
7005,11
7005,2
7005,24
7006,11
7006,2
7006,15
7007,11
7007,22
7008,11
7008,2
7008,21
7009,11
7009,2
7009,26
7010,11
7010,2
7010,21
6938,2
7011,11
7011,16
7011,10
7012,11
7012,16
7012,22
7013,11
7013,21
7013,22
7014,11
7015,11
7015,15
7015,32
7016,11
7016,21
7017,11
7017,16
7017,21
7018,11
7018,16
7018,21
7019,11
7019,21
7020,11
7020,22
7021,11
7021,22
7022,11
7022,16
7022,22
7023,1
7023,11
7023,2
7024,11
7024,2
7024,16
7025,11
7025,15
7025,21
7026,11
7027,11
7027,21
7028,11
7028,16
7028,21
7029,11
7029,16
7029,21
7030,11
7030,2
7030,15
7031,11
7032,11
7032,16
7032,21
7033,11
7033,31
7033,22
7034,11
7034,15
7034,16
7035,11
7035,21
7035,26
7036,11
7036,15
7036,21
7037,11
7037,21
7037,22
7038,11
7038,16
7038,21
7039,11
7039,16
7039,22
7040,11
7040,22
7041,11
7041,15
7042,11
7043,11
7043,16
7043,21
7044,11
7044,26
7044,19
7045,11
7045,21
7046,11
7046,15
6180,15
2652,2
2652,21
7047,11
7047,22
7048,11
7048,22
7049,11
7049,22
7050,11
7050,15
7050,16
7051,11
7051,16
7051,21
7052,11
7052,2
7052,29
7053,11
7053,2
7053,21
7054,11
7054,16
7054,21
7055,11
7055,2
7055,15
7056,11
7056,16
7056,21
2384,3
7057,11
7057,21
7058,11
7058,21
7058,7
7059,11
7059,16
7059,21
7060,11
7060,21
7060,7
7061,11
7061,16
7061,21
7062,11
7062,2
7062,26
2705,15
7063,11
7063,15
7064,11
7064,16
7064,21
7065,11
7065,21
7065,30
7066,11
7066,21
7066,22
7067,11
7067,2
7067,26
7068,11
7068,21
7068,24
7069,11
7069,21
7069,22
7070,11
7070,21
7070,22
7071,11
7071,16
7071,22
7072,11
7073,11
7073,2
7073,26
7074,11
7074,21
7074,7
7075,11
7075,16
7075,21
7076,11
7076,21
7077,11
7077,22
7078,11
7078,21
7078,22
7079,3
7079,11
7079,21
7080,11
7080,2
7080,7
7081,11
7081,16
7081,22
7082,11
7082,2
7082,15
7083,11
7083,16
7083,24
7084,11
7084,2
7084,26
7085,11
7085,2
7085,21
7086,11
7086,31
7086,26
7087,11
7087,16
7087,21
7088,11
7088,31
7088,26
7089,11
7089,21
7089,32
7090,11
7090,16
7090,21
7091,11
7091,31
7091,22
7092,1
7092,11
7092,16
7093,11
7093,26
7093,22
7094,11
7094,2
7094,32
7095,11
7095,21
7095,32
7096,11
7096,2
7096,32
7097,11
7097,16
7097,22
7098,11
7098,2
7098,15
7099,11
7099,6
7100,11
7100,21
7100,31
7101,11
7101,22
7102,11
7102,26
7102,22
7103,11
7103,16
7103,21
7104,11
7104,2
7104,21
7105,11
7105,16
7106,11
7106,2
7106,15
7107,11
7107,31
7107,10
7108,11
7108,15
7109,11
7109,16
7109,21
7110,15
7110,11
7110,16
7111,11
7111,16
7111,14
7112,11
7112,32
7112,2
7113,11
7113,7
7113,19
7114,11
7114,2
7115,11
7115,2
7115,7
7116,11
7116,15
7116,21
7117,11
7117,2
7117,31
7118,11
7118,16
7118,21
7119,11
7119,16
7119,22
7120,11
7120,21
7120,26
7121,11
7121,16
7121,21
7122,11
7122,2
7122,15
7123,11
7124,11
7124,15
7124,32
7125,11
7125,16
7125,21
7126,11
7126,10
7126,24
7127,2
7127,11
7127,21
7128,21
7128,11
7128,24
2337,15
7129,11
7129,16
7129,22
7130,11
7130,2
7130,15
7131,16
7131,21
7131,11
7132,11
7133,11
7133,22
7134,11
7134,2
7134,21
7135,11
7135,15
7135,26
7136,11
7136,15
7137,11
7137,16
7137,21
7138,11
7138,15
7138,16
7139,11
7139,2
7139,15
7140,11
7140,2
7140,21
7141,11
7141,2
7141,15
7142,11
7142,2
7142,16
7143,11
7143,2
7143,21
7144,11
7144,22
7145,11
7145,26
7146,11
7146,29
7146,3
7147,1
7147,11
7147,2
7148,11
7148,21
7148,22
7149,11
7149,21
7149,19
7150,11
7150,29
7150,26
7151,11
7151,15
7151,21
7152,11
7152,16
7152,22
7153,11
7153,21
7153,22
7154,11
7154,6
7154,16
7155,11
7155,16
7155,21
7156,11
7156,21
7156,22
7157,11
7157,2
7157,29
7158,11
7158,16
7158,21
7159,11
7159,15
7159,24
7160,11
7160,21
7160,32
7161,11
7161,2
7161,15
3205,31
3205,26
7162,11
7163,11
7163,16
7163,21
7164,11
7165,11
7165,15
7165,21
7166,11
7166,16
7166,21
7167,11
7167,21
7168,11
7168,2
7168,21
7169,11
7169,21
7169,22
7170,11
7170,21
7170,22
7171,11
7171,21
7172,10
7172,21
7172,32
7173,11
7173,26
7173,22
7174,11
7174,2
7174,24
7175,11
7175,2
7175,15
7176,1
7176,11
7176,2
7177,1
7177,11
7177,2
7178,11
7178,16
7178,22
7179,11
7179,16
7179,21
7180,11
7180,16
7180,22
7181,11
7181,16
7181,21
7182,11
7182,21
7183,11
7183,16
7183,21
7184,11
7184,21
7184,29
7185,11
7185,21
7185,24
7186,11
7186,15
7186,21
7187,11
7187,10
7187,22
7188,11
7188,31
7188,26
7189,11
7189,22
7190,11
7190,21
7190,22
7191,11
7191,16
7191,21
7192,1
7192,11
7192,2
7193,11
7193,16
7193,21
7194,11
7194,16
7194,22
7195,11
7195,3
7196,11
7196,16
7196,21
7197,11
7197,15
7198,11
7198,21
7199,11
7199,26
7200,11
7200,32
7200,2
7201,11
7201,15
7201,16
7202,11
7202,21
7203,11
7203,21
7203,22
7204,11
7204,26
7205,11
7205,26
7205,22
7206,11
7206,2
7206,15
7207,11
7207,16
7207,21
7208,11
7209,11
7209,15
7209,24
7210,11
7210,31
7211,11
7211,21
7212,11
7212,15
7212,21
7213,1
7213,11
7213,2
7214,11
7214,24
7215,11
7215,2
7215,21
7216,11
7216,16
7216,21
7217,11
7217,24
7218,11
7218,2
7218,15
7219,11
7219,15
7220,11
7220,2
7220,21
7221,11
7221,21
7221,22
7222,11
7222,24
7223,11
7223,15
7223,16
7224,11
7224,2
7224,32
7225,11
7225,26
7226,1
7226,11
7226,26
7227,11
7227,2
7228,11
7228,16
7229,11
7229,15
7229,24
7230,11
7230,2
7231,11
7231,2
7231,15
7232,11
7232,7
7232,22
7233,11
7233,15
7234,11
7234,21
7235,1
7235,11
7235,16
7236,11
7236,16
7236,32
7237,1
7237,11
7237,2
7238,11
7239,11
7239,31
7239,22
7240,11
7240,26
7241,1
7241,11
7241,2
7242,11
7242,16
7242,21
7243,11
7243,22
7244,1
7244,11
7244,2
7245,11
7245,16
7246,11
7246,15
7246,32
7247,11
7247,16
7247,21
7248,11
7248,15
7249,11
7249,21
7249,19
7250,11
7250,16
7250,21
7251,11
7251,21
7251,7
7252,11
7252,32
7253,11
7253,15
7253,16
7254,11
7254,16
7254,21
7255,11
7255,15
7255,26
7256,11
7256,2
7256,19
7257,11
7257,26
7258,11
7258,16
7258,22
7259,11
7260,11
7260,2
7260,21
7261,11
7261,21
7262,11
7262,16
7262,21
7263,11
7263,15
7263,16
7264,11
7264,26
7264,22
7265,11
7266,11
7266,16
7266,10
7267,11
7267,2
7267,15
7268,11
7268,21
7268,30
7269,1
7269,11
7269,2
7270,11
7270,21
7270,7
7271,11
7272,11
7272,15
7272,16
7273,11
7273,2
7273,21
7274,11
7274,22
7275,11
7275,16
7275,21
7276,11
7277,11
7277,10
7277,22
7278,11
7279,11
7279,21
7279,24
7280,11
7280,2
7280,7
7281,11
7281,2
7281,21
7282,11
7282,16
7282,21
7283,11
7283,16
7284,11
7284,31
7285,11
7285,2
7285,10
7286,11
7286,21
7287,11
7287,16
7288,11
7288,16
7288,21
7289,11
7289,21
7289,22
7290,11
7290,16
7290,21
7291,11
7291,22
7292,11
7292,16
7292,21
7293,11
7293,15
7293,21
7294,11
7294,16
7294,21
7295,11
7295,16
7295,21
7296,11
7296,16
7296,22
2258,21
2258,19
7297,11
7297,2
7297,21
7298,11
7298,32
2718,1
7299,11
7299,22
7300,11
7300,21
7301,11
7301,16
7302,11
7302,21
7303,11
7303,2
7303,15
7304,11
7304,22
7305,11
7305,22
7306,11
7307,11
7307,16
7307,21
7308,11
7308,16
7308,21
7309,11
7309,31
7309,26
7310,11
7310,15
7310,16
7311,11
7311,22
7312,11
7312,2
7312,24
7313,11
7313,16
7314,11
7314,21
7314,22
7315,11
7315,21
7315,19
7316,11
7317,11
7317,2
7317,32
7318,11
7318,16
7318,22
7319,11
7319,16
7319,22
7320,11
7320,16
7320,21
7321,11
7321,2
7321,32
7322,11
7322,21
7323,11
7323,16
7323,21
7324,11
7324,15
7325,1
7325,11
7325,2
7326,11
7326,2
7326,29
7327,11
7327,15
7327,16
7328,11
7328,15
7329,11
7329,16
7329,31
7330,11
7330,21
7330,32
7331,11
7332,21
7332,11
7332,14
6391,2
7333,11
7333,2
7333,31
7334,11
7334,2
7334,32
7335,11
7335,2
7335,16
7336,11
7336,22
7337,11
4260,14
7338,11
7339,11
7340,11
7340,26
7341,11
7341,2
7341,16
7342,11
7342,31
7343,11
7343,21
7344,11
7344,22
7345,11
7345,2
7345,16
7346,11
7346,15
7347,11
7347,2
7347,16
7348,11
7348,2
7348,21
7349,11
7349,21
7349,10
7350,11
7350,21
7351,11
7351,29
7351,31
7352,1
7352,11
7352,26
7353,11
7353,2
7353,7
7354,11
7354,16
7354,21
7355,11
7355,2
7356,11
7356,15
7356,16
7357,11
7357,2
7357,15
7358,11
7358,21
7358,19
7359,11
7359,21
7359,22
7360,11
7360,2
7360,26
7361,11
7362,11
7362,21
7362,22
7363,11
7363,15
7364,11
7364,16
7364,21
7365,11
7365,2
7365,15
7366,11
7366,16
7366,21
7367,11
7367,15
7367,22
7368,11
7368,21
7368,22
7369,11
7369,2
7369,21
7370,11
7370,16
7370,21
7371,11
7371,2
7371,21
7372,11
7372,2
7372,21
7373,11
7373,16
7373,21
7374,11
7374,15
7374,10
7375,11
7375,21
7376,1
7376,11
7376,2
7377,11
7377,15
7377,24
7378,11
7378,2
7378,32
7379,11
7379,2
7379,21
7380,11
7380,16
7380,22
7381,11
7381,15
7381,16
7382,11
7382,3
7383,11
7383,3
7384,11
7384,21
7385,1
7385,11
7385,15
7386,11
7386,16
7386,22
7387,11
7387,2
7387,15
7388,11
7388,16
7388,31
7389,11
7390,11
7390,21
7390,32
7391,11
7391,22
7392,11
5224,22
7393,11
7393,31
7394,11
7394,2
7394,32
7395,11
7395,16
7395,21
7396,11
7396,2
7396,32
7397,11
7397,16
7397,21
7398,11
7398,22
4726,22
7399,11
7399,21
7399,31
7400,11
7400,21
7401,11
7401,2
7401,32
7402,11
7402,21
7402,22
7403,11
7403,21
7403,32
7404,11
7404,15
7404,21
7405,11
7405,2
7406,11
7406,21
7406,22
7407,11
7407,16
7407,22
4524,15
7408,11
7408,2
7408,21
7409,11
7409,21
7409,22
7410,11
7410,16
7410,21
7411,11
7411,2
7411,16
7412,11
7412,31
7412,22
7413,11
7413,21
7414,11
7414,21
7414,24
7415,11
7415,21
7416,11
7416,2
7417,11
7417,22
7418,11
7418,2
7418,26
7419,11
7419,32
7420,11
7421,11
7421,16
7421,22
7422,11
7422,21
7422,7
7423,11
7423,16
7423,21
7424,11
7424,21
7424,22
7425,11
7425,32
7425,2
7426,11
7426,2
7426,21
7427,11
7427,2
7427,31
7428,11
7428,21
7428,19
7429,11
7429,15
7429,31
7430,11
7430,16
7431,11
7431,2
7431,7
7432,11
7432,21
7432,7
7433,1
7433,11
7433,2
7434,11
7434,31
7434,26
7435,11
7435,21
7436,11
7436,15
7436,32
7437,11
7437,15
7437,21
7438,11
7438,21
7438,7
7439,11
7439,16
7439,21
7440,11
7440,15
7440,21
7441,11
7441,16
7441,21
7442,11
7442,15
7442,21
7443,11
7443,2
7443,10
7444,11
7444,16
7444,21
7445,11
7445,16
7445,21
7446,11
7446,16
7446,21
7447,11
7447,2
7447,16
7448,11
7448,15
7448,31
7449,11
7449,2
7449,15
7450,11
7450,21
7451,11
7451,2
7451,15
3783,21
7452,11
7452,31
7452,10
7453,11
7453,16
7453,21
7454,11
7454,2
7454,21
7455,11
7455,21
7455,22
7456,11
7456,2
7456,6
7457,11
7457,32
7457,14
7458,11
7459,11
7459,16
7459,22
7460,11
7460,21
7461,11
7461,21
7461,24
7462,11
7462,16
7462,21
7463,11
7463,16
7463,21
7464,1
7464,11
7464,2
7465,11
7465,2
7465,26
7466,11
7466,2
7466,16
7467,11
7467,21
7467,7
7468,11
7468,6
7468,21
7469,1
7469,11
7469,32
7470,1
7470,11
7470,32
7471,11
7471,16
7472,1
7472,11
7472,2
7473,11
7473,2
7473,32
7474,11
7474,15
7475,11
7475,15
7475,16
7476,11
7476,16
7477,11
7477,15
7478,11
7478,15
7478,16
7479,11
7479,21
7480,11
7481,11
7481,16
7481,22
7482,11
7482,22
7483,11
7483,21
7483,22
7484,11
7485,11
7485,21
7486,11
7486,21
7487,11
7487,15
7487,22
7488,11
7488,2
7488,26
7489,11
7489,14
7489,24
7490,11
7490,2
7490,21
7491,11
7491,2
7491,15
7492,11
7493,11
7493,21
7493,22
7494,11
7494,2
7494,21
7495,11
7495,16
7495,21
7496,11
7496,2
7496,16
7497,1
7497,11
7497,2
7498,11
7498,2
7498,21
7499,11
7499,15
7499,16
7500,11
7500,6
7500,16
7501,11
7501,24
7501,22
7502,11
7502,22
7503,11
7503,15
7503,16
7504,11
7504,21
7504,14
7505,11
7505,16
7505,21
7506,1
7506,11
7506,2
7507,11
7507,15
7507,16
7508,1
7508,11
7508,26
7509,11
7509,16
7509,21
7510,1
7510,11
7510,2
7511,11
7511,2
7511,16
7512,11
7512,26
7513,11
7513,21
7513,7
7514,11
7514,15
7514,16
7515,11
7515,2
7515,16
7516,11
7516,15
7516,24
7517,11
7518,11
7518,2
7518,7
7519,11
7519,10
7519,22
7520,11
7520,16
7520,21
7521,11
7521,2
7521,32
7522,11
7522,15
7522,31
7523,11
7523,3
7524,11
7524,21
7524,22
7525,11
7525,21
7525,22
7526,11
7526,15
7526,21
7527,1
7527,11
7527,2
7528,11
7528,2
7529,11
7529,7
7530,11
7530,21
7530,24
7531,11
7531,2
7531,22
7532,11
7532,31
7532,22
7533,1
7533,11
7533,2
7534,11
7534,2
7534,29
7535,11
7536,1
7536,11
7536,32
7537,11
7537,16
7537,22
7538,11
7539,11
7539,15
7539,27
7540,11
7540,15
7540,16
7541,11
7541,21
7541,19
7542,11
7542,15
7542,16
7543,11
7543,21
7543,7
7544,11
7544,31
7544,22
7545,1
7545,11
7545,2
7546,1
7546,11
7546,32
7547,11
7547,16
7547,21
7548,11
7548,2
7548,21
7549,1
7549,11
7549,16
7550,11
7550,26
7551,11
7551,2
7551,16
7552,11
7552,15
7552,21
7553,11
7554,11
7555,11
7555,16
7555,21
7556,11
7556,15
7556,16
7557,11
7557,21
7557,24
7558,11
7558,2
7558,32
7559,11
7559,16
7559,21
7560,11
7560,15
7560,16
7561,11
7561,24
7562,11
7562,21
7563,11
7563,26
7564,11
7564,16
7564,22
4015,15
7565,11
7565,16
7565,22
7566,11
7566,21
7566,19
7567,11
7567,16
7568,11
7568,21
7568,22
7569,11
7569,2
7569,24
7570,11
7571,11
7571,2
7571,21
7572,11
7572,21
7572,19
7573,1
7573,11
7573,15
7574,11
7574,15
7574,21
7575,11
7575,10
7575,22
7576,11
7577,11
7577,2
7577,15
7578,11
7578,15
7578,26
7579,1
7579,11
7579,2
7580,11
7580,16
7581,11
7581,16
7581,21
7582,11
7582,21
7582,24
7583,11
7583,15
7583,22
7584,11
7584,2
7584,26
7585,11
7585,2
7585,32
7586,11
7586,15
7586,22
7587,11
7588,11
7588,26
7589,11
7589,22
7590,11
7590,21
7591,11
7591,21
7591,26
3640,26
7592,11
7592,16
7592,21
7593,11
7593,21
7593,14
7594,11
7594,32
7594,31
7595,11
7595,16
7595,22
7596,11
7596,15
7596,31
7597,11
7597,15
7597,16
7598,11
7598,32
7598,24
7599,11
7599,15
7599,16
7600,11
7600,31
7600,26
7601,11
7601,2
7601,15
7602,11
7602,21
7603,11
7603,21
7603,7
7604,11
7604,2
7604,16
7605,11
7605,16
7605,21
7606,11
7606,10
7606,24
7607,11
7607,15
7607,32
7608,11
7608,16
7608,21
7609,11
7609,31
7609,22
7610,11
7610,2
7610,26
7611,11
7611,15
6950,31
6950,26
7612,11
7612,21
7612,32
7613,11
7613,31
7613,24
7614,11
7614,16
7614,21
7615,11
7615,16
7615,22
7616,11
7616,16
7616,22
7617,16
7617,11
7299,21
7618,11
7618,2
7618,15
7619,1
7619,11
7619,2
7620,1
7620,11
7620,2
7621,11
7621,2
7621,21
7622,11
7622,16
7622,22
7623,11
7623,2
7623,32
7624,11
7624,15
7625,11
7625,21
7625,7
7626,11
7626,15
7626,32
7627,11
7628,11
7628,15
7629,11
7629,2
7629,26
7630,11
7630,21
7630,7
7631,11
7631,21
7631,7
7632,11
7632,2
7632,15
7633,11
7633,16
7633,21
7634,11
7634,15
7635,11
7635,16
7635,21
7636,11
7636,21
7637,11
7637,22
7638,21
7638,15
7638,2
7639,11
7639,31
7640,1
7640,11
7640,2
7641,11
7641,21
7641,32
7642,11
7642,26
7643,11
7643,2
7643,26
7644,11
7644,21
7644,24
7645,11
7645,21
2907,26
7646,11
7646,15
7646,22
7647,11
7647,21
7648,11
7648,16
7648,21
7649,11
7649,2
7649,21
7650,11
7651,1
7651,11
7651,2
7652,11
7652,16
7652,21
7653,1
7653,11
7653,16
7654,1
7654,11
7654,15
7655,11
7655,21
2337,24
2337,22
7656,11
7656,15
7656,21
7657,11
7657,16
7657,21
7658,1
7658,11
7658,2
7659,11
7659,15
7660,11
7660,15
7660,10
7661,1
7661,11
7661,2
7662,11
7662,31
7663,11
7663,2
7663,7
7664,11
7664,15
7664,26
7665,11
7665,21
7665,19
7666,11
7666,22
7667,11
7667,21
7668,11
7668,16
7668,21
7669,11
7669,16
7669,21
7670,1
7670,11
7670,2
7671,11
7671,22
7671,19
7672,11
7672,15
7672,16
7673,11
7673,16
7673,21
7674,11
7674,2
7674,15
2912,16
7675,11
7675,16
7675,22
7676,11
7676,2
7676,31
7677,11
7677,21
7677,24
7678,11
7678,2
7678,21
7679,11
7679,2
7679,24
7680,11
7680,2
7680,21
7681,11
7681,16
7681,10
7682,11
7682,2
7682,31
7683,11
7683,2
7683,26
7684,11
7684,16
7684,22
7685,11
7685,2
7685,15
7686,11
7686,16
7686,31
7687,11
7687,2
7687,29
7688,1
7688,11
7688,2
7689,11
7689,15
7689,21
7690,11
7690,22
7691,11
7692,14
7692,11
7692,16
7693,11
7693,15
7693,31
7694,11
7694,14
7694,24
7695,11
7695,19
7696,11
7696,2
7696,21
7697,11
7698,11
7699,11
7699,16
7699,21
7700,11
7700,6
7700,21
7701,11
7701,21
7701,24
7702,11
7702,16
7702,21
7703,11
7703,21
7703,26
7704,11
7704,2
7704,26
7705,11
7705,15
7706,11
7706,16
7706,21
7707,11
7707,2
7707,15
7708,11
7708,16
7708,10
7709,11
7709,21
7709,24
7710,11
7710,21
7711,11
7711,15
7712,11
7712,32
7712,14
7713,11
7713,21
7713,30
7714,11
7714,2
7714,24
7715,11
7715,2
7715,21
7716,11
7716,22
7717,11
7717,15
7718,11
7718,31
7718,26
7719,11
7719,21
7720,11
7720,16
7720,21
7721,11
7721,16
7721,21
7722,11
7722,6
7722,16
7723,11
7723,21
7724,11
7725,11
7725,24
7726,11
7726,31
7727,11
7727,16
7727,22
7728,11
7728,29
7729,11
7729,24
7729,22
7730,11
7730,21
7730,7
7731,11
7731,21
7731,22
7732,11
7732,15
7732,16
7733,11
7733,31
7734,11
7734,16
7734,21
7735,11
7736,11
7736,31
7736,22
6221,21
6221,30
7737,11
7737,31
7737,26
7738,11
7738,15
7738,24
7739,11
7739,16
7739,22
7740,1
7740,11
7740,15
7741,11
7741,16
7741,26
7742,11
7742,2
7742,6
7743,11
7743,6
7743,21
7744,11
7744,2
7744,16
7745,1
7745,11
7745,2
7746,11
7746,21
7746,24
7747,11
7747,16
7747,21
7748,11
7748,15
7748,16
7749,11
7749,21
7750,11
7750,2
7750,15
7751,11
7751,16
7751,21
7752,11
7752,2
7752,15
7753,11
7753,21
7753,32
7754,11
7754,2
7754,29
7755,11
7755,2
7755,15
7756,11
7756,16
7756,22
7757,11
7757,26
7758,11
7758,26
7759,11
7759,2
7759,32
7760,11
7760,21
7761,11
7761,15
7761,21
7762,11
7762,2
7762,16
7763,11
7763,21
7764,11
7764,22
7765,11
7765,16
7765,21
7766,21
7766,16
7766,11
7767,11
7767,15
7767,16
7768,11
7768,15
7768,21
7769,11
7769,2
7769,21
7770,11
7770,15
7770,21
7771,11
7771,2
7771,15
7772,11
7772,16
7772,21
7773,11
7773,15
7773,31
2912,22
7774,1
7774,11
7774,2
7775,11
7775,32
7775,26
7776,1
7776,11
7776,16
7777,11
7778,11
7778,16
7778,22
7779,11
7780,11
7780,16
7780,21
7781,11
7781,16
7781,22
7782,11
7782,2
7783,11
7783,2
7783,15
7784,11
7784,15
7784,21
7785,11
7785,21
7785,22
7786,11
7786,22
7787,11
7787,16
7787,21
7788,11
7788,8
7788,21
7789,11
3395,2
3395,32
7790,1
7790,11
7790,32
7791,11
7791,21
7791,22
7792,11
7792,31
7792,22
7793,11
7793,2
7793,32
7794,11
7794,21
7795,11
7795,2
7795,21
7796,11
7796,22
7797,11
7797,2
7797,31
7798,1
7798,11
7798,15
7799,11
7799,2
7799,26
7800,11
7800,2
7800,26
7801,11
7801,21
7801,7
7802,11
7802,15
7803,11
7803,21
7803,24
7804,11
7804,2
7804,19
7805,11
7806,11
7806,2
7806,15
7807,11
7807,15
7807,16
7808,11
7808,2
7808,21
7809,11
7809,21
7809,22
7810,11
7810,21
7810,14
7811,11
7811,2
7811,26
7812,11
7812,21
7812,19
7813,11
7813,2
7814,11
7814,22
7815,11
7815,15
7815,16
7816,11
7816,2
7816,15
7817,11
7817,21
7818,11
7818,21
7818,14
7819,11
7819,21
7819,22
7820,11
7820,15
7820,16
7821,11
7822,11
7822,22
7823,11
7823,2
7823,21
7824,11
7824,22
7825,11
7825,26
7825,22
7826,11
7826,2
7826,31
7827,11
7827,2
7827,32
7828,11
7828,16
7828,21
7829,11
7829,16
7829,21
7830,11
7830,21
7830,22
7831,11
7831,2
7831,15
7832,11
7832,2
7832,22
7833,11
7833,2
7833,21
7834,11
7834,16
7834,22
7835,11
7836,11
7836,21
7836,16
7837,11
7837,10
7837,3
7838,11
7838,2
7838,21
7839,11
7839,15
7839,21
7840,1
7840,11
7840,26
7841,11
7841,2
7841,29
7842,11
7842,22
7843,11
7843,16
7844,11
7844,16
7844,22
7845,11
7845,2
7845,15
7846,11
7846,2
7846,16
7847,11
7847,21
7847,22
7848,11
7848,16
7848,21
7849,11
7849,21
7850,11
7850,15
7850,16
7851,11
7851,16
7851,22
2912,24
7852,11
7852,15
7852,29
7853,11
7853,21
7854,11
7854,16
7854,21
7855,11
7855,21
7855,26
7856,11
7856,15
7856,21
7857,11
7857,32
7857,31
7858,11
7858,22
7859,11
7859,31
7859,26
7860,11
7860,21
7860,24
7861,11
7861,31
7862,11
7862,2
7862,21
7863,11
7863,26
7863,22
7864,11
7864,16
7864,31
7865,11
7865,16
7865,22
7866,11
7866,21
7867,11
7867,22
7868,11
7868,15
7868,16
7869,11
7869,15
7869,31
7870,11
7870,21
7871,11
7871,21
5477,21
5477,22
7872,11
7872,2
7872,15
7873,11
7873,2
7873,21
7874,11
7874,16
7874,22
7875,11
7875,32
7875,24
7876,11
7876,15
7876,24
7877,11
7877,32
7877,31
7878,11
7879,11
7879,16
7879,22
7880,11
7880,21
7880,7
7881,11
7881,24
7882,11
7882,21
7883,11
7883,15
7883,32
7884,1
7884,11
7884,31
7885,11
7885,22
7886,11
7886,15
7886,16
7887,11
7887,2
7887,21
7888,11
7888,21
7889,11
7889,26
7890,11
7891,11
7891,26
7891,22
7892,11
7892,2
7892,26
7893,11
7893,30
7894,11
7894,21
7895,11
7895,16
7895,21
7896,1
7896,11
7896,32
7897,11
7897,31
7897,3
7898,11
7898,2
7898,26
7899,11
7899,15
7900,11
7900,26
7900,22
7901,11
7901,16
7901,21
7902,11
7902,21
7902,29
7903,11
7903,15
7903,16
7904,11
7904,21
7905,11
7906,11
7906,2
7906,15
7907,11
7907,2
7907,15
7908,11
7908,2
7908,26
7909,11
7910,11
7910,21
7910,24
7911,11
7912,11
7913,11
7913,15
7914,11
7914,21
7915,11
7916,11
7916,16
7916,21
7917,11
7917,26
7918,11
7918,16
7918,31
7919,11
7919,16
7919,21
7920,11
7920,21
7920,24
7921,11
7921,16
7921,21
7922,11
7922,15
7923,11
7923,15
7923,21
7924,11
7924,15
7925,11
7925,15
7925,21
7926,11
7926,15
7927,11
7927,2
7927,21
7928,11
7928,16
7928,24
7929,11
7929,21
7930,11
7930,10
7930,22
7931,11
7931,16
7931,10
7932,11
7932,16
7932,22
7933,11
7933,16
7933,22
7934,11
7934,16
7934,22
7935,11
7935,2
7936,11
7936,2
7936,15
7937,11
7937,21
7937,19
7938,11
7938,16
7938,21
7939,11
7940,11
7940,15
7941,11
7941,31
7941,26
7942,11
7942,16
7942,22
7943,1
7943,11
7943,2
7944,11
7944,15
7944,26
7945,11
7945,2
7945,16
7946,11
7947,11
7947,15
7947,16
7948,11
7948,15
7948,21
7949,11
7949,26
7949,22
7950,1
7950,11
7950,21
7951,11
7951,2
7951,21
7952,11
7952,16
7952,22
7953,11
7953,21
7953,24
7954,1
7954,11
7954,2
7955,11
7955,21
7955,24
7956,1
7956,11
7956,2
7957,11
7957,2
7957,3
7958,11
7958,26
7958,22
7959,11
7959,26
7959,22
7960,11
7960,15
7960,31
7961,11
7961,15
7962,11
7962,2
7962,29
7963,11
7964,11
7964,21
7965,11
7965,22
7966,11
7966,15
7967,11
7967,31
7968,11
7968,21
7969,11
7969,32
7969,31
7970,11
7970,21
7971,11
7971,16
7971,22
7972,11
7972,21
7972,10
7973,11
7973,21
7973,22
7974,11
7974,21
7974,7
7975,11
7975,2
7975,22
7976,11
7976,15
7977,11
7977,21
7978,11
7978,21
7979,11
7979,22
7980,11
7980,2
7980,15
7981,11
7981,2
7981,15
7982,11
7983,11
7983,31
7983,22
7984,11
7984,31
7984,26
7985,11
7985,15
7985,21
7986,11
7986,16
7986,22
7987,11
7987,2
7987,32
7988,11
7988,15
7988,26
7989,11
7989,15
7989,21
7990,11
7990,26
7991,11
7991,15
7992,11
7992,2
7992,15
7993,11
7993,2
7993,32
7994,1
7994,11
7994,2
7995,11
7995,15
7995,21
7996,11
7996,15
7996,16
7997,11
7997,16
7997,10
7998,11
7998,15
7998,21
7999,11
7999,21
7999,22
8000,11
8000,16
8000,21
8001,11
8001,2
8001,26
8002,11
8002,2
8002,16
8003,11
8003,16
8003,21
8004,11
8004,10
8004,22
8005,11
8005,21
8005,7
8006,11
8006,22
8007,11
8008,11
8008,2
8008,29
8009,11
8010,11
8011,11
8011,2
8011,21
2167,2
8012,11
8012,22
8013,11
8013,21
8013,29
8014,11
8014,2
8014,32
8015,11
8015,21
8015,24
8016,11
8016,2
8016,31
8017,11
8017,2
8017,26
8018,11
8018,15
8019,11
8019,22
8020,11
8020,21
8020,22
8021,11
8021,15
8021,31
8022,11
8022,2
8022,15
8023,1
8023,11
8023,32
8024,11
8024,16
8024,22
8025,11
8025,2
8025,15
8026,1
8026,11
8026,21
8027,11
8027,15
8027,26
8028,11
8028,15
8028,32
8029,11
8030,11
8030,15
8030,16
8031,11
8031,21
8031,22
8032,1
8032,11
8032,32
8033,11
8033,15
8033,21
8034,11
8034,16
8035,11
8035,15
8036,11
8036,2
8036,19
8037,11
8037,16
8037,22
8038,11
8038,16
8038,21
8039,11
8039,2
8039,21
8040,11
8040,16
8040,22
8041,11
8041,29
8041,26
8042,11
8042,2
8042,15
8043,1
8043,11
8043,2
8044,11
8044,15
8044,16
8045,11
8045,21
8046,11
8046,16
8046,21
8047,11
8047,32
8048,11
8048,21
8048,31
8049,11
8049,2
8050,11
8050,2
8050,19
8051,11
8051,21
8051,31
8052,11
8052,16
8052,21
8053,11
8053,21
8053,19
8054,11
8054,21
8054,22
8055,11
8055,21
8055,32
8056,11
8056,26
8056,22
8057,11
8057,2
8057,22
8058,11
8058,16
8058,21
8059,11
8059,19
3718,15
3718,16
8060,11
8060,21
8060,24
8061,21
8061,11
8062,11
8062,2
8062,22
8063,11
8063,2
8063,15
8064,11
8064,21
8064,22
8065,11
8065,16
8065,21
8066,11
8066,21
8067,11
8067,2
8067,32
8068,1
8068,11
8068,2
8069,11
8069,21
8070,11
8070,21
8071,11
8071,21
8071,10
8072,11
8072,15
8072,21
8073,11
8073,16
8073,22
5794,21
5794,19
8074,11
8075,11
8075,15
8075,30
8076,11
8076,22
8076,3
8077,11
8077,21
8078,11
8078,2
8079,11
8079,6
8079,16
8080,11
8080,2
8080,15
8081,11
8081,22
8082,11
8082,2
8082,29
8083,11
8084,11
8084,16
8085,11
8085,26
8086,1
8086,11
8086,2
8087,11
8087,15
8088,11
8088,2
8088,21
8089,11
8089,2
8089,15
8090,11
8090,15
8090,16
8091,11
8091,6
8091,16
8092,11
8092,21
8092,10
8093,11
8093,16
8093,21
8094,11
8094,16
8094,21
8095,11
8095,2
8095,21
8096,1
8096,11
8096,2
8097,11
8097,26
8097,22
8098,11
8098,21
8099,11
8099,21
8100,11
8100,2
8100,21
8101,11
8101,10
8101,26
8102,11
8103,11
8103,31
8103,26
8104,11
8104,15
8104,21
8105,11
8105,2
8105,16
8106,11
8107,11
8107,16
8107,21
8108,11
8108,22
8109,11
8109,22
8110,11
8110,16
8111,11
8111,16
8111,22
8112,11
8112,16
8112,21
8113,11
8113,21
8114,11
8114,21
8114,19
8115,11
8115,15
8115,32
8116,11
8116,15
8116,22
8117,11
8117,21
8117,26
8118,11
8119,11
8119,21
8119,30
8120,11
8120,2
8120,21
8121,11
8121,21
8121,19
8122,11
8122,2
8122,26
8123,11
8123,15
8123,21
8124,11
8124,16
8124,22
8125,11
8125,16
8125,22
8126,11
8126,24
8127,11
8127,21
8127,22
8128,11
8128,16
8128,21
8129,11
8129,26
8129,22
8130,21
8130,22
8130,11
8131,11
8131,2
8131,15
5746,2
5746,21
7634,21
8132,1
8132,11
8132,15
8133,11
8133,16
8133,21
8134,11
8134,16
8134,21
8135,11
8135,2
8135,21
8136,11
8136,15
8136,31
8137,11
8137,26
8137,22
8138,11
8138,15
8138,32
8139,11
8139,21
8140,11
8140,2
8140,32
8141,11
8141,16
8141,31
8142,11
8142,2
8143,11
8143,2
8144,11
8144,22
8145,11
8145,16
8145,21
8146,11
8146,21
8147,11
8147,21
8147,22
8148,11
8148,2
8148,21
8149,11
8149,15
8149,16
8150,11
8150,16
8150,22
8151,11
8151,2
8151,15
8152,11
8152,31
8152,26
8153,11
8153,21
8153,24
8154,11
8154,21
8154,22
8155,11
8155,16
8155,21
8156,11
8156,2
8156,32
8157,1
8157,11
8157,32
8158,11
8158,2
8158,15
8159,11
8159,21
8160,11
8160,31
8160,26
8161,11
8161,16
8161,21
8162,11
8162,22
8163,11
8163,21
8163,22
8164,11
8164,2
8164,16
8165,11
8165,2
8165,15
8166,11
8166,21
8166,19
8167,11
8167,24
8167,22
8168,11
8168,21
8168,24
8169,11
8169,16
8169,21
8170,11
8170,15
8171,11
8171,2
8171,22
8172,11
8172,31
8172,22
8173,11
8173,15
8173,16
8174,11
8174,2
8174,22
8175,11
8175,31
8175,22
8176,11
8176,21
8176,24
8177,11
8177,7
8177,27
8178,11
8178,21
8179,11
8179,31
8180,11
8180,16
8180,21
8181,11
8181,6
8181,15
8182,11
8182,15
8182,29
8183,11
8183,26
8184,11
8184,15
8184,31
8185,11
8185,2
8185,15
8186,11
8186,16
8186,21
8187,11
8187,2
8187,29
8188,11
8188,31
8189,11
8189,15
8189,16
8190,11
8191,11
8191,22
8192,11
8192,21
8193,11
8193,2
8193,21
7649,22
8194,11
8194,16
8194,21
8195,11
8195,15
8195,16
8196,11
8196,15
8196,31
8197,11
8197,31
8197,22
8198,11
8198,21
8198,22
8199,11
8199,2
8199,31
8200,11
8200,16
8200,21
8201,11
8201,31
8201,22
8202,11
8202,22
8203,11
8204,11
8204,2
8204,16
8205,11
8205,2
8205,6
8206,11
8206,21
8207,11
8207,21
8207,31
8208,11
8208,2
8208,22
8209,11
8209,16
8209,22
8210,11
8210,15
8210,21
8211,1
8211,11
8211,2
8212,11
8212,31
8212,26
8213,11
8213,15
8213,16
8214,11
8214,26
8214,22
8215,11
8215,2
8215,32
8216,11
8216,16
8216,21
8217,11
8218,11
8218,16
8218,21
8219,11
8219,16
8219,21
8220,11
8220,2
8220,16
8221,11
8221,21
8221,7
8222,11
8222,16
8222,10
8223,11
8224,11
8224,2
8224,15
8225,11
8225,2
8225,31
8226,11
8226,21
8226,22
8227,11
8227,6
8227,21
8228,11
8228,16
8228,21
8229,11
8229,21
8229,19
8230,11
8230,22
8231,11
8231,2
8231,15
8232,11
8232,2
8232,15
8233,11
8233,15
8233,16
8234,11
8234,2
8234,7
8235,11
8235,15
8235,16
8236,11
8237,16
8237,22
8237,11
8238,11
8238,16
8238,22
8239,1
8239,11
8239,2
8240,11
8240,31
8241,11
8241,15
8241,31
8242,11
8242,15
8242,21
8243,11
8243,15
8243,16
8244,11
8244,16
8244,22
8245,11
8246,1
8246,11
8246,21
8247,11
8247,15
8247,29
8248,11
8249,1
8249,11
8249,2
8250,11
8250,15
8250,16
8251,11
8251,2
8251,26
8252,11
8252,15
8252,16
8253,11
8253,21
8253,14
8254,11
8254,16
8254,24
8255,11
8255,2
8256,11
8256,2
8256,22
8257,11
8257,15
8257,26
8258,11
8258,16
8258,21
8259,11
8259,16
8259,21
8260,11
8260,21
8260,22
8261,11
8261,21
8261,14
4817,21
8262,11
8262,15
8263,11
8263,16
8263,21
8264,11
8264,31
8265,11
8265,26
8266,11
8266,21
8267,11
8267,15
8267,21
8268,11
8268,21
8268,22
8269,11
8269,24
8270,11
8270,15
8271,11
8271,2
8271,16
8272,11
8272,22
8273,11
8273,16
8273,31
8274,11
8274,16
8274,10
8275,11
8275,2
8275,32
8276,11
8276,2
8276,15
8277,11
8277,16
8277,21
8278,11
8278,2
8278,21
8279,11
8279,15
8279,16
8280,11
8280,15
8280,16
8281,11
8281,15
8281,14
8282,11
8282,2
8282,15
8283,11
8284,11
8284,15
8284,21
8285,11
8285,15
8285,21
8286,11
8286,15
8287,11
8287,15
8287,16
8288,11
8288,21
8288,32
8289,11
8289,2
8289,21
8290,11
8290,2
8290,22
8291,11
8291,2
8291,15
8292,11
8292,15
8292,32
8293,11
8293,21
8293,24
8294,11
8294,22
8295,11
8295,16
8295,21
8296,11
8296,2
8296,32
6056,16
8297,11
8297,2
8297,32
8298,11
8298,32
8299,11
8299,2
8300,11
8300,2
8300,16
8301,11
8301,21
2004,16
2004,22
8302,11
8302,15
8302,21
8303,11
8303,15
8303,31
8304,11
8304,16
8304,31
8305,11
8305,16
8305,21
8306,11
8306,22
8307,11
8307,16
8307,21
8308,11
8308,16
8308,21
8309,11
8309,21
8310,11
8310,2
8310,21
8311,11
8311,21
8312,11
8312,15
8313,11
8313,21
8314,11
8315,11
8315,21
8316,11
8316,21
8317,11
8317,16
8317,22
8318,11
8318,16
8318,31
8319,11
8320,11
8320,16
8320,30
8321,11
8321,21
8321,24
8322,11
8322,22
8322,19
8323,11
8323,31
8323,22
8324,1
8324,11
8324,2
6836,22
8325,11
8325,16
8325,21
8326,11
8327,11
8327,21
8327,30
8328,1
8328,11
8328,21
3016,21
3016,22
8329,11
8329,21
6717,2
8330,11
8330,6
8330,21
8331,11
8331,26
8331,22
8332,11
8332,16
8333,11
8333,2
8333,15
8334,11
8334,21
8334,24
8083,15
8083,21
8335,11
8335,16
8335,21
8336,11
8336,21
8337,11
8337,27
8337,24
8338,11
8338,22
8339,1
8339,11
8339,2
8340,11
8340,21
8340,14
8341,11
8342,11
8343,11
8343,15
8343,16
8344,11
8344,21
8345,11
8345,26
8346,11
8346,16
8346,21
8347,11
8347,22
8348,11
8348,2
8348,22
8349,11
8349,15
8349,29
8350,11
8350,16
8350,21
8351,11
8351,26
8352,11
8352,2
8352,10
8353,1
8353,11
8353,15
8354,11
8354,2
8354,29
8355,1
8355,11
8355,15
8356,11
8356,15
8356,21
8357,11
8358,11
8358,16
8358,21
8359,11
8359,2
8359,21
8360,11
8361,11
8361,16
8361,21
8362,11
8363,11
8363,16
8363,21
8364,11
8364,21
8364,30
8365,11
8365,16
8365,22
8366,11
8366,16
8366,22
5225,21
8367,11
8367,2
8367,21
8368,11
8368,15
8368,26
8369,11
8369,16
8369,21
8370,11
8370,16
8370,21
8371,11
8371,16
8371,21
8372,11
8372,21
8372,7
8373,11
8373,2
8373,21
8374,11
8374,21
8375,11
8375,32
8375,31
8376,11
8376,2
8376,32
8377,24
8377,11
8377,16
8378,11
8378,29
8378,26
8379,11
8379,15
8379,16
8380,11
8380,2
8380,16
8381,11
8381,16
8381,21
8382,11
8382,21
8383,11
8383,21
8383,22
8384,11
8384,16
8384,22
8385,11
8385,15
8386,11
8386,2
8386,21
8387,11
8387,16
8387,22
8388,11
8388,2
8388,15
8389,11
8389,31
8389,22
8390,11
8390,2
8390,31
8391,11
8391,16
8391,21
8392,11
8392,16
8392,22
8393,11
8393,16
8393,21
8394,11
8394,22
8395,11
8395,16
8396,11
8396,24
8397,1
8397,11
8397,2
8398,11
8398,21
8399,11
8399,16
8399,21
8400,11
8400,21
8400,7
8401,11
8401,16
8401,22
8402,11
8402,16
8402,21
8403,1
8403,11
8403,2
8404,11
8404,16
8405,11
8405,6
8405,16
8406,11
8407,11
8407,21
8407,19
8408,11
8408,21
8409,11
8409,2
8409,21
8410,11
8410,15
8410,31
8411,11
8411,31
8411,26
8412,11
8412,16
8412,21
8413,11
8413,21
8414,11
8414,21
5928,15
5928,19
8415,11
8416,11
8416,2
8416,15
8417,11
8417,31
8417,22
8418,11
8418,2
8418,16
8419,11
8419,21
8419,14
8420,11
8420,21
8420,7
8421,11
8421,16
8421,22
8422,11
8422,2
8423,11
8423,2
8423,26
8424,11
8424,21
8425,11
8425,21
8425,22
8426,11
8426,2
8426,15
8427,11
8428,11
8428,16
8428,22
8429,11
8429,22
8430,1
8430,11
8430,2
8431,11
8431,15
8431,31
8432,11
8432,15
8432,16
8433,11
8433,21
8433,14
3290,16
3290,21
8434,11
8434,2
8435,11
8435,2
8435,29
8436,11
8436,15
8436,21
8437,1
8437,11
8437,2
8438,11
8438,15
8438,21
8439,11
8439,21
8439,24
8440,11
8440,2
8440,26
8441,11
8441,21
8441,31
8442,11
8442,15
8442,24
8443,11
8444,11
8444,15
8445,11
8445,21
8445,22
8446,11
8446,22
8447,11
8447,21
8447,22
8448,11
8448,32
8448,26
8449,11
8450,11
8450,16
8450,21
8451,11
8451,16
8451,10
8452,11
8452,2
8453,11
8453,2
8453,21
8454,11
8454,16
8455,11
8455,31
8455,26
8456,11
8456,24
8457,11
8457,2
8457,15
8458,11
8459,11
8459,21
8459,22
8460,11
8460,16
8460,21
8461,11
8461,15
8462,11
8463,11
8463,15
8463,7
8464,1
8464,11
8464,2
8465,19
8465,11
8465,15
8466,11
8466,16
8466,22
8467,11
8467,2
8467,16
8468,11
8468,2
8468,32
8469,11
8469,16
8469,21
8470,11
8470,21
8471,11
8471,16
8471,21
8472,11
8472,16
8472,21
8473,11
8473,16
8473,21
8474,11
8474,21
8475,11
8475,21
8475,22
8476,11
8476,21
8476,24
8477,11
8477,22
8478,11
8478,2
8478,31
8479,11
8479,21
8480,11
8480,21
8480,32
8481,11
8481,15
8481,24
8482,11
8483,1
8483,11
8483,24
8484,11
8484,2
8484,21
4066,32
4066,22
8485,11
8485,2
8485,21
8486,11
8486,2
8486,21
8487,11
8487,16
8487,22
8488,11
8488,15
8488,24
8489,11
8489,2
8489,15
8490,11
8490,15
8490,16
8491,11
8491,16
8491,21
8492,11
8492,2
8492,32
8493,11
8493,21
8493,24
8494,1
8494,11
8494,2
8495,11
8495,21
8495,22
8496,11
8496,15
8496,26
8497,11
8497,2
8497,21
8498,11
8498,15
8499,11
8499,21
8500,11
8500,22
8501,11
8501,22
8502,11
8502,15
8503,11
8503,16
8503,21
8504,11
8504,16
8504,10
8505,11
8505,2
8505,31
8506,11
8506,31
8506,22
8507,11
8507,14
8507,24
8508,11
8508,21
8508,29
8509,11
8509,31
2819,24
8510,11
8510,2
8510,22
8511,11
8511,21
8511,7
8512,11
8512,21
8512,24
8513,26
8513,11
8513,22
8514,11
8514,2
8514,6
8515,11
8515,21
8515,26
8516,11
8516,24
8517,1
8517,11
8517,15
8518,11
8518,26
8518,22
8519,11
8519,21
8520,11
8520,16
8520,21
8521,1
8521,11
8521,32
8522,11
8522,24
8522,3
8523,11
8524,11
8524,16
8524,21
8525,11
8525,21
8526,11
8526,15
8527,11
8527,21
8527,30
8528,11
8528,2
8529,11
8529,16
8529,21
8530,11
8531,11
8531,21
8531,19
8532,11
8532,2
8532,31
4335,21
8533,11
8533,16
8534,11
8534,21
8534,30
8535,11
8535,21
8536,1
8536,11
8536,15
8537,11
8537,16
8537,21
8538,11
8538,2
8539,11
8539,16
8539,21
8540,11
8540,15
8540,16
8541,11
8541,21
8541,24
7498,29
8542,11
8542,15
8542,21
8543,11
8543,2
8543,15
8544,11
8544,16
8544,22
8545,11
8545,2
8545,15
8546,11
8546,2
8546,21
8547,11
8547,21
8548,11
8548,21
3709,15
8549,11
8549,21
8550,11
8550,22
8551,11
8551,6
8551,16
8552,11
8552,2
8553,11
8553,2
8553,22
8554,1
8554,11
8554,2
8555,11
8555,6
8555,16
8556,11
8556,21
8557,11
8557,6
8557,21
8558,11
8558,16
8558,22
8559,11
8559,15
8559,21
8560,1
8560,11
8560,2
8561,11
8561,21
8562,11
8562,6
8562,7
8563,11
8563,21
8563,29
8564,11
8564,16
8564,21
8565,11
8565,15
8565,21
8566,1
8566,11
8566,21
8567,11
8567,2
8568,11
8568,15
8569,11
8569,6
8569,16
8570,11
8570,21
8570,7
8571,11
8571,15
8571,31
8572,11
8573,11
8573,26
8574,11
8574,21
8574,24
8575,11
8575,2
8575,21
8576,11
8576,24
8576,26
8577,11
8577,22
8578,11
8579,11
8579,24
8579,3
8580,1
8580,11
8580,2
8581,11
8581,15
8582,11
8582,21
8583,11
8583,14
8584,11
8584,16
8584,22
8585,11
8585,16
8585,21
8586,11
8586,31
8586,26
8587,11
8587,21
8588,15
8588,11
8589,11
8589,15
8589,22
8590,11
8590,2
8590,15
8591,11
8591,22
8592,11
8592,21
8593,11
8593,2
8593,29
8594,11
8594,2
8594,26
8595,11
8595,16
8595,21
8596,11
8596,21
8596,7
8597,11
8597,21
8598,11
8598,32
8599,11
8599,21
8600,11
8600,16
8600,21
8601,11
8601,24
8602,11
8602,2
8602,19
8603,11
8603,2
8603,21
8604,11
8604,16
8604,21
8605,11
8605,16
8605,21
8606,11
8606,31
8607,11
8607,15
8607,21
7761,14
8608,11
8608,15
8609,11
8610,11
8610,21
8610,31
8611,11
8611,15
8612,11
8612,2
8612,22
8613,11
8613,2
8613,24
8614,11
8614,2
8614,15
8615,1
8615,11
8615,2
8616,11
8616,15
8616,16
8617,11
8617,21
8617,24
8618,11
8618,2
8618,15
8619,11
8619,16
8619,22
8620,11
8620,21
8620,19
8621,11
8621,15
8621,16
8622,11
8623,11
8623,16
8623,21
8624,11
8624,16
8624,21
8625,1
8625,11
8625,2
8626,11
8626,15
8627,11
8627,21
8628,11
8628,21
8628,19
8629,11
8629,21
8630,11
8630,26
8631,11
8631,16
8631,22
8632,10
8632,22
8632,11
8633,11
8633,15
8634,1
8634,11
8634,2
8635,11
8635,15
8635,22
8636,11
8636,21
8636,7
8637,11
8637,22
8638,11
8638,21
8638,31
8639,11
8639,21
8639,7
8640,11
8640,21
8640,19
8641,11
8641,15
8641,31
8642,11
8642,21
8642,22
8643,1
8643,11
8643,26
8644,11
8644,2
8644,21
8645,11
8645,15
8645,21
8646,11
8646,22
8647,11
8647,2
8647,32
8648,11
8648,16
8649,11
8649,2
8649,22
8650,11
8650,16
8650,21
8651,11
8652,11
8652,2
8652,32
4814,16
8653,11
8653,2
8653,16
8654,11
8654,2
8654,15
8655,11
8655,15
8655,31
8644,19
8656,11
8656,21
8656,31
8657,11
8657,21
8657,19
8658,2
8658,11
8658,32
8659,11
8659,2
8659,26
8660,11
8660,21
8660,19
8661,1
8661,11
8661,2
8662,11
8662,26
8663,11
8663,16
8663,10
8664,11
8664,6
8664,21
8665,11
8665,2
8665,16
8666,11
8666,15
8666,32
8667,11
8667,21
8668,11
8668,16
8668,21
8669,11
8669,2
8669,15
8670,11
8670,16
8670,22
8671,11
8671,31
8671,26
8672,11
8672,21
8672,30
8673,11
8673,2
8673,16
8674,11
8674,15
8674,24
8675,11
8675,21
8676,11
8676,15
8676,21
8677,1
8677,11
8677,2
8678,11
8678,7
8679,11
8679,16
8680,11
8681,11
8681,26
8681,22
8682,11
8683,11
8683,3
8684,11
8685,11
8685,16
8685,21
8686,11
8686,2
8686,32
8687,11
8687,16
8687,31
8688,11
8688,22
4539,22
8689,11
8689,16
8689,22
8690,11
8690,26
8690,22
8691,1
8691,11
8691,2
8692,11
8692,31
8692,26
8693,11
8693,22
8694,11
8694,21
8694,22
8695,11
8695,2
8695,21
8696,11
8696,21
8696,22
8697,11
8697,15
8697,31
8137,21
8137,24
8698,11
8698,16
8698,21
8699,11
8699,16
8699,22
8700,11
8701,11
8702,2
8702,15
8702,16
8703,11
8703,24
8703,19
8704,11
8704,15
8704,21
8705,11
8705,26
8706,11
8706,16
8706,32
8707,11
8707,21
8707,31
8708,11
8708,15
8708,31
8709,11
8709,21
8710,26
8710,11
8711,1
8711,11
8711,2
8712,11
8713,11
8713,2
8713,26
8714,11
8714,16
8714,21
8715,11
8715,15
8715,16
8716,11
8716,22
8717,11
8717,21
8717,24
8718,11
8718,2
8718,32
8719,11
8719,15
8719,7
8720,11
8720,32
8720,7
8721,11
8721,16
8721,22
8722,11
8722,32
8723,11
8723,21
3390,21
8724,11
8724,21
8725,11
8725,2
8725,29
8726,11
8726,15
8727,11
8727,7
8727,19
8728,11
8728,2
8728,15
8729,11
8729,2
8729,7
8730,11
8730,16
8730,21
8731,11
8731,21
8731,3
8732,11
8732,2
8732,16
8733,11
8733,21
8734,11
8734,31
8734,26
8735,11
8735,2
8735,15
8736,11
8736,2
8736,15
8737,11
8738,11
8738,2
8738,31
8739,11
8739,26
8739,22
8740,11
8740,21
8741,11
8741,15
8742,11
8743,11
8743,16
8743,22
8744,11
8744,21
8744,31
8745,11
8745,16
8745,21
8746,11
8746,2
8746,15
8747,11
8747,15
8748,11
8748,2
8748,21
8749,11
8749,15
8750,11
8751,1
8751,11
8751,2
8752,11
8752,15
8752,22
8753,11
8753,21
8754,11
8754,21
8755,11
8756,11
8756,16
8756,21
8757,11
8757,21
8757,24
8758,11
8758,15
8758,16
8759,11
8759,16
8759,22
8760,11
8760,15
8761,21
8761,11
8762,11
8762,15
8762,31
8763,11
8763,30
8764,11
8764,15
8764,16
8765,11
8765,21
8765,19
8766,1
8766,11
8766,2
8767,11
8768,11
8768,21
8768,7
8769,11
8769,2
8769,16
8770,11
8770,21
8770,22
8771,11
8771,19
8772,11
8772,2
8772,21
8773,2
8773,31
8773,22
8774,11
8774,31
8774,26
8775,11
8775,16
8775,21
3800,22
8776,11
8776,15
8776,21
8777,11
8777,21
8778,11
8778,2
8778,16
8779,11
8779,15
8779,21
8780,11
8780,26
8780,22
3173,21
8781,11
8781,16
8781,21
8782,11
8782,2
8782,31
8783,11
8783,15
8783,16
8784,11
8784,2
8785,11
8785,15
8785,16
8786,11
8787,11
8787,15
8787,16
8788,11
8788,21
8788,26
8789,11
8789,15
8789,16
8790,2
8790,15
8790,16
8791,11
8791,2
8791,26
8792,11
8792,2
8792,32
8793,11
8793,6
8793,7
8794,11
8794,15
8794,21
8795,11
8795,16
8795,19
8796,11
8796,16
8796,21
8797,11
8797,32
8797,31
8798,11
8798,21
8798,18
8799,11
8800,11
8800,2
8800,21
8801,11
8801,15
8801,26
8802,11
8802,30
8803,11
8803,2
8803,15
8804,11
8804,29
8804,26
8805,11
8805,21
8805,3
8806,11
8806,21
8806,22
8807,11
8807,21
8808,11
8808,31
8808,22
8809,11
8809,2
8809,21
8810,11
8810,21
8810,7
8811,11
8811,2
8811,16
8812,11
8812,2
8812,15
8813,11
8813,15
8813,16
8814,11
8814,16
8814,21
8815,11
8816,11
8816,2
8816,15
8817,11
8817,16
8817,21
8818,11
8818,21
8819,11
8820,11
8821,1
8821,11
8821,26
8822,11
8822,2
8822,21
8823,11
8823,15
8824,11
8824,26
8825,11
8825,2
8825,21
8826,11
8826,15
8827,11
8827,21
8827,30
8828,11
8828,16
8828,21
8829,11
8829,21
8830,11
8830,2
8830,26
8831,11
8831,2
8831,29
8832,11
8832,15
8832,21
8833,11
8834,11
8834,15
8834,16
8835,11
8835,21
8835,7
8836,1
8836,11
8836,16
8837,11
8837,15
8837,21
8838,11
8838,2
8838,21
8839,11
8839,16
8839,21
8840,11
8840,26
8840,22
8841,11
8841,19
8841,3
8842,1
8842,11
8842,21
8843,11
8843,16
8843,21
8844,11
8844,15
8844,16
8845,11
8845,26
8846,11
8846,21
8846,3
8847,11
8847,2
8847,15
8848,11
8848,30
8849,11
8849,2
8849,21
8850,11
8850,16
8850,22
8851,11
8851,21
8851,29
8852,11
8852,2
8852,26
8853,11
8853,22
8854,11
8854,21
8854,7
8855,11
8855,21
8855,22
8856,11
8856,21
8856,7
8857,11
8857,15
8858,11
8858,2
8858,32
8859,11
8859,16
8859,21
8860,11
8860,15
8860,22
8861,11
8861,2
8861,21
8862,11
8862,2
8862,15
8863,11
8863,21
8864,11
8864,15
8864,21
8865,11
8865,2
8866,11
8867,11
8867,16
8867,21
8868,11
8869,11
8869,2
8869,29
8870,11
8870,16
8870,21
8871,11
8871,22
8872,11
8872,16
8872,22
8873,11
8873,15
8874,11
8874,22
8875,11
8875,21
8876,11
8876,2
8876,16
8877,11
8878,11
8879,11
8880,11
8880,21
8880,19
8881,11
8881,26
8882,11
8882,2
8883,11
8883,21
8884,11
8884,2
8884,15
8885,11
8885,6
8885,21
8886,11
8886,32
8886,31
8887,11
8887,15
8887,26
8888,11
8889,11
8889,2
8889,22
8890,11
8890,2
8890,29
8891,11
8891,16
8891,21
8892,11
8892,21
8893,11
8893,16
8893,22
8894,11
8894,21
8894,24
8895,11
8895,2
8895,21
8896,11
8896,2
8896,32
8897,11
8897,16
8897,21
8898,11
8898,2
8898,32
8899,11
8899,31
8900,11
8900,15
8900,32
8901,11
8901,15
8901,24
8902,11
8902,2
8902,32
8903,11
8903,16
8903,21
8904,11
8904,15
8904,16
8905,11
8905,31
8906,11
8906,16
8906,22
8907,11
8907,16
8907,21
8908,11
8908,2
8908,15
8909,11
8909,16
8909,21
6790,15
8910,11
8911,11
8911,21
8911,26
8912,11
8912,15
8912,16
8913,1
8913,11
8913,2
8914,11
8914,16
8914,21
8915,1
8915,11
8915,2
8916,11
8916,15
8916,21
8917,11
8917,22
8918,11
8918,21
8918,7
8919,11
8919,21
8920,11
8920,24
8920,3
8921,11
8922,11
8922,21
8922,31
8923,11
8923,15
8923,32
8924,11
8924,21
8924,3
8925,11
8925,31
8925,22
8926,11
8926,16
8926,21
8927,11
8927,2
8927,21
8928,11
8928,21
8929,11
8929,16
8929,21
8930,11
8930,21
8930,19
8931,11
8931,15
8932,11
8932,6
8932,21
8933,11
8934,11
8934,3
8935,11
8935,15
8936,11
8937,11
8937,15
8937,16
8938,11
8938,24
8938,22
8939,11
8939,21
8939,19
8940,11
8940,22
8941,11
8941,2
8941,32
962,11
962,10
962,26
8942,11
8942,26
8943,11
8943,21
8943,7
8944,11
8944,32
8945,11
8945,22
8946,21
8946,2
8946,11
8947,11
8947,16
8947,21
8948,11
8948,21
8948,22
8949,11
8949,16
8949,21
8950,1
8950,11
8950,2
8951,11
8951,15
8951,16
8952,11
8952,21
8953,11
8953,15
8954,11
8954,16
8954,21
8955,11
8955,16
8955,22
8956,11
8956,22
8957,11
8957,16
8957,21
8958,11
8959,11
8960,11
8961,11
8961,26
8961,22
8962,11
8962,2
8962,22
8963,11
8963,32
8964,11
8964,16
8964,21
6988,24
8965,11
8965,2
8966,11
8966,16
8966,21
8967,11
8968,11
8968,16
8968,21
8969,11
8969,21
8969,32
8970,11
8970,2
8970,7
8971,11
8971,2
8971,24
8972,11
8972,21
8972,14
8973,11
8973,15
8973,16
8974,11
8975,11
8975,16
8975,21
8976,11
8976,16
8976,21
8977,11
8977,21
8977,10
8978,2
8978,11
8979,11
8979,16
8979,22
8980,11
8980,15
8980,29
8981,1
8981,11
8981,32
8982,11
8982,21
8982,22
8983,11
8983,31
8984,11
8984,31
8985,11
8985,15
8985,26
8986,11
8986,26
8987,11
8987,26
8988,11
8988,15
8988,24
8989,11
8989,7
8989,19
2427,2
8990,11
8990,21
8991,11
8991,21
8991,19
8992,11
8992,16
8992,21
8993,11
8993,21
8994,11
8994,21
8995,11
8995,31
8995,22
8996,11
8996,16
8996,21
8997,11
8997,2
8997,15
8998,11
8998,16
8998,22
8999,11
8999,7
9000,11
9000,15
9000,21
9001,11
9001,15
9002,11
9002,32
9002,24
9003,11
9003,7
9003,3
9004,11
9004,21
9004,19
9005,1
9005,11
9005,2
9006,11
9006,15
9006,16
9007,11
9007,21
9007,22
9008,11
9008,2
9008,15
9009,11
9010,11
9010,2
9010,15
9011,11
9011,15
9012,11
9012,2
9012,6
9013,11
9013,21
9014,11
9014,30
9015,11
9015,3
9016,11
9016,2
9017,11
9017,21
9018,11
9018,2
9018,21
9019,11
9019,32
9019,26
9020,11
9020,6
9020,16
9021,11
9021,31
9021,10
9022,11
9023,11
9023,6
9023,16
9024,11
9024,21
9024,24
9025,11
9025,21
9025,32
9026,11
9026,16
9026,21
9027,11
9027,15
9028,11
9028,21
9028,24
9029,11
9029,15
9029,21
9030,11
9030,2
9030,21
9031,11
9031,21
9031,32
9032,11
9032,21
9033,11
9033,15
9033,21
9034,11
9034,16
9034,21
9035,15
9035,11
9036,11
9036,21
9037,11
9037,21
9037,32
9038,11
9038,2
9038,21
9039,11
9039,16
9039,22
9040,11
9040,31
9040,26
9041,11
9041,26
9041,22
9042,11
9042,15
9042,29
9043,11
9043,21
9043,19
9044,11
9044,21
9044,24
9045,11
9045,15
9045,32
9046,11
9046,2
9046,21
9047,11
9047,2
9047,24
9048,11
9048,16
9048,21
9049,21
9049,11
9049,22
9050,11
9050,16
9050,21
9051,11
9052,11
9052,15
9052,16
9053,11
9053,26
9054,11
9055,11
9055,16
9055,21
9056,11
9056,26
9056,22
9057,11
9057,2
9057,21
9058,11
9059,11
9059,2
9060,11
9060,21
9060,3
9061,11
9061,16
9061,21
9062,11
9062,15
9062,21
9063,11
9063,21
9063,24
9064,11
9064,16
9064,21
9065,11
9065,2
9066,11
9066,21
9066,22
9067,11
9067,15
9067,22
9068,11
9068,21
9068,7
9069,11
9069,21
9069,26
9070,11
9070,15
9070,16
9071,11
9071,27
9072,11
9072,16
9072,21
9073,11
2437,21
2437,24
9074,11
9074,2
9074,29
9075,11
9075,22
9076,11
9076,16
9076,24
9077,11
9077,2
9078,11
9078,6
9078,21
9079,11
9079,21
9079,32
9080,11
9080,21
9080,22
9081,11
9081,22
9082,11
9082,21
9083,11
9083,2
9083,16
9084,11
9085,11
9085,2
9085,26
9086,11
9086,16
9086,24
9087,11
9087,10
9087,22
9088,11
9089,11
9089,21
9089,26
9090,11
9090,2
9090,15
9091,11
9091,15
9091,22
9092,11
9092,2
9092,21
9093,11
9093,24
9094,11
9094,22
9095,11
9095,16
9095,21
9096,11
9096,2
9096,21
9097,11
9097,7
9098,11
9098,32
9098,31
9099,1
9099,11
9099,32
3481,14
9100,11
9100,16
9100,22
9101,11
9101,24
9101,22
5830,22
9102,11
9102,21
9102,31
9103,11
9103,15
9103,31
9104,11
9104,16
9104,21
9105,11
9106,1
9106,11
9106,2
9107,11
9107,15
9107,16
9108,1
9108,11
9108,2
9109,11
9109,2
9109,16
9110,11
9110,16
9110,21
9111,11
9111,2
9111,26
9112,11
9113,11
9113,16
9113,22
9114,11
9114,16
9114,21
9115,11
9115,16
9115,21
9116,11
9116,22
9117,11
9117,2
9117,26
9118,11
9118,15
9118,14
9119,11
9119,22
1443,11
1443,26
1443,22
9120,11
9120,16
9120,21
9121,11
9122,11
9122,16
9122,10
9123,11
9123,2
9123,26
9124,11
9125,11
9125,24
9126,11
9126,2
9126,15
9127,11
9127,22
9128,1
9128,11
9128,2
9129,11
9129,16
9130,11
9130,2
9130,21
9131,11
9131,2
9131,7
9132,11
9132,16
9132,21
9133,11
9133,21
9133,26
9134,11
9135,11
9135,21
9135,24
9136,1
9136,11
9136,2
9137,32
9137,11
9137,2
9138,11
9138,2
9138,15
9139,11
9139,16
9139,21
9140,11
9140,26
9140,22
9141,11
9141,16
9141,21
9142,11
9142,21
9142,30
9143,11
9144,11
9144,15
9144,16
9145,11
9146,11
9146,15
9146,32
9147,11
9147,2
9147,21
9148,11
9148,21
9148,19
9149,11
9150,11
9150,21
9151,11
9151,21
9152,11
9152,21
9153,11
9153,15
9154,11
9154,15
9154,16
6252,32
6252,24
9155,11
9155,15
9155,16
9156,11
9156,22
9157,11
9157,15
9157,21
9158,11
9158,21
9158,19
9159,11
9159,15
9159,16
9160,11
9160,26
9161,11
9161,26
9161,22
9162,1
9162,11
9162,2
9163,11
9163,16
9163,21
9164,11
9164,21
9164,29
9165,11
9165,16
9165,21
9166,11
9166,21
9166,32
9167,11
9167,21
9168,11
9168,30
9169,11
9169,22
9170,11
9170,21
9170,22
9171,11
9171,22
9172,11
9172,31
9172,26
9173,1
9173,11
9173,2
9174,11
9174,31
9174,26
9175,11
9175,2
9175,15
9176,11
9176,16
9176,22
9177,11
9177,21
9177,19
9178,11
9178,16
9178,21
9179,11
9179,15
9179,16
9180,11
9180,16
9180,21
9181,11
9181,21
9181,30
9182,11
9182,15
9182,21
9183,11
9184,11
9184,15
9185,11
9185,15
9185,21
9186,11
9186,26
9187,11
9187,2
9187,7
9188,11
9188,15
9188,21
9189,11
9189,2
9189,10
6537,2
9190,11
9190,31
9190,22
9191,11
9191,15
9191,21
9192,11
9192,16
9192,21
9193,11
9193,16
9193,22
9194,11
9194,15
9195,11
9195,2
9195,21
9196,1
9196,11
9196,2
9197,11
9197,6
9197,21
9198,11
9199,11
9199,2
9199,24
9200,11
9200,21
9201,11
9202,11
9202,21
9203,11
9203,15
9204,11
9204,15
9204,16
9205,11
9205,2
9205,16
9206,11
9206,21
9207,11
9207,21
9207,22
9208,11
9208,2
9209,11
9209,2
9209,21
9210,11
9210,15
9210,16
9211,11
9211,2
9211,32
9212,11
9212,2
9212,15
9213,11
9213,21
9213,22
9214,11
9214,21
9214,24
9215,1
9215,11
9215,2
9216,11
9216,15
9216,21
9217,11
9217,16
9217,21
9218,11
9218,6
9218,21
9219,11
9219,31
9219,26
9220,11
9220,15
9220,16
9221,11
9221,2
9221,15
5805,21
9222,11
9223,11
9223,22
9224,11
9224,16
9225,11
9226,11
9226,2
9226,15
1532,31
9227,11
9227,16
9227,21
9228,11
9228,16
9228,22
9229,11
9229,21
9229,24
9230,11
9230,2
9230,21
9231,11
9231,15
9231,32
9232,11
9232,21
9232,22
9233,21
9233,11
9233,16
9234,11
9234,6
9234,15
9235,11
9235,2
9235,29
9236,11
9236,16
9236,22
9237,11
9237,21
9237,24
9238,11
9238,31
9238,24
9239,11
9240,11
9240,21
9240,22
9241,11
9241,2
9241,24
9242,11
9242,2
9242,21
9243,11
9244,11
9244,16
9244,21
9245,11
9246,11
9246,16
9246,21
9247,11
9247,22
9248,11
9248,21
9248,24
9249,11
9249,15
9249,27
9250,11
9250,15
9250,16
9251,1
9251,11
9251,2
9252,11
9252,2
9252,15
3144,22
9253,11
9253,21
9253,22
9254,11
9254,16
9254,21
9255,11
9255,2
9255,15
9256,11
9256,16
9256,24
9257,11
9257,2
9257,29
9258,11
9258,21
9259,11
9259,16
9259,21
9260,11
9260,22
9261,11
9261,2
9262,11
9262,22
9263,11
9263,2
9264,11
9264,15
9264,10
9265,11
9265,24
9266,11
9266,24
9267,11
9267,21
9267,22
9268,11
9268,22
9269,11
9269,16
9269,22
9270,11
9270,6
9270,21
9271,11
9272,11
9272,15
9272,32
9273,11
9273,2
9273,31
9274,11
9274,21
9274,22
9275,11
9275,2
9275,15
9276,11
9276,21
9277,11
9278,11
9278,21
9278,24
9279,11
9280,11
9280,2
9280,21
9281,11
9281,26
9281,22
9282,11
9282,31
9283,11
9283,21
9284,11
9284,16
9284,21
9285,11
9285,6
9285,21
9286,11
9287,11
9287,31
9287,22
9288,11
9288,21
9288,22
9289,1
9289,11
9289,2
9290,11
9290,2
9290,21
9291,11
9291,22
9292,11
9292,3
9293,11
9294,11
9294,15
9294,30
5179,21
9295,11
9295,10
9296,11
9296,15
9296,16
9297,11
9297,22
9298,11
9298,22
9299,11
9299,24
9299,19
9300,1
9300,11
9300,16
9301,11
9301,2
9301,32
9302,11
9302,2
9302,15
9303,11
9303,15
9303,16
9304,11
9304,2
9304,31
9305,11
9305,2
9305,22
9306,11
9306,21
9307,11
9307,16
9307,21
9308,11
9308,21
9309,11
9309,10
9309,26
9310,11
9310,2
9310,15
9311,11
9311,21
9312,11
9312,15
9312,16
9313,11
9313,16
9314,11
9314,16
9314,22
9315,11
9315,22
9316,11
9316,15
9316,16
9317,11
9317,2
9317,21
9318,11
9318,21
9318,22
9319,11
9319,15
9319,16
9320,11
9320,2
9320,15
9321,11
9321,21
9322,11
9322,21
9322,7
9323,11
9323,16
9323,21
9324,11
9324,16
9324,31
9325,11
9325,21
9326,11
9326,15
9326,29
9327,1
9327,11
9327,21
9328,11
9329,11
9329,16
9329,22
9330,11
9330,15
9330,31
9331,11
9331,15
9331,24
9332,11
9332,26
9333,11
9333,21
9333,19
9334,11
9334,32
9335,11
9336,11
9336,16
9336,22
9337,16
9337,11
9337,22
9338,11
9338,21
9339,11
9339,16
9339,21
9340,11
9340,21
9340,7
9341,11
9341,15
9341,24
9342,11
9342,2
9342,15
9343,11
9343,15
9343,16
9344,11
9344,24
9345,1
9345,11
9345,2
9346,11
9346,16
9346,22
9347,11
9347,15
9347,21
9348,11
9348,21
9349,11
9349,21
9349,30
9350,11
9350,15
9351,11
9351,15
9351,21
9352,11
9352,16
9352,21
9353,11
9353,2
9354,11
9354,15
9354,29
9355,11
9355,24
9355,22
9356,11
9356,22
9357,11
9357,21
9358,11
9358,16
9358,22
9359,11
9360,11
9360,21
9360,22
9361,11
9361,21
9361,24
9362,11
9363,11
9363,21
9363,22
9364,11
9364,21
9365,31
9365,11
9366,11
9366,2
9366,15
9367,11
9367,2
9367,32
9368,11
9368,16
9368,21
9369,11
9369,16
9369,21
9370,11
9370,21
9370,31
9371,11
9371,2
9371,15
9372,11
9372,15
9372,16
9373,11
9373,26
9374,11
9374,2
9374,15
9375,11
9375,21
9375,29
9376,11
9376,2
9376,21
9377,11
9377,21
9377,24
9378,11
9378,21
9378,19
9379,11
9379,15
9380,1
9380,11
9380,15
9381,11
9381,2
9381,21
9382,11
9382,2
9382,15
9383,11
9383,2
9383,32
9384,11
9384,21
9384,22
9385,11
9385,6
9385,16
9386,11
9386,22
9386,3
9387,11
9387,2
9387,31
9388,11
9388,6
9388,16
9389,11
9389,31
9389,10
9390,11
9391,21
9391,11
9392,11
9392,21
9393,11
9393,21
9394,11
9394,15
9394,21
9395,11
9396,11
9396,16
9396,21
9397,11
9397,21
9397,22
9398,11
9398,22
9399,11
9399,2
9399,21
9400,11
9400,16
9400,21
9401,11
9401,6
9401,16
9402,11
9402,19
9403,11
9403,2
9403,29
9404,2
9404,11
9405,11
9405,2
9405,15
9406,11
9407,11
9407,21
9407,22
9408,11
9408,21
9408,22
9409,11
9409,16
9409,21
9410,11
9410,15
9410,21
9411,11
9411,16
9411,21
9412,11
9412,21
9412,24
9413,11
9413,16
9413,21
9414,11
9414,2
9414,22
9415,11
9416,11
9416,2
9416,16
9417,11
9417,26
9418,11
9419,11
9419,21
9419,7
9420,11
9420,2
9420,15
9421,11
9421,31
9421,26
9422,11
9422,2
9423,11
9423,2
9423,15
9424,1
9424,11
9424,21
9425,11
9425,2
9425,15
9426,11
9426,22
9427,1
9427,11
9427,15
9428,11
9429,11
9429,22
9430,11
9430,15
9430,21
9431,11
9431,15
9431,16
9432,11
9432,21
9432,24
9433,11
9433,15
9434,11
9434,21
9434,24
9435,11
9435,22
9436,11
9436,16
9436,21
9437,11
9437,21
9437,24
9438,1
9438,11
9438,2
9439,11
9439,16
9439,21
9440,11
9440,21
9441,11
9441,15
9442,11
9442,32
9443,11
9443,2
9443,15
9444,11
9444,26
9445,11
9445,2
9445,32
9446,11
9446,2
9446,15
9447,11
9447,30
9448,11
9448,31
9448,26
9449,11
9449,24
2313,16
9450,11
9450,2
9451,11
9451,10
9451,22
9452,11
6389,16
9453,11
9453,2
9453,7
9454,11
9454,16
9454,21
9455,11
9455,16
9456,11
9456,19
9457,11
9457,21
9458,11
9458,21
9459,11
9459,21
9459,31
9460,11
9460,31
9460,26
9461,11
9461,26
9462,11
9462,15
9462,16
9463,11
9463,21
9463,24
9464,11
9464,16
9464,21
9465,11
5727,26
9466,11
9466,22
9466,16
9467,11
9467,31
9467,26
9468,11
9468,31
9468,22
9469,11
9469,15
9469,24
8311,22
9470,11
9470,16
9471,11
9471,26
9471,22
9472,11
9472,16
9472,21
9473,11
9474,11
9474,16
9474,22
9475,11
9475,29
9475,10
9476,11
9476,16
9476,21
9477,11
9478,11
9478,21
9479,1
9479,11
9479,21
9480,11
9480,2
9480,21
9481,11
9481,2
9481,26
9482,11
9482,16
9482,21
9483,11
9483,26
9483,22
9484,11
9484,22
9485,16
9485,11
9485,22
9486,11
9487,11
9487,10
9487,26
9488,11
9488,2
9488,15
9489,2
9489,31
9489,11
9490,11
9490,21
9491,11
9491,21
9492,11
9492,2
9492,21
2184,24
9493,11
9493,2
9493,31
9494,11
9494,16
9494,21
9495,11
9495,21
9495,29
9496,11
9496,16
9496,21
9497,11
8312,21
9498,11
9498,2
9498,16
9499,11
9499,21
9500,11
9500,21
9500,22
4226,22
9501,11
9501,16
9501,21
9502,11
9502,15
9502,16
9503,11
9503,21
9504,11
9504,22
9505,11
9505,22
9506,11
9506,31
9507,11
9507,2
9507,15
9508,11
9508,2
9508,15
9509,11
9509,2
9509,22
9510,11
9511,11
9511,15
9511,21
5237,21
9512,11
9512,16
9512,21
9513,11
9513,15
9514,11
9514,21
9514,22
9515,11
9515,6
9515,21
9516,11
9516,21
9516,26
9517,11
9517,2
9517,15
9518,11
9518,7
9519,11
9519,21
9519,24
9520,11
9520,2
9520,32
9521,11
9522,11
9522,2
9522,3
9523,11
9523,6
9523,21
9524,1
9524,11
9524,2
9525,11
9525,21
9525,32
9526,11
9526,2
9526,16
9527,11
9527,21
9528,11
9528,21
9529,11
9529,15
9530,11
9530,16
9530,21
9531,11
9531,16
9531,21
9532,11
9532,21
9533,11
9533,2
9533,31
9534,11
9534,16
9534,10
9535,11
9535,16
9535,21
9536,11
9536,16
9536,21
9537,11
9537,21
9537,32
9538,11
9538,2
9538,15
9539,11
9539,22
7012,26
9540,11
9540,15
9541,11
9542,11
9542,21
9542,24
9543,11
9543,2
9543,31
9544,11
9544,30
9545,11
9545,2
9545,19
9546,11
9546,31
9546,26
9547,11
9547,2
9548,11
9548,2
9548,29
9549,11
9550,11
9550,2
9550,32
9551,11
9551,21
9552,11
9552,16
9552,21
9553,11
9553,31
9553,22
9554,11
9554,32
9554,31
9555,11
9555,21
9555,14
9556,11
9556,15
9556,19
9557,11
9557,2
9557,15
9558,11
9558,2
9558,19
9559,11
9559,16
9559,22
9560,11
9560,21
9560,3
9561,11
9561,21
9561,22
9562,11
9562,16
9562,21
9563,1
9563,11
9563,2
9564,11
9564,26
9565,11
9565,21
9565,31
9566,11
9566,2
9566,21
9567,1
9567,11
9567,32
9568,11
9568,21
9569,11
9569,31
9569,26
9570,11
9570,21
9570,24
9571,11
9571,21
9571,24
8057,15
8057,27
9572,11
9572,24
9573,11
9573,21
9573,24
9574,11
9574,15
9574,31
9575,11
9575,16
9575,21
9576,11
9576,16
9576,21
9577,11
9577,15
9577,32
9578,1
9578,11
9579,11
9579,15
9579,22
9580,11
9580,22
9581,11
9581,16
9581,22
9582,11
9583,11
9583,2
9583,29
9584,11
9584,16
9584,22
9585,11
9585,21
9585,22
9586,11
9586,16
9586,21
9587,11
9587,2
9587,15
9588,11
9588,2
9588,21
9589,15
9589,11
9590,11
9591,11
9591,21
9591,29
9592,11
9592,2
9592,21
9593,1
9593,11
9593,2
9594,11
9594,15
9594,21
9595,11
9595,2
9595,22
9596,11
9596,26
9596,22
9597,11
9598,11
9599,11
9599,2
9599,31
9600,11
9600,16
9600,10
9601,11
9601,21
9602,11
9602,21
9602,22
9603,11
9603,15
9603,32
9604,11
9605,11
9605,2
9605,15
9606,11
9606,6
9606,21
9607,11
9607,2
9607,24
9608,11
9608,16
9608,22
9609,11
9609,6
9609,21
9610,11
9610,15
9610,16
9611,11
9611,2
9612,11
9612,21
9612,7
7263,21
9613,11
9613,21
9613,19
9614,11
9614,2
9615,11
9615,15
9615,31
9616,11
9616,15
9616,21
9617,11
9617,21
9618,11
9618,15
9619,11
9619,2
9619,16
9620,11
9620,22
9621,11
9621,22
9622,11
9622,21
9623,11
9623,16
9623,21
9624,11
9624,26
9625,11
9625,2
9625,21
9626,11
9627,11
9627,2
3893,29
9628,11
9628,21
9628,24
9629,11
9629,2
9629,26
9630,11
9630,26
9631,11
9631,2
9631,16
9632,11
9632,2
9632,15
2413,2
2413,21
9633,11
9633,15
9633,30
9634,11
9634,21
9634,19
9635,11
9635,16
9635,21
9636,11
9636,21
9636,10
9637,11
9637,22
9638,11
9638,15
9638,16
9639,11
9639,16
9640,11
9640,16
9640,21
9641,11
9642,11
9643,11
9643,21
9643,22
9644,11
9644,21
9644,19
9645,11
9645,21
9645,30
9646,11
9647,11
9647,2
9647,15
9648,11
9648,2
9648,29
9649,11
9649,16
9649,21
9650,11
9650,15
9650,30
9651,11
9651,21
9651,24
2921,2
2921,26
9652,11
9652,21
9652,22
9653,11
9653,26
9654,11
9654,16
9654,21
9655,11
9655,21
9655,19
9656,11
9656,16
9656,21
9657,11
9657,31
9657,22
9658,11
9658,16
9658,21
9659,11
9659,21
9659,19
9660,11
9660,21
9660,24
9661,11
9661,15
9661,14
9662,11
9662,21
9663,11
9663,32
9663,24
9664,11
9664,2
9664,32
9665,11
9666,11
9666,31
9666,26
9667,11
9667,16
9668,11
9668,15
9668,31
9669,11
9669,2
9669,21
9670,11
9670,21
9670,31
9671,11
9671,15
9671,26
9672,11
9672,21
9672,30
9673,11
9673,2
9673,31
9674,1
9674,11
9674,2
9675,11
9676,11
9676,31
9676,22
9677,11
9677,16
9677,22
9678,11
9678,26
9678,22
9679,11
9679,15
9679,24
9680,11
9680,21
9680,14
9681,11
9681,16
9681,21
9682,11
9682,21
9682,7
9683,11
9683,7
9683,10
9684,11
9684,24
9685,11
9685,21
9686,11
9686,15
9686,21
9687,11
9687,2
9687,32
9688,11
9688,15
9688,22
9689,1
9689,11
9689,2
9690,11
9691,11
9692,11
9692,15
9693,11
9693,21
9693,24
9694,11
9694,21
9695,11
9695,15
9695,16
9696,1
9696,11
9696,2
9697,11
9697,16
9697,21
9698,11
9698,21
9699,1
9699,11
9699,2
9700,11
9700,31
9700,26
9701,11
9701,22
9702,11
9702,15
9703,11
9703,31
9704,11
9704,16
9704,21
9705,11
9705,15
9706,11
9706,21
9706,22
9707,1
9707,11
9707,2
9708,11
9708,16
9708,21
9709,11
9709,30
9710,11
9710,15
9710,32
9711,11
9711,21
9711,22
9712,11
9712,16
9712,21
9713,11
9713,16
9713,21
9714,11
9714,2
9715,11
9715,21
9715,24
9716,11
9717,11
9717,2
9717,15
9718,11
9718,16
9718,32
9719,11
9719,2
9719,7
9720,11
9720,16
9720,21
9721,11
9721,2
9721,32
9722,15
9722,11
9722,16
9723,11
9723,16
9724,11
9725,11
9725,21
9725,7
9726,11
9726,21
9727,11
9727,21
9727,26
9728,11
9728,22
9729,11
9729,2
9729,15
9730,11
9730,15
9730,16
9731,11
9731,16
9731,21
9732,11
9732,21
9732,22
9733,11
9733,16
9734,11
9735,11
9735,15
9735,16
9736,1
9736,11
9736,2
9737,11
9737,32
9737,22
9738,11
9738,22
9739,11
9739,2
9739,32
9740,11
9740,31
9741,11
9741,21
9742,11
9742,26
9742,22
9743,11
9744,11
9744,21
9744,24
9745,11
9746,11
9746,2
9746,16
9747,11
9747,2
9747,15
9748,11
9748,31
9749,11
9749,15
9749,24
9750,11
9751,1
9751,11
9751,2
9752,1
9752,11
9752,2
9753,11
9753,7
9753,22
9754,11
9755,11
9755,15
9755,32
2912,15
9756,2
9756,16
9756,22
9757,11
9757,2
9757,15
9758,11
9758,21
9758,22
9759,11
9760,11
9761,11
9761,15
9761,31
9762,11
9762,16
9763,11
9763,15
9763,16
9764,11
9764,21
9765,11
9765,21
9765,19
9766,11
9766,22
9767,11
9767,21
9767,24
9768,11
9768,29
4445,26
9769,11
9769,26
9770,11
9770,21
9771,11
9771,16
9771,22
9772,11
9772,16
9772,21
9773,11
9774,11
9775,11
9776,1
9776,11
9777,11
9777,22
9778,11
9778,16
9778,21
9779,11
9779,15
9779,24
9780,11
9780,31
9780,22
9781,11
9781,16
9781,22
9782,11
9782,15
9783,2
9783,11
9783,15
9784,11
9784,22
9785,11
9785,31
9785,22
9786,11
9786,2
9786,6
9787,11
9787,31
9787,22
9788,11
9788,26
9789,11
9789,21
9790,1
9790,11
9790,2
9791,11
9791,21
9791,7
9792,11
9792,21
9792,22
9793,11
9793,2
9793,29
9794,11
9794,32
9794,26
9795,11
9795,16
9795,21
9796,1
9796,11
9796,2
9797,11
9797,15
9797,21
9798,11
9798,31
9798,10
9799,11
9799,15
9800,11
9801,1
9801,11
9801,15
9802,11
9802,2
9802,16
9803,11
9803,2
9803,6
9804,11
9804,2
9804,31
9805,11
9805,21
9805,24
9806,11
9806,15
9806,21
9807,11
9807,21
9807,7
9808,11
9808,32
9808,26
9809,11
9809,21
9810,11
9810,24
9810,22
9811,11
9811,15
9811,32
9812,11
9812,2
9812,21
9813,11
9813,2
9813,26
9814,11
9814,21
9814,29
9815,11
9815,16
9815,21
9816,11
9816,15
9816,21
9817,11
9817,2
9817,24
9818,11
9818,15
9818,7
9819,11
9819,21
9819,22
9820,1
9820,11
9820,2
9821,11
9821,22
9822,11
9822,31
9823,11
9823,21
9824,11
9824,16
9824,21
9825,11
9825,15
9825,21
9826,11
9827,11
9828,11
9828,2
9828,21
9829,11
9829,3
6499,15
9830,11
9830,2
9830,26
9831,11
9831,21
9831,24
9832,11
9832,21
9832,7
9833,11
9833,22
9834,11
9834,2
9834,15
9835,15
9835,11
9836,11
9836,2
9836,16
9837,11
9838,11
9838,26
9838,22
9839,11
9839,16
9839,22
9840,11
9840,15
9840,16
9841,11
9841,31
9841,10
9842,11
9842,15
6774,21
9843,11
9843,21
9843,22
9844,1
9844,11
9844,2
9845,11
9845,16
9845,21
9846,11
9846,32
9846,31
9847,11
9847,16
9847,22
9848,11
9848,2
9848,21
9849,11
9849,2
9849,15
9850,11
9850,16
9850,22
9851,11
9851,15
9852,11
9852,15
9853,11
9853,22
9854,11
9854,15
9854,21
9855,11
9856,11
9857,1
9857,11
9857,2
9858,11
9858,21
9858,31
9859,11
9859,27
9859,14
9860,11
9860,15
9860,16
9861,11
9861,15
9861,22
9862,1
9862,11
9862,2
9863,11
9863,32
9863,24
9864,11
9864,22
9865,11
9865,21
9865,24
9866,11
9866,21
9867,11
9867,16
9867,21
9868,1
9868,11
9868,16
9869,11
9869,16
9869,22
9870,11
9870,2
9870,29
6254,16
9871,11
9871,16
9871,21
9872,11
9872,2
9872,21
9873,11
9873,15
9873,16
9874,11
9875,11
9875,16
9875,21
9876,11
9877,11
9877,16
9877,22
9878,11
9878,32
9878,31
9879,11
9879,21
9879,26
9880,11
9880,16
9881,11
9881,2
9881,26
9882,11
9882,15
9883,11
9883,21
9884,11
9884,16
9884,31
9885,11
9885,3
9886,11
9886,26
9886,22
9887,11
9887,21
9888,11
9888,16
9888,21
9889,11
9889,31
9890,11
9890,26
9890,22
9891,1
9891,11
9891,2
9892,11
9892,21
9892,24
9893,11
9893,15
9894,11
9894,26
9894,22
9895,11
9895,15
9895,16
9896,11
9897,11
9897,15
9897,10
9898,11
9898,21
9898,24
9899,11
9899,21
9899,3
9900,1
9900,11
9900,2
9901,11
9901,6
9901,21
9902,21
9902,11
9902,2
9903,11
9904,11
9905,11
9905,2
9905,24
9906,11
9906,16
9906,21
9907,11
9907,27
9907,26
9908,11
9908,22
9909,11
9910,2
9910,11
9911,11
9911,16
9911,21
9912,11
9912,22
9913,11
9913,2
9913,26
9914,11
9914,16
9914,21
9915,11
9915,16
9915,21
9916,1
9916,11
9916,2
9917,1
9917,11
9917,21
9918,11
9918,16
9918,21
9919,11
9919,21
9919,22
9920,11
9921,11
9921,2
9921,32
9922,11
9922,15
9922,21
9923,11
9923,16
9923,21
9924,11
9924,21
9924,24
9925,11
9925,21
9925,22
9926,11
9927,11
9927,16
9927,31
9928,11
9928,22
9929,11
9929,29
9929,26
9930,11
9930,16
9930,21
9931,11
9931,21
9931,7
9932,11
9932,15
9932,21
9933,11
9933,2
9934,11
9934,2
9934,16
9935,11
9935,22
9936,11
9937,11
9937,2
9937,21
9938,11
9938,22
9939,11
9939,21
9940,11
9940,16
9940,22
9941,11
9941,21
9941,10
9942,11
9942,21
9943,11
9943,16
9944,11
9944,2
9944,15
9945,11
9945,15
9946,11
9946,2
9946,26
9947,11
9947,16
9947,21
9948,11
9948,2
9948,7
9949,11
9949,15
9949,10
9950,1
9950,11
9950,15
9951,11
9951,26
9952,11
9952,15
9952,16
9953,11
9954,11
9955,11
9955,16
9955,21
9956,11
9956,26
9957,11
9957,16
9957,21
9958,1
9958,11
9958,2
9959,11
9959,16
9959,22
9960,11
9960,16
9960,22
9961,11
9961,15
9962,11
9962,15
9962,21
9963,11
9963,21
9963,27
9964,11
9964,16
9964,21
9965,11
9965,16
9965,21
9966,11
9966,16
9966,21
9967,11
9967,16
9967,22
9968,1
9968,11
9968,2
9969,11
9969,22
9970,11
9970,21
9971,1
9971,11
9971,2
9972,11
9972,2
9972,16
9973,11
9973,22
9974,11
9974,21
9975,11
9975,16
9975,26
9976,11
9976,21
9976,7
9977,1
9977,11
9977,26
9978,11
9978,2
9979,11
9979,22
9980,11
9980,2
9980,15
9981,11
9981,31
9981,26
9982,11
9982,10
9982,22
9983,11
9983,2
9983,16
1747,11
1747,26
1747,22
9984,11
9984,15
9985,11
9985,16
9985,21
9986,11
9986,2
9986,21
9987,11
9987,26
9987,22
9988,11
9988,16
9988,21
9989,11
9989,16
9989,21
9990,11
9990,15
9991,1
9991,11
9991,15
9992,11
9992,16
9992,26
9993,11
9993,21
9993,24
9994,11
9994,21
9995,11
9995,16
9995,21
9996,11
9996,21
9996,24
9997,11
9997,2
9997,15
9998,11
9998,2
9998,15
9999,11
9999,21
9999,22
10000,11
10000,16
10000,22
10001,11
10001,21
10001,27
10002,11
10002,2
10003,1
10003,11
10003,15
10004,11
10004,15
10004,31
10005,11
10005,21
10005,22
10006,11
10006,16
10007,11
10007,16
10007,21
10008,11
10008,21
10009,11
10010,11
10010,15
10011,11
10011,15
10012,11
10012,21
10013,11
10013,15
10013,30
10014,11
10014,21
10014,24
4420,22
10015,11
10015,22
10016,11
10016,16
10016,22
10017,11
10017,16
10017,22
10018,1
10018,11
10018,32
10019,11
10019,15
10019,16
10020,11
10020,22
10021,11
10021,26
10021,22
10022,11
10022,21
10022,7
10023,11
10023,16
10023,21
10024,11
10024,22
10025,11
10025,19
10026,11
10026,16
10026,21
10027,11
10027,21
10027,18
10028,11
10028,16
10028,21
10029,11
10030,11
10030,2
10030,21
10031,11
10031,21
10032,11
10032,31
10032,30
10033,11
10033,2
10033,15
10034,11
10034,6
10034,21
10035,11
10036,11
10036,15
10036,31
10037,11
10037,15
10037,16
10038,11
10038,2
10038,16
10039,11
10039,31
10039,22
10040,11
10040,21
10040,31
10041,1
10041,11
10041,2
10042,11
10042,26
10042,22
10043,11
10043,21
10043,22
10044,11
10044,15
10044,24
3892,16
10045,11
10045,21
10045,7
10046,11
10046,16
10046,21
10047,11
10047,21
10047,10
10048,11
10048,26
10048,22
10049,11
10049,21
10049,24
10050,11
10050,2
10050,21
10051,11
10051,2
10051,32
10052,11
10052,16
10052,22
10053,1
10053,11
10053,2
10054,11
10054,16
10054,21
4031,2
10055,11
10055,31
10056,11
10056,16
10056,21
10057,1
10057,11
10057,21
10058,11
10058,15
10058,26
10059,11
10059,21
10059,24
10060,11
10060,2
10060,16
10061,11
10061,21
10062,11
10063,11
10063,22
10064,11
10064,21
10064,7
10065,11
10065,2
10065,21
10066,11
10066,21
659,11
659,2
659,21
10067,11
10067,15
10067,16
10068,11
10068,21
10069,11
10069,2
10069,15
10070,11
10070,2
10070,15
10071,11
10071,22
10072,11
10072,21
10073,11
10073,15
10073,24
10074,11
10074,21
10074,22
10075,11
10075,21
10076,11
10076,15
10076,31
10077,11
10077,21
10078,1
10078,11
10078,21
10079,11
10079,2
10079,21
10080,11
10080,21
10080,30
10081,11
10081,16
10081,21
10082,11
10082,2
10082,3
10083,11
10083,31
10083,26
10084,11
10084,16
10084,21
10085,11
10085,22
10086,1
10086,11
10086,2
10087,11
10087,32
10087,31
10088,11
10089,11
10089,21
10090,11
10090,15
10090,21
10091,11
10091,15
10091,22
10092,15
10092,11
10092,2
10093,11
10093,16
10093,22
10094,11
10094,21
10094,22
10095,11
10095,21
10095,16
10096,11
10097,11
10097,21
10097,24
10098,11
10098,21
10099,11
10099,15
10099,3
10100,11
10100,22
10101,11
10101,2
10101,7
10102,11
10103,11
10103,2
10103,15
10104,11
10104,16
10104,21
10105,11
10105,19
10106,11
10106,21
10106,24
10107,11
10107,21
10108,11
10108,21
10108,24
10109,1
10109,11
10109,2
10110,11
10110,15
10110,32
10111,11
10111,15
10111,21
10112,11
10112,16
10112,21
10113,11
10113,31
10113,22
10114,1
10114,11
10114,21
10115,11
10115,22
10116,11
10116,21
10116,22
10117,11
10117,15
10117,31
10118,11
10118,2
10118,26
10119,11
10119,2
10119,16
10120,11
10120,15
10120,31
10121,11
10122,11
10122,16
10122,22
10123,11
10123,3
10124,11
10124,21
10124,22
10125,11
10125,21
10126,11
10127,11
10127,15
10127,31
10128,1
10128,11
10128,15
10129,11
10129,2
10129,15
10130,11
10130,2
10130,15
10131,11
10131,26
10132,1
10132,11
10132,2
10133,11
10133,21
10133,19
10134,1
10134,11
10134,2
10135,11
10135,31
10136,11
10136,21
10136,30
10137,11
10137,16
10137,21
10138,11
10138,21
10138,32
10139,11
10139,16
10140,11
10140,21
10140,22
10141,11
10141,21
10141,24
10142,11
10142,26
10142,22
10143,11
10143,2
10143,32
10144,11
10144,2
10144,15
10145,11
10145,2
10145,21
10146,11
10146,2
10146,32
10147,11
10147,21
10147,30
10148,11
10148,15
10149,11
10149,2
10149,15
10150,11
10150,2
10150,15
10151,11
10151,22
10152,11
10152,21
10152,7
10153,11
10153,2
10153,21
10154,11
10154,21
10154,26
10155,11
10155,21
10156,11
10156,16
10156,10
10157,32
10157,11
10157,2
10158,11
10158,16
10158,21
10159,11
10159,2
10159,21
10160,11
10160,2
10160,21
10161,11
10161,2
10161,21
3459,21
3459,24
10162,11
10162,16
10162,21
10163,11
10163,16
10163,22
10164,11
10164,21
10164,22
10165,11
10165,16
10165,10
10166,1
10166,11
10166,2
10167,11
10167,21
10167,32
10168,11
10168,2
10168,32
10169,11
10170,11
10170,22
10171,11
10171,2
10171,21
10172,11
10172,21
10173,11
10173,31
10173,26
10174,11
10174,2
10175,11
10176,11
10176,26
10177,11
10177,16
10177,21
10178,11
10178,2
10178,21
10179,11
10179,26
10180,11
10180,16
10181,11
10181,21
10182,11
10182,2
10182,16
10183,11
10183,26
10184,11
10184,15
10185,11
10185,2
10185,10
10186,11
10186,21
10186,24
10187,11
10187,21
10187,29
10188,11
10188,31
10189,11
10189,21
10190,11
10190,2
10190,29
10191,11
10191,2
10191,15
10192,11
10192,16
10192,21
10193,11
10193,16
10193,21
10194,11
10195,11
10195,21
10195,22
10196,11
10196,32
10196,22
10197,11
10198,11
10198,16
10198,21
10199,11
10199,16
10200,16
10200,11
10200,22
10201,11
10201,15
10201,22
10202,11
10202,15
10203,1
10203,11
10203,21
10204,11
10204,21
10204,10
10205,11
10205,16
10206,11
10206,22
10207,1
10207,11
10207,15
10208,11
10208,16
10209,11
10209,15
10209,31
10210,11
10210,2
10211,11
10211,16
10211,21
10212,11
10212,26
10213,11
10213,15
10213,21
10214,11
10214,22
10215,11
10215,16
10215,22
10216,11
10216,16
10216,10
10217,11
10217,21
10217,22
10218,11
10218,31
10218,3
10219,11
10220,11
10220,16
10221,11
10221,22
10222,11
10222,26
10222,22
10223,11
10223,24
10223,22
10224,11
10224,21
10224,30
10225,11
10225,21
10226,11
10226,15
10226,24
10227,11
10227,22
10228,11
10228,21
10228,10
10229,11
10229,2
10229,31
10230,11
10230,21
10230,7
10231,11
10231,2
10231,15
10232,11
10232,15
10232,16
10233,11
10234,11
10234,32
10234,10
10235,11
10235,26
10236,11
10236,15
10237,11
10237,6
10237,21
10238,1
10238,11
10238,2
10239,1
10239,11
10239,2
10240,11
10240,15
10240,24
10241,11
10241,31
10241,22
10242,11
10242,26
10243,11
10243,16
2868,21
2868,31
10244,11
10244,22
10245,11
10245,21
10245,32
10246,11
10246,32
10247,11
10247,21
10247,22
10248,11
10248,2
10248,16
10249,11
10249,15
10249,24
10250,11
10250,2
10250,21
10251,11
10251,2
10251,32
10252,11
10252,26
10253,11
10253,2
10253,32
10254,11
10254,21
10255,11
10255,15
10255,29
10256,11
10256,22
10257,11
10257,21
10258,11
10258,22
10259,11
10259,15
10259,32
6868,21
6868,22
10260,11
10260,2
10260,26
10261,11
10261,15
10261,21
10262,11
10262,22
10263,11
10263,21
10263,24
10264,11
10264,21
10264,22
10265,11
10265,16
10265,21
10266,11
10266,21
10266,19
10267,11
10267,16
10267,21
10268,11
10268,2
10268,15
10269,11
10269,2
10270,11
10270,2
10270,21
10271,11
10271,15
10271,32
10272,11
10273,11
10273,24
10273,19
10274,11
10274,16
10274,21
10275,11
10275,16
10275,21
10276,11
10276,22
10277,11
10277,26
10277,22
10278,11
10278,2
10278,21
10279,11
10279,22
10280,1
10280,11
10280,2
10281,11
10281,15
10281,22
7110,21
10282,11
10282,21
4572,16
10283,11
10283,16
10283,10
10284,11
10284,21
10285,11
10285,10
10285,22
10286,11
10286,2
10286,21
10287,11
10287,21
2277,32
2277,14
10288,11
10288,22
10289,11
10289,22
10290,11
10291,11
10291,21
10292,11
10292,15
10292,21
10293,11
10294,11
10294,22
9466,21
10295,11
10295,2
10295,21
10296,11
10296,2
10296,32
10297,11
10297,16
10297,21
10298,11
10298,6
10298,21
10299,11
10299,16
10299,21
10300,11
10300,15
10300,16
10301,11
10301,16
10301,21
10302,11
10302,16
10302,21
10303,11
10303,21
10303,7
10304,11
10304,15
10304,16
10305,11
10305,21
10305,24
10306,11
10306,15
10306,29
10307,11
10307,15
10307,16
10308,11
10308,21
10308,22
10309,11
10309,15
10309,21
10310,11
10311,11
10311,26
10312,11
10312,21
10312,24
10313,11
10313,15
10313,21
10314,11
10314,21
10314,14
10315,11
10315,2
10315,31
10316,11
10316,16
10316,21
10317,11
10317,22
10318,11
10319,11
10319,16
10319,22
10320,11
10320,16
10320,21
10321,11
10321,21
10321,10
10322,11
10322,16
10322,22
10323,11
10323,26
5824,16
5824,22
10324,11
10324,2
10324,15
10325,1
10325,11
10325,2
10326,11
10326,2
10326,26
10327,11
10327,26
10328,11
10328,16
10328,21
10329,11
10329,21
10329,7
10330,11
10331,1
10331,11
10331,2
10332,11
10333,11
10333,15
10333,24
10334,11
10334,15
10335,11
10335,21
10336,11
10336,2
10336,31
10337,11
10337,22
10338,1
10338,11
10338,2
10339,11
10339,31
10339,22
10340,11
10340,16
10341,11
10342,11
10342,15
10343,11
10343,16
10343,21
10344,11
10344,2
10344,16
10345,11
10345,15
10346,1
10346,11
10346,2
10347,11
10347,2
10347,21
10348,11
10348,32
10348,31
10349,11
10349,21
10349,22
10350,11
10351,11
10351,15
10351,21
10352,11
10352,16
10352,21
10353,11
10353,26
10354,11
10354,21
10354,22
6868,10
10355,11
10355,31
10355,10
10356,11
10356,21
10357,11
10357,16
10357,21
10358,11
10358,3
10359,11
10359,2
10359,15
10360,11
10360,21
10361,11
10361,16
10361,21
10362,11
10362,16
10362,21
10363,11
10363,16
10363,21
10364,1
10364,11
10364,32
10365,11
10365,22
10366,11
10366,16
10366,22
10367,11
10367,26
10368,11
10368,15
10368,24
10369,11
10370,11
10370,16
10371,11
10371,21
10371,22
10372,11
10372,21
10372,24
10373,11
10373,22
10374,11
10374,15
10374,22
10375,11
10375,2
10375,21
10376,11
10376,2
10376,15
10377,11
10377,21
10377,22
10378,11
10378,21
10378,22
10379,11
10379,16
10380,11
10380,22
10381,11
10381,21
10381,19
10382,11
10382,15
10382,16
10383,11
10383,16
10383,22
10384,11
10384,2
10384,26
10385,11
10385,31
10385,22
10386,11
10386,21
10387,11
10387,15
10387,31
10388,11
10388,2
10388,29
10389,11
10389,21
10389,3
10390,1
10390,11
10390,2
10391,11
10391,2
10392,11
10392,21
10392,19
10393,11
10393,2
10393,6
10394,11
10394,2
10394,15
10395,11
10395,22
10396,11
10396,16
10396,21
10397,11
10398,11
10398,2
10398,22
10399,11
10400,11
10400,22
10401,11
10401,2
10402,11
10402,16
10402,21
10403,11
10403,2
10403,32
10404,1
10404,11
10404,21
10405,11
10405,21
10406,11
10407,11
10408,11
10408,15
10408,16
10409,11
10409,2
10409,22
5212,21
10410,11
10410,16
10410,21
10411,11
10411,16
10411,21
10412,11
10412,21
10412,24
9261,15
10413,11
10413,21
10413,22
10414,11
10414,21
10415,11
10415,2
10415,15
10416,11
10416,21
10416,30
10417,11
10417,10
10417,22
10418,11
10418,2
10418,15
10419,11
10419,16
10419,7
10420,11
10421,11
10421,2
10422,11
10422,16
10422,21
10423,11
9642,2
9642,32
10424,11
10424,15
10425,11
10425,16
10425,21
10426,11
10426,16
10426,31
10427,11
10428,11
10428,31
10428,22
10429,11
10429,32
3026,21
3026,19
10430,11
10430,15
10430,21
9109,22
10431,11
10431,21
10431,31
10432,11
10432,2
10432,32
10433,1
10433,11
10433,2
10434,11
10434,2
10434,22
10435,11
10435,24
10436,11
10436,22
10437,11
10437,16
10437,21
10438,11
10438,21
10438,31
10439,11
10439,22
10440,11
10440,2
10440,21
10441,11
10441,21
10442,11
10442,2
10442,21
10443,11
10443,21
10443,24
10444,11
10444,21
10445,11
10445,2
10445,21
10446,11
10446,15
10446,16
10447,11
10447,15
10447,16
10448,11
10448,16
10448,21
10449,11
10449,2
10449,16
10450,11
10450,15
10451,11
10452,11
10452,7
10452,19
10453,11
10453,2
10454,11
10454,21
10455,11
10455,15
10455,24
10456,11
10456,15
10456,16
10457,11
10458,1
10458,11
10458,2
6836,16
10459,11
10459,2
10459,21
10460,11
10460,16
10460,21
10461,1
10461,11
10461,2
10462,11
10462,21
10463,11
10463,31
10463,26
10464,11
10464,24
10465,11
10465,21
10466,11
10466,21
10466,7
10467,11
10468,11
10468,15
10468,24
10469,11
10469,2
10469,32
10470,11
10470,21
10470,24
10471,11
10471,15
10472,11
10473,11
10473,21
10474,11
10474,16
10474,22
10475,11
10475,21
10475,7
10476,11
10476,2
10476,32
10477,11
10477,2
10477,24
10478,11
10478,21
10478,26
10479,11
10479,6
10479,21
10480,11
10480,15
10480,21
10481,11
10481,32
10482,11
10482,21
10482,30
10483,11
10483,21
10483,7
10484,11
10484,15
10484,16
10485,11
10485,16
10485,21
10486,11
10486,2
10486,21
10487,11
10487,15
10488,11
10488,16
10488,21
10489,11
10490,11
10491,11
10491,2
10491,15
10492,11
10492,21
10492,22
10493,11
10493,26
10494,11
10494,22
10495,11
10495,10
10495,26
10496,31
10496,11
10496,26
10497,11
10497,21
10498,11
10498,15
10498,22
10499,11
10499,2
10499,16
10500,11
10500,2
10500,15
10501,11
10501,21
10501,24
10502,11
10502,2
10502,21
10503,11
10503,15
10503,31
10504,11
10504,16
10504,21
10505,11
10505,1
10505,15
10506,11
10506,26
2563,19
10507,11
10507,21
10508,11
10508,21
10508,22
10509,11
10509,16
10509,22
10510,11
10510,15
10510,16
10511,11
10511,31
10511,26
10512,11
10512,15
10512,24
10513,11
10513,16
10513,32
10514,11
10514,32
10514,24
10515,11
10515,21
10515,22
10516,11
10516,15
10517,11
10517,15
10518,11
10518,16
10518,21
10519,11
10519,15
10519,24
5855,31
7728,21
10520,11
10520,21
10521,11
10521,31
10522,11
10522,15
10522,21
10523,11
10523,26
10523,22
10524,11
10524,21
4707,21
4707,22
10525,11
10525,15
10525,22
10526,11
10526,16
10526,22
10527,11
10527,16
10527,22
10528,11
10529,11
10529,21
10529,24
8779,24
10530,11
10531,11
10531,26
10531,22
10532,11
10532,21
10532,22
10533,11
10534,11
10534,21
10534,19
10535,11
10535,21
10536,11
10536,16
10536,21
10537,11
10537,15
10538,11
10538,26
10539,11
10540,11
10541,11
10541,2
10541,15
10542,11
10542,21
10542,22
10543,11
10543,16
10544,11
10544,21
10545,11
10545,2
10545,21
10546,11
10546,16
10546,21
10547,11
10547,2
10547,32
10548,11
10548,6
10548,21
10549,11
10549,16
10549,21
10550,1
10550,11
10550,21
10551,11
10551,16
10551,21
10552,11
10553,11
10553,26
10554,11
10554,21
10554,22
10555,11
10556,11
10556,16
10556,21
10557,11
10557,21
10558,11
10558,2
10559,11
10559,22
10560,11
10560,31
10560,10
10561,11
10561,21
10561,16
10562,11
10562,15
10562,21
10563,11
10563,15
10563,21
10564,11
10564,2
10565,11
10565,16
10565,21
10566,11
10566,21
10566,32
10567,11
10567,26
10568,11
10568,21
10568,24
10569,11
10569,21
10569,30
10570,11
10570,31
10571,11
10571,2
10571,16
10572,11
10573,11
10573,16
10573,21
10574,11
10574,2
10574,15
10575,11
10576,11
10577,11
10577,15
10578,11
10578,21
10578,30
10579,11
10579,2
10579,15
10580,11
10580,2
10580,21
10581,11
10581,21
10581,22
10582,11
10582,16
10582,22
10583,11
10583,21
10583,26
10584,11
10584,21
10584,22
10585,11
10585,21
10585,24
10586,11
10586,2
10586,26
10587,11
10587,2
10587,16
10588,11
10588,2
10588,22
10589,11
10589,31
10589,26
10590,11
10591,11
10591,2
10591,15
10592,11
10592,21
10592,31
10593,11
10593,2
10593,21
10594,11
10594,21
10594,32
10595,11
10595,21
10595,24
10596,11
10596,21
10597,11
10597,21
10597,10
10598,11
10598,15
10598,22
10599,11
10599,2
10599,16
10600,11
10600,21
10601,11
10601,31
10601,22
10602,11
10602,32
10602,26
10603,11
10603,26
10604,11
10604,16
10604,21
10605,11
10605,21
10605,24
10606,11
10606,2
10606,31
10607,1
10607,11
10607,22
10608,11
10608,19
10609,11
10609,22
10610,11
10610,21
10611,11
10612,11
10612,15
10612,16
10613,11
10614,11
10614,21
10614,24
10615,11
10615,16
10615,21
10616,11
10616,2
10616,3
10617,11
10617,21
10617,22
10618,1
10618,11
10618,21
10619,11
10619,21
10619,24
10620,11
10620,2
10620,15
10621,11
10621,16
10621,22
10622,11
10622,2
10622,21
10623,11
10623,21
10623,22
10624,11
10625,11
10625,21
10626,11
10626,26
10627,11
10627,16
10627,21
10628,11
10628,15
10628,21
10629,11
10629,15
10629,22
10630,11
10630,15
10631,11
10632,11
10632,16
10633,11
10633,15
10633,16
10634,11
10634,22
8955,14
8955,10
10635,11
10635,21
10636,11
10636,15
10636,24
10637,11
10637,31
10637,24
10638,11
10639,11
10639,24
10639,22
10640,11
10640,16
10640,21
10641,11
10641,16
10641,21
10642,1
10642,11
10642,21
10643,11
10643,2
10643,21
10644,11
10644,21
10645,11
10645,32
10645,22
10646,11
10646,16
10646,22
10647,11
10647,24
10647,3
10648,11
10648,21
10648,32
10649,1
10649,11
10649,14
10650,11
10650,21
10650,22
10651,11
10651,2
10651,15
10652,11
10652,21
10652,22
10653,11
10653,32
10654,11
10655,11
10655,21
10655,24
10656,11
10656,21
10657,11
10657,15
10657,32
10658,11
10658,21
10658,26
10659,11
10659,21
10660,11
10661,11
10661,22
10662,11
10662,16
10662,21
10663,1
10663,11
10663,2
10664,11
10664,21
10664,31
10665,11
10666,11
10666,21
10666,31
10667,11
10667,2
10667,32
10668,11
10668,16
10669,11
10669,15
10669,29
10670,11
10670,16
10670,22
10671,11
10671,2
10671,15
10672,11
10672,22
10673,11
10673,22
10674,11
10674,22
10675,11
10675,21
10675,24
5029,6
10676,15
10676,11
10677,11
10677,2
10677,19
10678,11
10678,32
10678,26
10679,11
10679,21
10680,11
10680,21
10681,11
10681,21
10681,24
10682,2
10682,26
10682,11
10683,11
10683,16
10683,22
10684,11
10684,21
10684,22
10685,11
10685,21
10686,11
10686,21
10686,29
10687,11
10688,11
10688,21
10688,22
10689,11
10689,30
10690,11
10690,16
10690,22
10691,11
10691,15
10692,11
10692,16
10693,1
10693,11
10693,21
10694,11
10694,32
10694,31
10695,11
10695,22
10696,11
10696,21
10696,19
10697,11
10697,16
10697,31
2912,14
10698,11
10698,15
10698,32
10699,11
10699,22
10699,19
10700,11
10700,16
10700,21
10701,11
10701,15
10701,21
10702,11
10702,2
10702,15
10703,11
10703,21
10703,22
10704,11
10704,26
10704,22
10705,11
10706,11
10706,22
10707,11
10708,11
10708,15
10708,24
10709,11
10709,2
10709,31
10710,11
10710,16
10710,21
10711,11
10711,2
10711,21
10712,11
10712,2
10712,15
10713,11
10713,22
10714,11
10714,21
10714,22
10715,11
10715,2
10715,6
10716,11
10716,2
10716,7
10717,11
10717,21
10717,14
10718,11
10718,21
10718,22
10719,11
10719,31
10719,26
10720,11
10720,22
10721,11
10721,7
10722,11
10722,2
10722,7
10723,11
10723,2
10723,21
10724,11
10724,10
10724,26
10725,11
10725,19
10726,11
10726,2
10726,21
10727,11
10727,2
10728,11
10728,21
10728,19
10729,1
10729,11
10729,21
10730,11
10731,11
10732,11
10732,2
10732,21
10733,11
10733,16
10733,22
10734,11
10735,11
10735,21
10735,7
10736,11
10736,16
10736,21
10737,11
10737,21
10738,11
10738,21
10739,11
10739,22
10740,11
10740,2
10740,29
10741,11
10741,21
4606,22
10742,11
10743,1
10743,11
10743,26
10744,11
10744,21
10745,11
10745,2
4814,26
10746,11
10746,21
10747,11
10747,21
10747,22
10748,11
10748,32
10748,26
10749,11
10749,2
10749,15
10750,11
10750,21
10751,11
10751,2
10751,15
10752,11
10752,32
10752,31
10753,11
10753,21
10753,3
10754,11
10754,21
10755,11
10756,11
10756,2
10756,16
10757,11
10757,15
10758,1
10758,11
10758,16
10759,11
10759,16
10760,11
10760,6
10760,15
10761,11
10761,16
10761,21
10762,11
10762,16
10762,21
10763,11
10763,16
10763,24
10764,11
10764,2
10765,11
10765,15
10765,16
10766,11
10766,26
10767,11
10768,11
10768,7
10768,19
10769,11
10769,21
10770,11
10770,16
10770,21
10771,11
10771,10
10771,22
10772,11
10772,24
10772,22
10773,11
10773,21
10774,11
10774,2
10774,32
10775,11
10776,11
10776,2
10776,15
10777,11
10777,16
10777,24
10778,11
10779,11
10779,2
10779,32
10780,11
10780,16
10780,21
10781,11
10781,2
10781,6
10782,11
10782,21
10782,22
10783,11
10783,16
10783,21
10784,11
10784,16
10784,21
6512,21
10785,11
10785,16
10785,21
10786,11
10786,15
10787,11
10787,10
10787,22
10788,11
10788,22
10788,19
10789,11
10789,21
10789,26
10790,11
10790,16
10790,22
10791,11
10791,21
10791,22
10792,11
10793,11
10793,30
10793,22
10794,11
10794,21
10795,11
10795,21
10795,22
10796,1
10796,11
10796,21
10797,11
10797,21
10797,19
10798,11
10798,21
10798,7
4791,16
10799,11
10799,15
10800,11
10800,21
10800,3
10801,11
10801,21
10801,29
10802,11
10802,21
10802,19
10803,11
10803,16
10803,21
10804,11
10804,21
10805,11
10805,15
10805,22
10806,11
10806,21
10806,27
10807,11
10807,24
10808,32
10808,22
10808,11
10809,11
10809,2
10809,6
10810,11
10810,24
10811,1
10811,11
10811,32
10812,11
10812,2
10812,32
10813,1
10813,11
10813,2
10814,11
10814,2
10814,21
10815,11
10815,2
10815,21
10816,11
10816,21
10816,24
10817,11
10817,15
10817,16
10818,11
10818,15
10818,21
10819,11
10819,31
10819,26
10820,24
10820,14
10820,11
10821,11
10821,21
10821,10
10822,11
10822,16
10822,21
10823,11
10823,31
10823,26
10824,11
10824,21
10824,19
10825,1
10825,11
10825,21
10826,11
10826,16
10826,21
10827,11
10827,15
10828,11
10828,21
10828,3
10829,11
10829,2
10829,24
10830,11
10830,21
10830,19
10831,11
10831,21
10831,30
10832,11
10832,31
10833,11
10833,2
10833,16
10834,11
10834,21
10834,14
10835,11
10835,31
10835,22
10836,11
10836,15
10836,21
10837,11
10837,2
10837,22
10838,11
10838,15
10838,16
10839,11
10839,15
10839,24
10840,11
10840,21
10841,11
10841,16
10841,21
10842,11
10842,2
10842,31
10843,11
10843,16
10843,21
10844,11
10844,15
10844,24
10845,11
10846,11
10847,11
10847,15
10847,21
10848,11
10848,16
10848,21
10849,11
10850,1
10850,11
10850,2
10851,11
10851,15
10851,21
5007,7
10852,11
10853,11
10853,2
10853,21
10854,11
10854,2
10854,22
10855,11
10855,29
10855,3
10856,11
10856,15
10857,14
10857,29
10857,24
10858,11
10858,15
10859,11
10859,15
10860,11
10860,21
10861,21
10861,2
10861,11
10862,11
10862,21
10862,22
10863,11
10863,21
10863,22
10864,11
10864,21
10865,11
10865,15
10865,26
10866,11
10866,2
10867,11
10867,21
10868,11
10868,21
10869,11
10870,11
10870,26
10871,11
10871,21
10871,31
10872,11
10872,16
10872,21
10873,11
10873,2
10873,16
10874,11
10875,11
10875,15
10875,26
10876,11
10876,15
10877,11
10877,21
10878,1
10878,11
10878,16
10879,11
10879,15
10880,11
10881,11
10881,2
10881,24
10882,11
10882,21
10882,32
10883,11
10883,16
10883,21
10884,11
10884,15
10884,16
10885,11
10885,2
10885,15
10886,11
10887,11
10887,2
10887,6
10888,11
10888,2
10888,16
10889,11
10889,15
10889,32
10890,11
10890,21
10891,11
10891,2
10892,11
10892,22
10893,11
10893,16
10893,21
10894,11
10894,2
10894,29
10895,11
10895,16
10895,21
10896,11
10896,2
10896,26
10897,11
10897,26
10897,22
10898,11
10898,15
10899,11
10899,21
10900,11
10900,15
10900,16
10901,11
10901,21
10902,11
10902,21
10902,24
10903,11
10903,16
10903,22
10904,11
10904,2
10904,22
10905,11
10905,15
10906,11
10906,15
10906,16
10907,11
10907,24
10908,11
10909,11
10909,2
10909,16
10910,11
10910,22
10910,24
10911,11
10911,22
10912,11
10912,21
10912,24
10913,11
10913,21
10914,11
10915,11
10915,21
10916,11
10916,2
10916,22
4611,26
10917,11
10917,22
10918,11
10918,19
10919,1
10919,11
10919,29
10920,11
10920,16
10920,21
10921,11
10921,21
10922,11
10922,16
10922,21
10923,1
10923,11
10923,31
10924,11
10924,21
10924,22
10925,11
10925,15
10926,11
10926,2
10926,21
10927,11
10927,31
10927,26
10928,11
10928,16
10929,11
10929,16
10929,24
10930,11
10930,15
10930,21
10931,11
10931,21
10932,11
10932,16
10932,21
10933,11
10933,22
10934,11
10934,2
10935,11
10935,21
10936,11
10936,2
10937,11
10937,21
10937,24
10938,11
10938,21
10939,11
10939,16
10940,11
10940,21
10941,15
10941,11
10941,16
10942,11
10942,21
10943,11
10943,15
10943,16
10944,11
10944,2
10944,15
10945,11
10945,15
10945,24
10946,11
10946,7
10946,3
10947,1
10947,11
10947,2
10948,11
10948,2
10948,29
10949,11
10949,2
10949,15
1775,11
1775,21
1775,22
10950,11
10950,21
10950,22
10951,1
10951,11
10951,2
10952,11
2487,26
10953,11
10954,11
10954,2
10954,16
10955,1
10955,11
10955,16
10956,11
10956,2
10956,15
8005,26
9340,19
10957,11
10957,15
10957,16
10958,11
10958,16
10958,21
10959,11
10959,3
10960,11
10960,21
10961,11
10962,11
10962,15
10962,32
6491,7
10963,11
10963,21
10963,27
10964,11
10964,2
10964,26
10965,11
10965,31
10965,26
10966,11
10966,22
10967,11
10967,16
10967,22
10968,11
10968,2
10968,32
10969,11
10969,15
10969,21
10970,11
10970,21
10970,24
10971,11
10971,15
10971,16
10972,1
10972,11
10972,15
10973,11
10973,16
10973,21
10974,11
10974,29
10974,32
10975,11
10975,16
10975,22
10976,11
10976,31
10976,22
2321,21
10977,11
10977,16
10977,21
10978,1
10978,11
10978,32
10979,11
10979,21
10979,7
10980,11
10980,21
10980,32
10981,11
10981,21
10982,11
10982,21
10982,22
10983,1
10983,11
10983,2
2466,31
2466,22
10830,2
10830,10
10984,11
10984,2
10985,11
10985,16
10985,24
10986,11
10987,11
10987,16
10987,21
10988,11
10988,16
10988,21
10989,11
10989,2
10989,15
10990,11
10990,21
10991,11
10991,15
10991,24
5149,22
10992,11
10993,11
10993,2
10993,10
10994,11
10994,2
10994,7
10995,11
10995,15
10995,21
10996,11
10996,15
10997,11
10997,2
10997,15
10998,11
10998,21
10998,26
10999,11
10999,16
10999,21
11000,11
11000,31
11001,11
11001,21
11001,24
11002,11
11002,2
11002,16
11003,11
11003,16
11004,11
11004,21
11004,24
11005,11
11005,2
11005,21
11006,11
11007,11
11007,21
11007,22
4197,22
11008,11
11008,22
11009,11
11009,21
11009,30
11010,11
11010,16
11010,21
11011,11
11011,2
11011,21
11012,11
11012,21
11012,19
11013,11
11013,16
11013,21
4019,16
4019,22
11014,11
11014,31
11015,11
11015,15
11015,21
11016,1
11016,11
11016,2
11017,11
11017,15
11017,21
11018,11
11018,15
11018,31
11019,11
11019,15
11020,11
11020,22
11021,11
11021,21
11021,19
11022,11
11022,22
11023,11
11023,2
11023,21
11024,11
11024,2
11024,32
1998,15
11025,11
11025,16
11025,22
11026,11
11026,2
11026,21
11027,11
11028,11
11028,21
11029,11
11029,2
11029,15
11030,11
11030,21
11030,26
11031,11
11031,21
11031,24
11032,11
11032,31
11032,10
11033,11
11033,2
11033,24
11034,11
11034,2
11034,6
11035,11
11035,31
11035,26
11036,11
11036,21
11037,11
11037,2
11037,15
11038,11
11038,31
11038,26
11039,11
11039,15
11039,16
11040,11
11040,21
11040,22
11041,1
11041,11
11041,26
11042,11
11042,2
11042,15
11043,11
11043,15
11044,11
11044,15
11044,21
11045,11
11045,21
11045,14
11046,11
11046,15
11047,11
11047,2
11047,32
11048,11
11048,2
11049,11
11049,16
11049,21
11050,11
11050,2
11050,6
11051,11
11051,26
11052,11
11052,2
11052,31
11053,11
11053,26
11053,1
11054,11
11054,15
11054,7
11055,11
11055,16
11055,21
11056,11
11056,2
11056,15
11057,11
11057,21
11057,32
11058,11
11058,2
11058,16
11059,11
11060,11
11060,26
11061,11
11061,32
11061,26
8813,22
11062,11
11062,21
11063,11
11063,24
11064,11
11064,15
11064,31
11065,11
11065,21
11065,22
11066,11
11066,2
11066,26
11067,11
6007,21
6007,26
11068,11
11068,2
11068,21
11069,11
11069,21
11069,7
11070,11
11070,26
11070,22
11071,11
11071,16
11071,21
11072,11
11072,16
11072,21
11073,11
11073,2
11073,21
11074,11
11074,21
11075,1
11075,11
11075,21
11076,11
11076,15
11076,16
11077,11
11077,21
11078,11
11078,2
11078,21
11079,11
11079,21
11080,11
11080,15
11080,21
11081,11
11081,21
11081,19
11082,11
11082,22
11083,11
11083,21
11083,24
11084,11
11084,2
11084,29
11085,11
11085,2
11085,21
11086,11
11086,15
11086,7
11087,11
11087,21
11088,11
11088,2
11088,15
11089,11
11089,2
11089,15
11090,11
11090,21
11090,22
11091,11
11091,15
11091,16
11092,11
11092,21
11093,1
11093,11
11093,16
11094,11
11094,16
11094,21
11095,11
11095,16
11095,21
11096,11
11096,15
11096,24
11097,11
11098,11
11099,11
11099,32
11099,31
11100,11
11100,21
11101,11
11101,2
11102,1
11102,11
11102,2
11103,11
11103,15
11104,11
11104,16
11104,22
11105,1
11105,11
11105,15
11106,11
11106,21
11106,32
11107,11
11107,26
11108,11
11108,31
11108,26
11109,11
11109,2
11109,31
11110,11
11110,21
11110,31
11111,11
11111,21
11111,22
11112,11
11112,24
5706,3
11113,11
11113,2
11113,15
11114,11
11114,21
11115,11
11115,15
11115,26
11116,11
11116,21
11117,11
11118,11
11118,15
11118,31
11119,11
11119,15
11119,26
11120,11
11120,3
11121,11
11121,15
11122,11
11122,21
11123,11
11123,16
11123,24
11124,11
11124,16
11124,21
11125,11
11126,11
11126,21
11127,11
11127,16
11128,1
11128,11
11128,2
11129,11
11129,2
11130,11
11130,21
11130,3
11131,11
11132,11
11132,16
11132,21
11133,11
11133,31
11133,26
11134,11
11134,31
11134,26
11135,11
11135,15
11136,11
11136,16
11136,22
11137,11
11137,2
11137,21
11138,11
11138,16
11138,21
11139,11
11139,26
11140,11
11140,2
11140,26
11141,11
11141,2
11141,16
11142,11
11142,16
11142,21
11143,11
11143,21
11143,30
11144,11
11144,16
11144,21
5822,16
11145,11
11145,16
11145,21
11146,11
11146,21
11146,19
11147,11
11147,31
11147,26
11148,11
11149,11
11149,15
11149,26
11150,11
11150,31
11151,11
11151,2
11151,21
11152,11
11152,16
11152,31
11153,11
11153,21
11153,32
11154,11
11154,21
11154,22
11155,11
11155,22
11156,11
11156,16
11156,21
11157,11
11157,16
11157,21
11158,11
11158,21
11159,11
11159,26
11159,22
11160,1
11160,11
11160,16
11161,11
11161,16
11161,21
11162,11
11162,22
11163,11
11163,16
11163,21
11164,11
11164,21
11164,26
11165,11
11165,2
11165,21
11166,11
11167,11
11167,16
11167,21
11168,11
11168,21
11168,24
11169,11
11169,24
11170,11
11170,15
11170,16
11171,11
11171,21
11171,24
11172,11
11172,2
11172,15
11173,11
11173,21
11173,2
11174,11
11175,11
11175,16
11175,22
11176,11
11176,21
11176,24
11177,11
11178,11
11178,15
11178,21
11179,1
11179,11
11179,2
11180,11
11180,15
11180,21
11181,11
11181,21
11181,24
11182,11
11183,11
11183,21
11184,11
11184,21
11184,19
11185,11
11185,26
11185,22
11186,11
11186,21
11187,11
11188,11
11188,15
11188,16
11189,11
11189,16
11189,21
11190,11
11190,2
11190,24
11191,11
11191,21
11192,11
11192,2
8474,2
8474,24
11193,11
11193,2
11193,15
11194,11
11194,15
11194,21
11195,11
11195,2
11195,16
11196,11
11196,15
11196,26
11197,11
11197,26
11198,11
11198,21
11198,22
8217,15
11199,11
11199,21
11199,22
11200,11
11200,2
11200,26
11201,11
11202,11
11202,15
11203,11
11204,11
11204,32
11204,31
11205,11
11205,15
11206,11
11206,15
11207,11
11207,2
11207,32
11208,11
11208,16
11208,21
11209,11
11209,2
11209,15
8700,2
8700,32
8313,16
11210,11
11210,15
11211,11
11211,32
11211,7
11212,11
11212,21
11212,24
11213,11
11213,16
11213,21
11214,11
11214,21
11214,10
11215,11
5230,31
5230,22
11216,11
11216,15
11216,32
11217,11
11217,15
11217,31
11218,11
11218,2
11219,11
11219,16
11219,21
11220,11
11220,31
11220,22
11221,11
11222,11
11222,21
11223,11
11223,2
11223,15
11224,11
11224,15
11224,14
11225,11
11225,22
11226,11
11226,2
11226,21
11227,11
11227,2
11227,32
11228,11
11228,15
11228,16
11229,11
1351,11
1351,26
11230,11
11230,31
11230,3
11231,11
11231,22
11232,11
11232,2
11232,15
11233,11
11233,2
11233,6
11234,11
11234,2
11235,11
11235,16
11235,22
11236,11
11236,21
11236,22
11237,11
11237,15
11237,16
11238,11
11238,15
11239,11
11239,22
11240,11
11240,21
11240,22
11241,11
11241,31
11242,11
11242,21
11242,24
11243,11
11243,24
11243,3
11244,11
11244,16
11244,21
11245,11
11245,21
11245,24
11246,11
11246,26
11246,22
11247,11
11247,2
11247,6
11248,11
11248,21
11248,7
11249,11
11249,21
11250,11
11250,19
11251,11
11251,31
11251,22
11252,1
11252,11
11252,2
11253,11
11253,2
11253,21
11254,11
11254,21
11255,1
11255,11
11255,2
11256,11
11256,21
11256,24
11257,11
11258,11
11258,15
11259,11
11259,2
11259,15
11260,11
11260,3
11261,1
11261,11
11261,2
11262,11
11262,2
11262,21
11263,11
11263,7
11263,19
11264,11
11264,22
11265,11
11265,21
11265,26
11266,11
11266,15
11266,21
11267,11
11267,2
11267,15
11268,11
11268,16
11268,22
11269,11
11269,21
11269,27
11270,11
11270,2
11270,15
11271,11
11271,2
11271,15
11272,11
11272,21
11273,11
11273,21
11273,22
11274,11
11274,15
11275,11
11275,15
11275,32
11276,11
11276,15
11276,21
11277,11
11277,15
11277,22
11278,1
11278,11
11278,21
11279,11
11279,21
11280,11
11280,29
11281,11
11281,21
11281,26
11282,11
11282,15
11283,11
11283,16
11283,21
11284,11
11284,2
11284,29
11285,11
11286,11
11286,2
11286,31
11287,11
11287,15
11287,16
11288,11
11288,15
11288,16
11289,11
11289,21
11290,11
11290,16
11290,21
11291,11
11291,16
11291,22
11292,11
11292,22
11293,11
11293,2
11293,10
11294,11
11294,26
11295,11
11295,21
11295,22
9839,2
9839,15
11296,11
11296,2
11297,11
11297,21
11298,11
11299,11
11299,26
11300,11
11300,16
11300,22
11301,11
11301,16
11301,21
11302,11
11302,16
11303,11
11303,7
11303,19
11304,11
11304,32
11304,26
11305,11
11305,2
11305,15
11306,11
11306,16
11306,21
11307,11
11307,2
11307,21
11308,11
11308,21
11308,32
11309,11
11309,16
11310,11
11310,21
11310,24
11311,11
11311,31
11312,11
11312,15
5784,24
11313,11
11313,2
11313,15
11314,11
11314,7
11315,11
11315,15
11315,16
11316,11
11316,15
11316,22
11317,11
11318,11
11318,15
11319,11
11319,21
11319,22
11320,11
11321,1
11321,11
11321,2
11322,11
11322,16
11322,21
11323,1
11323,11
11323,2
11324,11
11324,15
11325,1
11325,11
11325,32
11326,11
11326,15
11326,21
11327,11
11327,16
11327,22
11328,11
11329,11
11329,2
11329,15
11330,11
11330,15
11330,32
11331,11
11331,2
11331,21
11332,11
11332,2
11332,21
11333,11
11333,32
11333,31
11334,11
11334,15
11334,21
11335,11
11335,21
11335,24
11009,15
11336,11
11336,21
11337,11
11337,31
11337,10
11338,11
11338,21
11338,22
8716,21
11339,11
11339,2
11340,11
11340,15
11340,14
11341,11
11341,16
11341,21
11342,11
11342,16
11342,21
11343,1
11343,11
11343,15
11344,11
11344,24
11344,19
11345,11
11345,15
11346,11
11346,21
11347,11
11347,16
11347,22
11348,11
11348,2
11348,22
11349,11
11349,2
11349,21
11350,1
11350,11
11350,15
11351,11
11351,16
11351,31
11352,11
11352,16
11352,21
11353,11
11353,16
11353,21
11354,11
11354,15
11354,26
11355,11
11355,15
11355,32
11356,11
11356,15
11356,22
11357,11
11357,16
11357,21
11358,11
11359,11
11359,16
11359,21
11360,11
11360,32
11361,11
11361,21
11362,11
11362,22
11363,11
11363,21
11363,22
11364,11
11364,22
11365,11
11366,11
11366,21
11367,11
11367,21
11368,11
11368,16
11368,31
11369,11
11369,26
11369,3
11370,11
11370,26
11371,11
11371,21
11372,11
11372,2
11372,16
11373,11
11374,11
11374,21
11375,11
11375,16
11375,21
11376,11
11376,15
11377,11
11378,11
11378,21
11378,27
11379,11
11379,2
2582,29
11380,11
11380,21
2422,21
2422,19
11381,11
11381,2
11381,29
11382,11
11382,22
11383,11
11383,21
11384,11
11384,24
11385,11
11385,22
11386,1
11386,11
11386,2
11387,15
11387,11
11387,22
11388,11
11388,2
11388,6
11389,11
11389,15
11389,31
11390,11
11390,16
11390,21
11391,11
11391,15
11391,26
11392,11
11392,2
11392,16
11393,11
11393,2
11393,29
11394,11
11394,21
11395,11
11395,21
11396,11
11396,16
11397,11
11398,11
11398,16
11398,21
11399,11
11399,2
11400,11
11400,2
11400,6
11401,11
11401,16
11401,22
11402,11
11402,21
11403,11
11403,15
11403,24
11404,11
11404,2
11404,22
11405,11
11405,22
11406,11
11406,21
11407,11
11407,16
11408,11
11408,22
11409,11
11410,11
11410,16
11410,21
11411,11
11411,15
11411,21
11412,11
11413,11
11413,15
11413,24
11414,1
11414,11
11414,2
11415,11
11415,2
11415,15
11416,11
11416,21
11417,11
11417,22
11418,11
11418,15
11418,32
11419,11
11419,16
11419,21
11420,11
11420,15
11420,16
11421,11
11421,31
11421,22
11422,11
11422,31
11422,22
11423,11
11423,21
11423,22
11424,11
11425,11
11425,15
11425,31
11426,11
11427,1
11427,11
11427,2
11428,11
11428,15
11429,11
11429,15
11429,16
11430,11
11431,11
11431,15
11431,16
11432,11
11432,21
11432,7
11433,11
11433,16
11433,21
11434,11
11434,2
11434,15
11435,11
11435,32
11435,22
11436,11
11436,21
11436,14
11437,11
11437,31
11437,26
11438,11
11438,15
11438,16
11439,11
11439,21
11440,11
11440,15
11440,22
11441,11
11441,16
11442,11
11442,2
11442,26
11443,21
11443,11
11443,22
11444,11
11444,30
11445,11
11445,21
11446,11
11446,2
11447,11
11448,11
11448,16
11448,21
11449,11
11449,24
11450,11
11450,15
11451,11
11451,31
11452,11
11452,16
11452,21
11453,11
11453,21
11453,22
11454,11
11455,11
11455,15
11455,21
11456,11
11456,16
11456,21
11457,11
11457,21
11457,19
11458,11
11458,21
11458,19
11459,11
11459,2
11459,21
11460,11
11460,15
11460,16
11461,11
11461,16
11461,22
11462,11
11462,15
11462,31
11463,11
11463,2
11463,21
11464,11
11464,2
11464,26
11465,1
11465,11
11465,21
11466,11
11466,21
11466,24
11467,11
11467,15
11468,11
11468,16
11468,21
11469,11
11469,6
11469,16
11470,11
11470,16
11470,22
11471,11
11471,21
11472,11
11472,2
11472,21
11473,11
11473,2
11473,21
11474,11
11474,16
11474,22
11475,11
11475,15
11475,16
11476,11
11476,6
11476,16
11477,11
11477,16
11477,21
11478,11
11478,16
11478,22
11479,11
11479,2
11479,15
11480,11
11481,11
11482,11
11482,26
11483,11
11484,11
11484,21
11485,11
11485,21
11485,10
11486,11
11486,19
4228,16
4228,24
11487,1
11487,11
11487,2
11488,11
11488,2
11488,21
11489,11
11489,15
11489,24
11490,11
11490,2
11490,15
11491,1
11491,11
11491,2
11492,11
11492,15
11493,11
11493,21
11494,11
11494,2
11494,31
11495,11
11495,16
11495,21
11496,11
11496,16
11496,26
11497,11
11497,2
11497,21
7466,21
11498,11
11498,21
11498,22
11499,11
11499,2
11499,21
11500,11
11500,22
11501,11
11501,31
11501,22
11502,11
11502,16
11502,21
11503,11
11503,21
11503,10
11504,11
11504,16
11504,21
11505,11
11505,31
11505,22
11506,11
11506,26
11506,22
11507,11
11508,11
11508,21
11508,24
11509,11
11509,21
11510,11
11510,16
11510,22
11511,11
11511,21
11512,11
11512,21
11512,24
11513,11
11514,11
11514,2
11514,15
11515,11
11515,16
11515,21
11516,11
11516,21
11517,11
11517,21
11518,11
11518,15
11519,11
11519,2
11519,15
9943,21
9943,22
11520,11
11520,24
1780,11
1780,16
1780,10
11521,11
11521,15
11521,21
11522,11
11522,2
11522,21
11523,11
11524,11
11524,2
11524,32
11525,11
11525,24
11525,22
11526,11
11526,21
11526,22
11527,11
11528,11
11528,21
11529,11
11529,2
11529,6
11530,11
11530,21
11531,11
11531,15
11531,21
11532,11
11532,21
11532,24
11533,11
11534,11
11534,2
11534,26
11535,11
11535,32
11535,26
11536,11
11536,2
11536,21
11537,11
11537,15
11537,16
11538,11
11538,2
11538,29
11539,11
11539,16
11539,21
11540,11
11541,11
11541,2
11541,21
11542,11
11542,16
11542,10
11543,11
11544,11
11544,2
11544,29
11545,11
11545,21
11546,11
11546,16
11546,21
11547,11
11547,21
11547,7
11548,11
11548,15
11549,11
11549,21
11550,11
11550,32
11551,11
11551,16
11551,21
11552,11
11552,16
11552,22
11553,11
11554,11
11555,11
11555,15
11556,11
11556,22
11557,11
11557,31
11557,22
11558,11
11558,26
11559,11
11559,22
11560,11
11560,15
11561,11
11561,21
11561,30
11562,11
11562,15
11562,21
11563,11
11563,2
11563,32
11564,1
11564,11
11564,15
11565,11
11566,11
11566,2
11566,7
11567,11
11567,21
11568,11
11568,24
11568,19
8312,22
11569,11
11569,22
11570,11
11570,32
11570,3
11571,2
11571,15
11571,16
11572,11
11572,15
11573,11
11573,26
11574,11
11574,21
11574,22
11575,11
11575,16
11575,21
11576,11
11576,2
11576,32
11577,11
11577,22
6885,24
11578,11
11578,15
11578,16
11579,11
11579,15
11579,32
11580,11
11580,21
11580,29
11581,11
11581,16
11581,21
11582,11
11582,2
11582,21
11583,11
11583,21
11583,22
11584,11
11584,31
11584,22
11585,11
11585,21
11586,11
11586,2
11586,26
11587,11
11587,21
11587,19
11588,11
11588,22
11589,11
11589,2
11589,32
11590,11
11590,21
11590,31
11591,11
11591,24
11591,15
11592,11
11592,21
11593,11
11593,2
11593,7
11594,11
11594,2
11594,15
11595,11
11595,2
11595,32
11596,11
11596,16
11597,11
11597,21
11598,11
11598,21
11599,11
11599,15
11600,11
11600,21
11601,11
11601,24
11602,11
11602,21
11602,26
11603,11
11603,21
11603,22
11604,16
11604,22
11604,11
11605,10
11605,11
11605,22
11606,11
11606,16
11606,21
11607,11
11607,31
11608,11
11608,15
11608,21
11609,11
11609,16
11609,22
11610,11
11610,21
11611,11
11611,21
11612,11
11612,21
11613,11
11613,16
11614,11
11614,21
11614,26
11615,11
11615,15
11615,24
11616,1
11616,11
11616,2
11617,11
11617,2
11617,21
11618,11
11618,1
11618,26
11619,11
11620,11
11620,16
11620,22
11621,11
11621,15
11621,31
11622,11
11622,21
11623,11
11623,22
11624,11
11624,15
11624,24
11625,11
11625,15
11625,16
11626,11
11626,15
11626,16
11627,11
11628,11
11628,26
11629,11
11629,19
11629,21
11630,11
11630,15
11630,21
11631,11
11631,16
11631,21
11632,11
11633,11
11633,2
11633,16
11634,11
11634,2
11634,32
11635,11
11635,15
11635,21
11636,11
11636,16
11636,21
11637,11
11638,11
11638,15
11638,16
11639,11
11639,21
11640,11
11640,15
11641,11
11641,2
11641,15
11642,11
11642,6
11642,21
11643,11
11643,26
11644,11
11644,16
11644,21
11645,11
11645,2
11645,22
3613,26
11646,11
11646,16
11646,21
11647,11
11647,16
11648,11
11648,15
11648,21
11649,11
11649,16
11649,21
11650,11
11650,2
11650,21
11651,11
11651,21
11651,7
11652,11
11652,2
11652,26
11653,11
11653,2
11653,15
7914,22
11654,11
11654,21
11654,24
11655,11
11655,21
11656,11
11656,15
11656,21
11657,11
11657,21
11657,14
11658,11
11658,15
11658,16
11659,11
11660,11
11660,22
11661,11
11661,15
11661,16
11662,11
11662,16
11662,22
11663,11
11663,16
11663,22
11664,11
11664,26
11664,22
11665,11
11666,11
11666,21
11667,11
11667,16
11667,21
11668,11
11668,15
11668,29
11669,11
11669,21
11669,24
11670,11
11670,22
11671,11
11671,2
11671,21
11672,1
11672,11
11672,2
11673,11
11674,11
11674,15
11674,21
11675,11
11675,15
11676,11
11677,11
11677,2
11677,22
11678,11
11678,2
11678,22
11679,11
11679,15
11679,21
11680,11
11680,15
11680,16
11681,11
11681,2
11681,22
11682,11
11682,24
11683,11
11683,15
11684,11
11684,21
11685,11
11685,16
11685,22
11686,11
11686,16
11686,21
11687,11
11687,19
11688,11
11689,11
11690,11
11690,15
11690,14
11691,11
11691,2
11692,11
11693,1
11693,11
11693,2
11694,11
11694,15
11694,26
11695,11
11695,15
11695,16
11696,11
11696,16
11696,21
11697,11
11697,2
11697,32
11698,11
11698,16
11698,22
11699,11
11699,21
11700,11
11700,15
11700,16
11701,11
11701,16
11701,21
11702,11
11702,16
11702,21
11703,11
11704,11
11704,24
11704,3
11705,11
11705,21
11705,22
11706,11
11706,32
11706,26
11707,11
11707,22
11708,11
11708,15
11708,16
11709,11
11709,2
11710,11
11711,11
11711,16
11711,22
11712,11
11712,15
11712,16
11713,1
11713,11
11713,26
11714,11
11714,2
11714,15
11715,11
11716,11
11716,15
11716,16
11717,11
11717,2
11717,21
11718,11
11718,2
11718,21
11719,11
11719,21
11719,31
11720,11
11720,16
11721,11
11721,2
11721,32
11722,11
11722,16
11722,21
11723,11
11723,16
11723,21
11724,11
11724,21
11724,22
11725,11
11725,16
11725,22
11726,11
11726,14
11726,22
11727,11
11727,16
11727,21
11728,11
11728,16
11728,21
11729,11
11730,11
11730,2
11730,21
11731,11
11732,11
11732,2
11732,32
11733,11
11733,21
11734,11
11734,15
11735,11
11735,21
11735,26
11736,11
11736,7
11736,31
11737,11
11737,7
11737,19
11738,1
11738,11
11738,26
11739,11
11739,2
11739,16
11740,11
11740,15
11740,16
11741,11
11742,11
11743,11
11743,2
11743,24
11744,11
11744,16
11744,21
11745,11
11746,11
11746,22
11747,11
11747,2
11747,21
11748,11
11748,15
11749,11
11749,24
11749,22
11750,11
11750,16
11750,21
11751,11
11751,16
11751,19
11752,11
11752,16
11753,11
11753,16
11753,21
11754,11
11754,2
11754,21
11755,11
11755,16
11756,11
11756,2
11756,22
11757,11
11757,16
11757,21
9081,16
11758,11
11758,15
11759,11
11759,22
11760,11
11760,26
11761,1
11761,11
11761,21
11762,11
11762,2
11762,31
11763,11
11763,21
11764,11
11764,15
11765,11
11765,21
11766,11
11766,2
11766,32
11767,11
11768,11
11768,2
11768,21
11769,11
11769,16
11769,18
11770,11
11770,32
11770,24
11771,11
11771,2
11772,11
11772,21
11772,24
11773,11
11773,15
11773,21
11774,11
11774,2
11774,21
11775,11
11775,21
11776,11
11777,11
11777,21
11778,11
11778,21
11778,31
11779,11
11779,16
11779,21
11780,11
11780,16
11780,21
11781,11
11782,11
11782,2
11782,15
11783,16
11783,11
11783,21
11784,11
11784,2
11784,29
11785,11
11785,16
11785,21
11786,11
11786,2
11786,21
11787,11
11787,16
11787,21
11788,11
11788,21
11788,10
11789,11
11789,2
11789,21
11790,1
11790,11
11790,2
11791,11
11791,22
11792,11
11792,16
11792,21
11793,11
11793,21
11794,11
11794,21
11795,11
11795,16
11795,21
11796,11
11796,32
11797,11
11797,21
11797,14
11798,11
11798,2
11799,11
11799,16
11799,21
11800,15
11800,11
11800,16
11801,11
11801,21
11801,22
11802,11
11802,2
11802,21
11803,11
11803,21
11804,1
11804,11
11804,2
11805,11
11805,15
11805,24
11806,11
11806,2
11806,15
11807,1
11807,11
11807,2
11808,11
11808,15
11808,16
11809,11
11809,16
11809,21
11810,11
11810,22
11811,11
11811,2
11811,24
11812,11
11812,21
11812,24
11813,11
11813,16
11813,21
11814,11
11814,16
11814,21
11815,11
11815,31
11816,11
11816,15
11816,21
11817,11
11817,2
11818,11
11818,15
11818,16
11819,11
11819,21
11819,19
11820,11
11820,21
11821,11
11821,2
11821,32
11822,11
11822,32
11822,26
11823,11
11824,11
11824,21
11825,11
11825,21
11825,10
11826,11
11826,16
11826,21
11827,3
11827,11
11828,11
11829,11
11829,2
11830,11
11830,2
11830,7
11831,11
11831,21
11831,14
11832,11
11832,6
11832,21
11833,11
11833,19
11834,11
11835,11
11835,21
11835,22
11836,21
11836,11
11836,32
11837,11
11837,21
11837,32
11838,11
11838,16
11838,21
11839,11
11839,15
11839,21
11840,11
11840,16
11840,21
11841,11
11841,31
11841,22
11842,11
11842,22
11843,11
11843,2
11843,16
11844,11
11844,15
11844,16
11845,11
11845,2
11845,15
11846,11
11846,22
11847,11
11847,16
11847,22
11848,11
11848,15
11848,31
11849,11
11849,15
11849,16
11850,11
11850,16
11850,21
11851,11
11851,2
11851,31
11852,11
11852,16
11852,21
11853,11
11853,16
11853,22
11854,11
11854,21
11854,7
11855,11
11855,26
11856,11
11856,16
11856,22
11857,11
11857,31
11857,10
11858,11
11858,21
11859,11
11859,16
11859,22
11860,11
11860,2
11860,26
11861,11
11862,11
11862,15
11862,31
11863,11
11863,31
11863,22
11864,11
11864,2
11864,22
11865,11
11866,11
11866,21
11866,24
11867,11
11867,16
11867,22
11868,11
11868,2
11868,29
11869,11
11869,32
11870,11
11871,11
11871,21
11872,11
11872,32
11873,1
11873,11
11873,21
11874,11
11874,2
11874,15
11875,11
11876,11
11876,21
11876,29
11877,11
11877,26
11878,11
11878,16
11878,21
11879,11
11879,21
11880,11
11881,11
11881,15
11882,11
11882,2
11882,15
11883,11
11883,21
11884,11
11884,16
11885,11
11885,21
11885,14
11886,11
11886,2
11886,3
11887,21
11887,2
11887,11
11888,11
11888,14
11888,19
11889,11
11889,32
11890,11
11890,15
11891,11
11891,15
11892,11
11892,21
11892,22
11893,11
11893,16
11893,21
11894,11
11894,2
11894,22
11895,11
11895,16
11895,22
11896,11
11896,15
11896,16
11897,11
11897,15
11897,21
11898,11
11898,2
11898,15
11899,11
11899,16
11899,18
11900,11
11900,2
11900,15
11901,11
11901,15
11901,16
11902,11
11902,21
11903,11
11903,2
11903,29
11904,11
11904,16
11904,21
11905,11
11905,21
11905,22
11906,1
11906,11
11906,2
11907,11
11907,2
11907,26
11908,11
11908,10
11908,22
11909,11
11909,21
11909,24
11910,11
11910,2
11910,21
11911,11
11911,31
11912,11
11912,15
11912,16
11913,11
11913,24
11913,3
11914,11
11914,31
11915,11
11915,24
11915,22
11916,11
11916,22
11917,11
11917,21
11918,11
11918,16
11918,21
11919,11
11920,11
11920,31
11920,26
11921,11
11921,22
11922,11
11922,31
11923,11
11923,15
11923,31
11924,11
11925,11
11925,15
11925,27
11926,11
11926,15
11927,11
11927,21
11927,32
11928,11
11928,2
11928,29
11929,11
11929,15
11930,11
11930,2
11930,21
11931,11
11931,16
11931,21
11932,11
11932,2
11932,32
11933,11
11933,21
11933,29
11934,11
11934,16
11934,21
11935,11
11935,2
11935,22
11936,11
11936,2
11936,6
11937,11
11938,11
11938,2
11938,26
11939,11
11939,16
11939,21
11940,11
11940,21
11941,11
11941,16
11941,21
11942,11
11942,16
11942,22
11943,11
11943,2
11943,21
11944,11
11944,2
11944,21
11945,11
11945,2
11945,21
11946,11
11946,15
11946,21
11947,11
11947,15
11947,31
11948,11
11948,7
11948,19
11949,11
11949,21
11950,11
11950,2
11950,15
11951,11
11951,21
11952,11
11953,11
11953,32
11953,24
11954,11
11954,31
11954,26
11955,11
11955,2
11955,16
11956,11
11956,15
11957,11
11957,14
11958,11
11958,21
11958,7
11959,11
11959,15
11959,7
11960,11
11960,16
11960,21
11961,11
11961,15
11961,24
11962,11
11962,2
11962,21
11963,11
11963,21
11963,7
11964,11
11964,16
11964,22
11965,11
11965,31
11965,26
11966,11
11966,21
11966,24
11967,11
11967,15
11968,11
11968,26
11968,22
11969,11
11969,2
11969,15
11970,11
11970,7
11971,11
11971,2
11972,11
11972,2
11972,22
11973,11
11973,21
11973,30
11974,11
11974,16
11974,21
11975,11
11975,21
11975,7
11976,11
11977,11
11977,15
11977,21
11978,11
11979,11
11979,15
11980,11
11981,11
11981,15
11981,10
11982,11
11983,11
11983,2
11983,15
11984,11
11984,2
11984,29
11985,11
11985,21
11985,19
11986,11
11986,2
11986,24
11987,11
11987,15
11987,26
11988,11
11988,21
11989,11
11989,16
11989,21
11990,11
11990,32
11990,31
11991,1
11991,11
11991,26
11992,11
11992,26
11992,22
11993,11
11993,15
11993,16
11994,11
11994,24
11994,22
11995,11
11995,6
11995,21
11996,11
11996,21
11997,11
11998,1
11998,11
11998,21
11999,11
11999,2
11999,15
12000,11
12000,26
12000,22
12001,11
12001,16
12001,21
12002,11
12002,2
12002,22
12003,11
12004,11
12004,16
12004,21
12005,11
12005,21
11902,2
12006,11
12006,15
12006,3
12007,1
12007,11
12007,27
12008,11
12008,21
12009,11
12009,22
12010,11
12010,15
12010,16
12011,11
12011,21
12012,11
12012,2
12012,16
12013,11
12013,21
12014,11
12014,15
12014,21
12015,11
12015,2
12015,31
12016,11
12017,11
12017,2
12017,32
12018,11
12018,21
12018,22
12019,11
12019,21
12020,11
12020,16
12020,22
12021,1
12021,11
12021,2
12022,11
12022,2
12022,15
12023,11
12023,32
12024,11
12024,21
12025,11
12025,15
12025,21
12026,11
12026,15
12026,16
12027,11
12027,2
12027,21
10024,16
10024,21
12028,11
12028,15
12028,21
12029,11
12029,16
12029,21
12030,1
12030,11
12030,21
12031,11
12031,2
12032,11
12032,16
12032,22
12033,11
12033,16
12033,21
12034,11
12034,2
12034,21
12035,11
12035,15
12035,26
12036,11
12036,21
12037,11
12038,11
12038,15
12038,16
12039,11
12039,21
12039,30
12040,11
12040,2
12040,26
12041,11
12041,21
12042,11
12042,2
12042,16
12043,11
12043,21
12044,11
12045,11
12045,21
12045,19
12046,11
12046,2
12046,6
12047,11
12047,21
12048,11
12048,21
12049,11
12049,2
12049,26
12050,11
12050,21
12051,11
12051,15
12051,16
12052,11
12052,2
12053,11
12053,16
12053,21
12054,11
12054,21
12055,11
12055,16
12055,10
12056,11
12056,16
12056,21
12057,1
12057,11
12057,21
12058,11
12058,21
12058,32
12059,11
12059,16
12059,21
12060,11
12060,24
12060,30
12061,11
12061,22
12062,11
12062,16
12062,21
12063,11
12063,24
12064,11
12064,16
12064,21
12065,11
12065,16
12065,21
12066,11
12066,32
12067,11
12067,15
12067,16
12068,11
12068,2
12068,15
12069,11
12069,22
12070,11
12071,11
12071,21
12071,24
12072,11
12072,15
12072,21
12073,11
12073,16
12073,10
12074,11
12074,21
12074,7
12075,11
12075,2
12075,21
12076,11
12076,2
12076,21
12077,11
12078,11
12078,15
12078,16
12079,11
12080,11
12080,21
12081,11
12081,2
12081,31
12082,11
12082,32
12082,31
4610,15
12083,11
12083,21
12084,11
12084,16
12084,21
12085,11
12086,11
12086,24
12086,22
12087,11
12087,16
12087,21
12088,11
12088,16
12088,21
12089,11
12089,15
12089,16
12090,11
12090,21
12090,31
12091,11
12091,15
12091,16
12092,11
12092,16
12092,21
12093,11
12093,32
12093,22
12094,11
12095,11
12095,31
12096,11
12096,16
12096,22
12097,11
12098,11
12098,2
12098,3
12099,11
12099,15
12099,31
12100,11
12100,15
12101,11
12101,16
12101,21
12102,11
12102,15
12102,21
12103,11
12103,2
12103,15
12104,11
12104,19
12105,11
12105,22
12106,1
12106,11
12106,2
12107,11
12107,21
12108,11
12108,21
12109,11
12109,30
12110,11
12110,16
12110,10
12111,11
12112,11
12112,15
4508,21
12113,11
12113,2
12114,11
12114,15
12115,11
12115,26
12115,22
12116,11
12117,11
12117,2
12117,10
12118,1
12118,11
12118,2
12119,11
12119,22
12120,11
12120,15
12121,11
12121,15
12122,1
12122,11
12122,26
12123,11
12124,11
12125,11
12125,15
12125,21
12126,11
12126,16
2459,19
12127,11
12127,16
12127,21
12128,11
12128,2
12128,21
12129,11
12129,2
12129,21
12130,11
12130,2
12131,11
12131,16
12131,21
12132,11
12132,2
12132,26
12133,11
12133,15
12133,21
12134,11
12134,21
12134,24
5767,22
12135,11
12136,11
12136,16
12136,32
12137,11
12137,16
12137,30
12138,11
12138,26
12139,11
12140,11
12140,15
12141,11
12141,15
12141,31
12142,11
12143,11
12143,21
12143,24
12144,11
12144,21
12144,24
12145,11
12145,31
12146,11
6252,1
6252,21
12147,11
12147,32
12147,31
12148,1
12148,11
12148,2
12149,11
12149,2
12149,24
12150,11
12150,21
12151,11
12151,31
12152,11
12152,15
12152,31
12153,11
12153,15
12153,21
12154,11
12154,21
12154,24
12155,11
12155,16
12155,21
12156,11
12156,21
12156,7
12157,11
12157,2
12157,16
12158,11
12158,22
12159,1
12159,11
12159,21
12160,11
12160,26
12161,11
12161,21
12162,11
12162,2
12162,26
12163,11
12163,16
12163,21
12164,11
12164,16
12164,21
12165,11
12165,2
12165,22
12166,11
12166,15
12166,16
11077,15
11077,16
4447,26
12167,11
12167,21
12168,11
12168,24
12169,11
12169,16
12169,21
12170,11
12170,27
12170,3
12171,11
12171,24
12171,30
12172,11
12172,2
12172,15
12173,11
12173,15
12173,27
12174,11
12175,11
12175,15
12175,24
12176,11
12176,2
12176,15
12177,11
12177,21
12177,24
12178,11
12178,29
12178,31
12179,11
12179,15
12180,11
12180,16
12180,21
12181,11
12181,32
12181,26
12182,11
12182,15
12182,21
12183,11
12183,21
12184,11
12185,11
12185,2
12185,21
12186,11
12186,16
12186,21
12187,11
12187,16
12187,21
12188,11
12189,11
12189,15
12189,16
12190,11
12190,21
12190,7
12191,11
12191,16
12191,22
12192,11
12192,21
12193,11
12193,16
12193,22
12194,11
12194,15
12194,26
12195,11
12195,32
12196,11
12196,2
12196,19
12197,11
12197,2
12197,21
12198,11
12198,2
12198,15
12199,11
12199,22
12200,11
12200,22
12201,11
12201,16
12201,21
12202,11
12202,15
12203,11
12203,2
12203,21
12204,11
12204,21
12204,22
12205,11
12205,15
12205,22
12206,11
12206,16
12206,21
12207,11
12207,15
12207,16
12208,11
12208,26
12209,11
12209,16
12209,21
12210,11
12210,22
12211,11
12211,2
12211,15
12212,11
12212,26
12213,11
12213,2
12214,11
12214,16
12214,21
12215,11
12215,21
12215,24
12216,11
12216,22
12216,19
12217,11
12217,16
12217,21
12218,11
12218,22
12219,11
12219,15
12219,21
12220,11
12220,15
12220,21
12221,11
12221,16
12221,21
12222,11
12222,2
12223,11
12223,21
12223,22
12224,11
12224,21
12225,11
12226,21
12226,11
12227,11
12227,21
12227,24
12228,11
12228,26
12228,22
12229,11
12229,21
12229,32
12230,11
12231,11
12231,2
12231,16
12232,11
12232,21
12233,11
12233,21
12233,32
12234,11
12234,2
12234,32
12235,11
12235,22
12236,11
12236,22
12237,11
12237,21
12237,7
12238,11
12239,11
12239,15
12240,11
12240,16
12240,21
12241,11
12242,11
12243,11
12243,19
12244,11
12244,16
12244,22
12245,11
12246,11
12246,15
12246,21
12247,11
12247,26
12247,3
12248,11
12248,16
12248,22
12249,11
12249,21
12249,24
8456,21
12250,11
12250,16
12250,22
12251,11
12251,16
12251,21
12252,11
12252,15
12252,31
12253,11
12253,24
12254,11
12254,2
12254,21
3902,16
12255,11
12255,2
12256,11
12256,16
12256,21
12257,11
12257,16
12257,21
12258,11
12259,11
12259,2
12259,21
12260,11
12260,16
12260,21
12261,11
12261,15
12261,27
12262,11
12262,21
12262,22
12263,11
12263,2
12263,32
12264,11
12264,2
12264,22
12265,11
12265,6
12265,21
12266,11
12266,16
12266,21
12267,11
12267,16
12268,11
12268,16
12269,11
12269,16
12269,22
12270,11
12270,15
12270,21
12271,11
12271,2
12271,26
12272,11
12272,16
12272,21
12273,11
12273,16
12273,21
6389,15
12274,11
12274,21
12274,30
12275,11
12275,2
12275,29
12276,11
12276,22
12277,11
12277,15
12278,11
12278,21
12278,24
12279,11
12279,2
12279,32
2961,21
12280,11
12280,21
12281,11
12281,6
12281,21
12282,11
12282,2
12282,16
12283,11
12283,31
12284,11
12284,16
12285,11
12285,19
12286,11
12286,16
12286,21
12287,11
12287,16
12287,21
12288,11
12288,21
12288,3
12289,11
12289,16
12289,22
12290,11
12290,2
12290,22
12291,11
12291,26
12292,11
12292,26
12293,11
12294,11
12294,15
12294,21
12295,11
12295,15
12296,11
12297,11
12298,11
12298,21
12298,22
12299,11
12299,21
12299,19
12300,11
12300,21
12301,11
12301,6
12301,21
12302,11
12302,26
12302,22
11888,21
11888,24
12303,11
12303,21
12303,22
12304,11
12304,26
12305,11
12305,2
12305,24
12306,11
12306,16
12306,21
12307,1
12307,11
12307,2
12308,11
12308,15
12309,11
12309,22
12310,11
12310,21
12310,26
12311,11
12311,21
12312,11
12312,16
12312,21
12313,11
12313,21
12313,24
12314,11
12314,21
12314,32
12315,11
12315,32
12315,31
12316,11
12316,16
12316,21
12317,11
12317,6
12317,21
12318,11
12318,15
12318,31
12319,11
12320,11
12320,21
12320,30
12321,11
12321,21
12321,24
12322,11
12322,2
12322,32
12323,11
12323,21
12323,22
12324,11
12324,21
12324,30
12325,11
12325,15
12325,16
11107,22
12326,1
12326,11
12326,2
12327,11
12327,16
12327,24
12328,11
12329,11
12329,21
12330,11
12330,21
12331,11
12331,31
3268,21
12332,11
12332,16
12332,22
12333,11
12333,21
12333,22
12334,11
12334,16
12334,21
12335,11
12335,21
12335,31
6037,16
12336,11
12336,2
12336,26
12337,11
12337,2
12337,32
12338,11
12338,3
12339,11
12339,31
12340,11
12340,21
12341,11
12341,16
12341,21
12342,11
12342,21
12343,11
12343,26
12344,11
12344,16
12344,21
12345,11
12345,15
12346,11
12347,11
12347,2
12347,19
12348,11
12348,26
2959,16
12349,1
12349,11
12349,15
12350,11
12350,15
12350,26
12351,11
12352,11
12352,2
12353,11
12353,15
12353,24
12354,26
12354,11
12354,32
12355,11
12355,21
12356,11
12357,11
12357,21
12358,11
12358,15
12359,1
12359,11
12359,2
12360,11
12360,31
12360,22
12361,11
12362,11
12362,21
12362,31
12363,11
12363,21
12364,11
12364,16
12364,21
12365,11
12365,16
12365,24
12366,11
12366,2
12366,16
12367,11
12367,21
12367,22
12368,11
12368,15
12368,31
12369,11
12369,15
12369,21
12370,11
12370,21
12371,11
12371,21
12371,31
12372,11
12372,15
12372,2
12373,11
12373,15
12373,31
12374,11
12375,11
12375,15
12375,24
12376,11
12376,16
12376,22
12377,1
12377,11
12377,15
12378,11
12378,21
12379,11
12379,2
12379,21
12380,1
12380,11
12380,26
12381,11
12382,11
12382,2
12382,21
12383,1
12383,11
12383,2
12384,11
12384,2
12385,11
12385,15
12385,21
12386,11
12386,19
12387,1
12387,11
12387,26
12388,11
12388,26
12388,22
12389,11
12389,16
12389,24
12390,11
12390,21
12391,11
12391,2
12391,21
12392,11
12392,16
12392,21
12393,11
12393,21
12394,11
12395,11
12395,10
12395,22
12396,11
12396,2
12397,11
12397,16
12397,21
12398,11
12398,21
12399,11
12399,15
12400,11
12400,21
12401,11
12401,21
12401,24
12402,11
12402,15
12402,21
12403,11
12403,2
12403,16
12404,11
12404,16
12404,21
12405,11
12406,11
12406,15
12406,16
12407,11
12408,11
12408,15
12408,21
12409,11
12409,24
12410,11
12410,21
12411,1
12411,11
12411,2
12412,11
12412,15
12412,16
12413,11
12413,15
12413,29
9651,14
12414,11
12414,21
12415,11
12415,21
12415,19
12416,11
12416,21
12416,24
12417,11
12417,15
12417,21
12418,11
12418,22
12419,11
12419,19
12420,11
12420,21
12420,26
12421,11
12421,6
12421,16
12422,11
12422,15
12422,16
12423,11
12423,16
12423,21
10545,15
12424,11
12424,26
12424,22
12425,11
12425,21
12426,1
12426,11
12426,21
12427,11
12427,21
12427,24
12428,11
12428,15
12429,11
12429,15
12429,24
12430,11
12430,21
12431,1
12431,11
12431,2
12432,2
12432,11
12433,11
12433,21
12434,11
12434,21
12435,11
12435,21
12436,11
12436,16
12436,21
12437,11
12437,2
12437,22
12438,24
12438,11
12438,21
12439,11
12439,2
12439,21
12440,11
12440,16
12440,21
12441,11
12441,21
12441,31
12442,1
12442,11
12442,15
12443,11
12443,15
12443,21
12444,11
12444,2
12444,26
12445,11
12445,26
12446,11
12446,2
12446,10
12447,11
12447,16
12447,22
12448,11
12449,11
12449,16
12449,21
12450,11
12450,16
12450,22
12451,11
12452,11
12452,26
12452,22
12453,11
12454,11
12454,6
12454,21
12455,11
12455,16
12455,22
12456,11
12456,31
12456,26
12457,11
12457,31
12457,22
12458,11
12458,16
12458,21
12459,11
12459,2
12459,15
7409,2
7409,16
12460,11
12460,2
12460,26
12461,11
12461,2
12461,15
12462,11
12462,21
12462,22
12463,11
12463,24
12464,11
12464,2
12464,29
12465,11
12465,15
12465,31
12466,11
12466,22
12467,11
12467,2
12467,15
12468,11
12468,21
12468,30
12469,11
12469,21
12470,11
12470,16
12470,22
12471,11
12471,21
12472,11
12472,15
12472,22
12473,11
12473,31
12473,22
12474,1
12474,11
12474,16
10023,22
12475,11
12475,21
12475,24
12476,11
12476,15
12476,16
12477,11
12477,15
12478,11
12478,21
12479,11
12479,15
12479,21
12480,11
12480,21
12480,3
12481,11
12481,7
12481,3
12482,1
12482,11
12482,21
12483,1
12483,11
12483,21
12484,11
12484,15
12484,24
12485,11
12485,21
12485,22
12486,11
12486,31
12486,22
12487,11
12487,16
12488,11
12488,2
12488,15
12489,11
12490,11
12490,16
12490,21
12491,11
12492,11
12492,16
12492,21
12493,11
12493,16
12493,3
12494,11
12494,21
12494,22
12495,11
12495,21
12495,7
12496,11
12496,10
12496,22
12497,11
12497,2
12497,15
12498,11
12498,15
12498,21
12499,11
12500,11
12500,2
12500,15
12501,11
12501,15
12501,22
12502,11
12502,31
12502,10
12503,11
12503,15
12503,24
12504,11
12504,16
12504,21
12505,11
12505,21
12505,22
12506,11
12506,2
12506,26
12507,11
12508,11
6988,15
12509,11
12509,15
12509,26
12510,11
12510,15
12510,31
12511,11
12511,15
12511,24
12512,11
12512,2
12512,21
12513,1
12513,11
12513,26
12514,11
12514,16
12514,22
12515,11
12515,16
12515,21
12516,11
12516,16
12516,21
12517,11
12517,15
12517,32
12518,11
12519,11
12519,15
12520,11
12520,2
12520,6
12521,11
12521,16
12521,22
12522,11
12522,15
12523,11
12523,2
12523,15
12524,11
12524,21
7207,2
7207,6
12525,11
12525,21
12526,11
12526,15
12527,11
12527,26
12528,11
12528,16
12528,21
12529,1
12529,11
12529,26
12530,11
12531,11
12531,21
12531,24
12532,11
12532,2
12533,11
12534,11
12534,15
12534,21
12535,11
12535,22
12536,11
12536,2
12536,29
12537,11
12537,21
12537,7
12538,11
12538,22
12539,11
12539,16
12539,21
12540,11
12540,2
12540,21
12541,11
12541,2
12541,21
12542,11
12542,21
12542,24
2481,21
12543,11
12543,16
12543,22
12544,11
12544,32
12544,22
12545,11
12546,11
12547,11
12547,22
12548,11
12548,22
12549,11
12549,16
12549,21
12550,11
12550,16
12550,21
12551,11
12551,22
12552,11
12552,21
12552,19
12553,11
12553,2
12553,15
12554,11
12554,21
12555,11
12555,21
12555,24
12556,11
12556,16
12557,11
12557,26
12557,22
12558,11
12559,11
12559,21
12560,1
12560,11
12560,2
12561,11
12561,2
12561,15
12562,11
12562,2
12562,7
12563,11
12563,16
12563,21
12564,11
12564,22
12565,11
12565,16
12565,22
12566,11
12566,21
12566,22
12567,11
12567,16
12567,21
12568,11
12568,21
12568,29
12569,11
12569,6
12569,21
12570,1
12570,11
12570,2
12571,11
12571,29
12572,11
12572,21
12573,11
8161,24
12574,11
12574,2
12574,6
12575,11
12575,3
12576,11
12576,21
12577,11
12577,15
12577,31
12578,11
12578,16
12578,21
12579,11
12579,16
12579,21
12580,11
12580,21
12580,29
12581,11
12581,2
12581,15
12582,11
12582,21
12582,24
12583,11
12583,2
12583,32
12584,11
12584,6
12584,19
12585,11
12585,16
12585,21
12586,11
12586,15
12587,11
12587,16
12588,11
12588,15
12589,11
12589,2
12589,22
12590,11
12590,16
12590,21
12591,11
12591,21
12591,26
12592,11
12592,16
12592,21
12593,11
12593,2
12593,21
12594,11
12594,16
12594,22
12595,11
12595,16
12595,21
12596,11
12596,16
12596,21
12597,11
12597,19
12597,21
12598,11
12598,16
12598,21
12599,11
12599,2
12600,11
12600,22
12601,1
12601,11
12601,2
12602,11
12602,15
12602,31
12603,1
12603,11
12603,26
12604,11
12604,15
12604,16
12605,1
12605,11
12605,2
12606,1
12606,11
12606,2
5376,15
12607,11
12608,11
12608,2
12608,15
12609,11
12610,11
12611,11
12611,16
12611,21
12612,11
12612,22
12613,11
12613,26
12614,11
12614,2
12614,16
12615,11
12615,24
12615,26
12616,11
12616,21
12617,11
12617,16
12617,21
12618,11
12618,21
12618,22
12619,11
12619,16
12619,21
12620,1
12620,11
12620,26
12621,11
12621,16
12621,21
12622,11
12622,2
12622,7
12623,11
12624,11
12624,2
12624,26
12625,11
12625,16
12625,21
12626,11
12626,21
12626,22
12627,11
12627,2
12627,21
12628,11
12628,22
12629,11
12629,21
12629,24
12630,11
12630,16
12630,21
12631,11
12631,16
12631,21
12632,11
12632,15
12632,24
12633,11
12633,21
12634,11
12635,2
12635,11
12635,22
12636,1
12636,11
12636,2
12637,11
12637,16
12638,11
12638,15
12639,11
12639,16
12639,21
12640,11
12640,26
12641,11
12641,16
12641,21
12642,11
12642,21
12643,11
4279,21
12644,11
12645,11
12645,22
12646,11
12646,2
12646,22
12647,11
12647,2
12647,19
12648,1
12648,11
12648,2
12649,11
12649,15
12649,16
12650,11
12650,2
12650,32
12651,11
12651,16
12651,21
12652,11
12652,2
12652,16
12653,11
12653,21
12654,11
12654,32
12654,19
12655,11
12655,15
12655,16
12656,11
12656,15
12657,11
12657,2
12657,15
12658,11
12658,16
12658,22
12659,11
12659,21
12659,31
12660,11
12661,11
12661,21
12661,24
12662,11
12662,15
12663,11
12663,31
12663,26
12664,11
12664,21
12664,10
12665,21
12665,11
12666,11
12666,26
12666,22
12667,11
12667,21
12667,22
5747,2
5747,21
12668,11
12669,11
12669,21
12669,22
12670,11
12670,22
12671,11
12671,2
12671,21
12672,11
12672,2
12672,21
12673,11
12673,15
12673,22
12674,11
12674,21
12674,3
12675,11
12675,2
12675,26
12676,11
12676,2
12676,15
12677,11
12677,16
12677,30
12678,11
12678,22
12679,11
12679,16
12679,21
12680,11
12680,15
12681,11
12681,16
12681,21
12682,11
12682,15
12682,21
12683,11
12683,16
12683,22
12684,11
12684,22
12685,11
12686,11
12686,21
12686,7
12687,11
12687,21
12687,24
12688,11
12688,15
12688,24
12689,11
12689,21
12689,10
12690,11
12690,21
12691,11
12691,31
12691,22
12692,11
12692,15
12693,11
12693,15
12694,11
12694,2
12694,21
12695,11
12695,2
12695,21
12696,11
12697,11
12697,21
12697,24
12698,11
12698,21
12699,11
12699,16
12699,22
12700,11
12700,2
12700,21
12701,11
12701,22
12702,11
12702,22
12703,11
12703,15
12704,11
12705,11
12705,16
12705,21
12706,11
12706,31
12706,22
12707,11
12707,16
12707,22
12708,11
12708,26
12708,22
12709,11
12710,11
12710,15
12710,26
12711,11
12711,16
12711,21
12712,11
12712,21
12713,11
12713,15
12713,21
12714,11
12714,21
12714,19
12715,11
12715,2
12716,11
12716,21
12716,29
12717,11
12717,32
12717,31
12718,11
12718,21
12718,32
12719,1
12719,11
12719,32
12720,11
12720,21
12720,24
12721,11
12722,11
12722,15
12722,16
12723,11
12723,16
12723,21
12724,11
12724,21
12725,11
12725,2
12725,21
12726,11
12726,2
12726,24
12727,11
12727,15
12727,24
12728,11
12728,15
12728,16
12729,11
12729,21
12730,11
12730,31
12730,3
12731,11
12731,26
12732,1
12732,11
12733,1
12733,11
12733,2
12734,11
12734,2
12734,26
12735,11
12735,16
12735,31
12736,11
12736,15
12737,11
12738,11
12738,15
12739,11
12739,15
12739,21
12740,11
12741,11
12741,22
12742,11
12742,2
12742,21
12743,11
12743,16
12743,21
12744,11
12744,21
12745,11
12745,26
12746,15
12746,22
12746,11
12747,11
12747,2
12747,15
12748,11
12749,11
12749,21
12749,22
12750,1
12750,11
12750,32
12751,11
12751,22
12752,11
12752,16
12752,21
12753,11
12753,21
12753,19
12754,11
12755,11
12755,16
12755,21
12756,11
12756,2
12756,16
12757,21
12757,11
12758,11
12758,21
12758,24
12759,11
12759,21
12759,24
12760,11
12761,11
12761,2
12762,11
12762,2
12762,15
12763,11
12763,15
12763,14
12764,11
12764,21
12765,11
12765,2
12765,21
12766,11
12767,1
12767,11
12767,2
12768,11
12768,15
12768,21
12769,11
12769,15
12769,21
12770,11
12770,2
12770,22
12771,11
12771,31
12771,22
12772,11
12772,15
12772,24
12773,11
12773,21
12773,22
12774,11
12775,1
12775,11
12775,2
12776,11
12776,2
12776,16
12777,11
12777,21
12777,26
12778,11
12778,2
12778,15
12779,11
12779,15
12779,16
12780,11
12780,10
12780,22
12781,11
12781,16
12781,21
12782,11
12782,16
12782,21
12783,11
12783,21
12783,26
12784,11
12784,2
12784,26
12785,11
12785,7
12786,11
12786,16
12786,21
12787,11
12787,15
12787,21
12788,11
12788,15
12789,11
12789,21
12789,22
12790,11
12790,22
12791,11
12791,21
12791,24
12792,11
12792,15
12792,24
12793,11
12794,11
12794,2
12794,21
12795,11
12795,21
12795,22
4853,2
12796,11
12796,2
12796,21
12797,11
12797,2
12797,26
12798,11
12798,10
12798,22
12799,11
12799,16
12799,21
12800,11
12800,15
12800,31
12801,11
12801,16
12802,22
12802,11
12802,16
12803,11
12803,26
12803,22
12804,11
12804,21
12804,22
12805,11
12806,11
12806,22
12807,11
12807,2
12807,15
12808,11
12808,15
12809,11
12809,21
12809,19
12810,11
12810,16
12810,22
12811,11
12811,21
12811,10
12812,11
12812,31
12812,22
12813,11
12813,16
12813,21
12814,11
12814,21
12814,22
12815,11
12815,2
12815,31
12816,11
12816,21
12816,22
12817,11
12817,15
12817,16
12818,1
12818,11
12818,2
12819,11
12819,2
12819,29
12820,2
12820,11
12820,26
12821,11
12821,21
12821,19
12822,11
12822,21
12822,10
12823,11
12823,21
12823,19
12824,11
12824,2
12824,26
12825,11
12825,26
12826,11
12827,11
12827,16
12828,11
12828,3
12829,11
12829,2
12829,26
12830,11
12831,11
12831,24
12831,22
12832,11
12832,2
12832,27
12833,11
12833,16
12833,22
9656,2
9656,31
12834,11
12835,11
12835,21
12836,11
12836,21
12836,24
12837,11
12837,26
12838,11
12838,16
12838,21
12839,11
12839,15
12839,29
12840,11
12840,22
12841,11
12841,16
12841,21
12842,11
12842,16
12842,21
12843,11
12843,19
12844,11
12845,11
12846,11
12846,21
12846,24
12847,11
12847,16
12847,21
12848,11
12848,15
12848,16
12849,11
12849,16
12849,2
6336,2
6336,21
12850,11
12850,15
12851,11
12851,21
12851,10
12852,1
12852,11
12852,21
12853,11
12853,21
4066,16
12854,11
12854,22
12855,11
12855,21
12855,22
12856,11
12856,15
12856,22
12857,11
12857,2
12857,15
12858,11
12859,11
12859,26
12859,22
12860,11
12860,26
12861,11
12861,16
12861,22
12862,11
12862,21
12862,10
12863,1
12863,11
12863,2
12864,11
12865,11
12866,11
12866,2
12867,11
12867,21
12867,22
12868,11
12868,16
12868,19
12869,1
12869,11
12869,15
12870,11
12870,2
12870,21
12871,11
12871,22
12871,19
12872,11
12872,21
12872,7
12873,11
12873,24
12873,22
12874,11
12874,16
12874,21
12875,11
12875,15
12875,16
12876,11
12876,16
12876,21
12877,11
12877,26
12878,11
12878,31
12878,22
12879,11
12879,16
12879,21
12880,11
12880,2
12880,21
12881,11
12881,21
12882,11
12882,15
12882,21
12883,11
12883,2
12884,11
12884,22
12885,11
12886,11
12886,16
12886,21
3361,30
7294,2
12887,11
12887,31
12887,19
12888,11
12888,21
12888,26
12889,11
12889,21
12889,22
12890,11
12890,21
12891,11
12891,21
12892,11
12892,16
12892,21
12893,11
12893,16
12894,11
12894,32
12895,11
12895,15
12895,21
12896,2
12896,11
12897,11
12897,16
12897,21
12898,11
12898,15
12899,11
12899,31
12899,26
12900,11
12900,21
12901,11
12901,32
12901,31
12902,11
12902,15
12902,16
12903,11
12903,21
12903,22
12904,11
12904,16
12904,21
12905,11
12905,16
12905,22
12906,11
12906,31
12907,11
12908,11
12908,24
12908,26
12909,11
12909,16
12909,22
12910,11
12910,31
12910,22
12911,11
12911,2
12911,21
12912,11
12912,16
12912,21
12913,11
12913,16
12913,22
12914,11
12914,15
12914,21
12915,11
12916,11
12916,21
12916,24
12917,11
12917,22
4199,2
7042,1
7042,2
12918,11
12918,16
12918,21
9109,21
9109,30
12919,11
12919,15
12920,11
12920,2
12920,21
12921,11
12921,21
12922,11
12922,16
12922,24
12923,11
12923,16
12923,22
12924,11
12924,15
12925,11
12925,22
12926,22
12926,11
12926,2
12927,11
12927,2
12927,26
12928,11
12928,21
12928,14
12929,11
12929,32
12930,11
12930,16
12930,21
12931,11
12931,22
12932,11
12932,21
12932,24
12933,11
12933,16
12933,22
12934,11
12934,15
12934,32
12935,11
12936,11
3285,22
12937,11
12937,21
12937,7
12938,11
12938,21
12938,22
1912,32
1912,24
12939,11
12939,2
12940,11
12940,2
12940,3
12941,11
12941,2
12941,26
12942,11
12943,11
12944,11
12944,3
12945,11
12945,15
12945,24
12946,11
12946,2
12946,16
12947,11
12947,2
12947,15
12948,11
12948,6
12949,11
12949,15
12949,16
12950,11
12950,26
12951,11
12952,11
12952,31
12953,11
12953,16
12953,22
12954,11
12954,2
12954,15
12955,11
12955,32
12955,22
12956,11
12956,21
12956,22
12957,11
12957,2
12957,21
12958,11
12959,11
12959,21
12960,11
12960,22
12960,31
12961,11
12961,15
12961,21
12962,11
12962,21
12963,11
12964,11
12964,16
12964,21
3701,22
12965,11
12965,15
12965,29
12966,26
12966,11
12966,2
12967,11
12968,11
12968,16
12968,22
12969,11
12969,21
12969,24
12970,11
12970,21
12971,11
12971,16
12971,21
12972,11
12972,2
12972,16
12973,11
12974,11
12974,21
12974,22
12975,11
12975,16
12975,21
12976,11
12976,21
12976,22
12977,11
12977,22
12978,11
12978,16
12978,22
12979,11
12979,16
12979,21
12980,1
12980,11
12980,15
12981,11
12981,2
12981,32
12982,11
12982,15
12982,32
12983,11
12984,11
12985,11
12986,11
12986,21
12987,11
12987,16
12988,11
12988,10
12988,21
12989,11
12989,16
12989,21
12990,11
12990,15
12991,11
12991,21
12991,3
12992,11
12992,16
12992,21
12993,11
12993,21
12994,11
12994,2
12994,21
12995,11
12995,16
12995,21
12996,11
12996,16
12996,22
12997,11
12997,21
12998,11
12999,11
12999,2
12999,15
13000,11
13000,15
13001,11
13001,15
10169,22
13002,11
13002,7
13002,19
13003,11
13003,21
13003,22
13004,11
13004,26
13004,22
13005,11
13006,11
13006,2
13006,27
13007,11
13007,2
13007,15
13008,11
13008,3
13009,11
13009,31
13009,24
13010,11
13010,16
13010,10
13011,11
13011,32
13011,26
13012,11
13012,19
13013,11
13013,21
13013,22
13014,11
13014,21
13015,11
13015,22
13016,11
13016,15
13016,24
13017,11
13017,21
13017,24
13018,11
13018,26
13018,22
13019,11
13019,16
13019,21
13020,1
13020,11
13020,19
13021,11
13021,15
13021,21
13022,11
13022,16
13023,11
13023,15
13023,21
13024,11
13024,16
13024,21
13025,11
13025,16
13025,22
13026,11
13026,15
13027,11
13027,2
13027,15
13028,11
13028,15
13028,21
13029,11
13029,6
13029,21
13030,11
13030,16
13030,24
13031,11
13032,11
13032,21
13033,11
13033,22
13034,11
13034,15
13035,11
13035,21
13035,24
13036,11
13036,16
13036,21
13037,11
13037,21
13037,3
13038,11
13038,2
13038,21
13039,11
13039,16
13039,21
13040,21
13040,16
13040,11
13041,11
13041,16
13042,11
13042,2
13042,32
13043,11
13043,16
13043,22
4392,16
4392,21
13044,11
13044,2
13044,21
13045,11
13045,15
13045,31
13046,11
13047,11
13048,11
13048,21
13048,31
13049,11
13049,15
13049,21
13050,1
13050,11
13050,26
13051,11
13051,22
13051,19
13052,11
13053,11
13053,16
13053,21
13054,11
13054,16
13054,21
13055,11
13055,15
13055,16
13056,11
13056,16
13057,11
13057,16
13057,21
13058,11
13058,2
13058,19
13059,11
13059,24
13060,1
13060,11
13060,29
13061,11
13062,11
13062,16
13062,10
13063,11
13063,16
13063,10
13064,11
13064,2
13064,21
13065,11
13065,2
13065,26
13066,11
13066,22
13067,11
13067,31
13067,10
13068,11
13068,2
13068,16
13069,11
13069,21
13070,11
13070,15
13070,24
13071,11
13071,32
13071,31
13072,11
13072,16
13073,11
13073,16
13073,21
13074,11
13074,21
13075,11
13075,21
13075,32
13076,11
13076,15
13077,11
13077,16
13078,11
13078,16
13078,22
13079,11
13079,2
13079,21
13080,1
13080,11
13080,2
13081,11
13081,2
13081,21
13082,11
13082,16
13083,11
13083,16
13083,21
13084,11
13084,2
13084,21
13085,11
13085,2
13085,15
13086,11
13086,21
13086,24
13087,11
13087,16
13087,22
13088,11
13088,2
13089,11
13090,11
13090,2
13090,24
13091,11
13091,22
13092,1
13092,11
13092,2
13093,11
13093,22
13094,11
13094,2
13094,15
10834,16
10834,22
13095,11
13095,15
13095,21
13096,11
13096,16
13096,21
13097,11
13097,21
13098,11
13098,15
13098,31
13099,11
13099,2
13100,11
13100,15
13100,31
13101,11
13101,21
13102,11
13102,19
13103,11
13103,21
13104,11
13104,21
13104,22
13105,11
13105,16
13105,21
13106,11
13106,15
13106,19
13107,11
3130,21
5505,2
5505,32
13108,1
13108,11
13108,2
13109,11
13109,21
13110,11
13110,21
13111,11
13111,19
13112,11
13112,2
13113,11
13113,27
13114,11
13114,15
13114,16
13115,11
13115,2
13115,15
13116,11
13116,15
13116,16
13117,11
13117,6
13117,21
13118,11
13118,15
13119,11
13119,21
13119,31
13120,11
13120,22
13121,11
13122,11
13122,15
13123,11
13123,15
13123,16
13124,11
13124,2
13124,21
13125,11
13125,16
13126,11
13126,21
13127,11
13127,21
13128,11
13128,15
13128,16
13129,11
13129,21
13129,19
13130,11
13130,21
13131,11
13131,21
13131,22
13132,11
13132,2
13133,11
13134,11
13135,11
13135,15
13135,21
13136,11
13136,15
13137,11
13137,26
13138,11
13138,2
13138,3
13139,11
13139,21
13139,24
13140,11
13140,2
13140,21
13141,11
13141,16
13141,22
13142,11
13142,21
13142,22
13143,11
13143,15
13143,22
13144,11
13144,21
13145,11
13145,16
13145,21
13146,11
13146,15
13146,32
13147,11
13147,16
13147,10
13148,11
13148,16
13148,22
13149,11
13149,16
13149,3
13150,11
13150,21
13150,19
13151,11
13151,16
13151,21
13152,11
13153,11
13153,2
13153,21
13154,11
13155,11
13155,21
13155,19
13156,11
13156,2
13156,22
13157,11
13157,16
7067,16
7067,21
13158,11
13158,15
13158,16
13159,11
13159,6
13159,21
13160,11
13160,26
13160,22
13161,11
13161,21
13161,24
13162,11
13162,24
13162,30
13163,11
13163,16
13164,11
13164,16
13164,22
13165,11
13165,21
13166,11
13166,21
13166,24
13167,11
13167,16
13167,22
13168,11
13168,16
13168,22
13169,11
13169,2
13169,21
13170,11
13170,24
13171,11
13171,32
13172,11
13172,24
13173,11
13173,16
13173,21
12395,21
13174,11
13174,32
13174,26
13175,11
13175,21
13176,11
13176,2
13176,15
13177,11
13177,21
13177,22
13178,11
13178,21
13178,22
13179,11
13179,2
13180,11
13180,15
13180,21
13181,11
13181,2
13181,29
13182,11
13182,21
13182,24
13183,11
13183,16
13183,21
13184,11
13184,15
13185,11
13185,21
13185,22
13186,11
13186,2
13186,24
13187,11
13187,21
13187,22
13188,11
13188,16
13188,21
13189,11
13189,16
13189,21
2230,21
2230,24
13190,11
13190,24
13191,11
13191,31
13192,11
13192,16
13193,11
13193,2
13193,16
13194,11
13194,16
13194,21
5065,2
5065,26
13195,11
13196,11
13196,15
13197,11
13197,15
13197,26
13198,11
13198,21
13199,11
13199,15
13200,11
13201,11
13201,21
13202,11
13202,16
13202,22
13203,11
13203,16
13203,10
13204,11
13205,11
13205,16
13205,22
13206,11
13206,21
13207,11
13207,26
13208,11
13208,21
13208,32
13209,11
13209,21
13209,14
13210,1
13210,11
13210,16
13211,11
13211,2
13211,3
13212,21
13212,11
13212,2
13213,11
13213,21
13214,11
13214,16
13214,21
13215,11
13215,2
13215,15
13216,11
13216,2
13216,32
13217,11
13217,21
13218,11
13218,15
13218,24
11355,2
13219,11
13220,11
13220,19
13221,11
13221,22
13222,11
13222,2
13222,27
13223,11
13223,21
13224,11
13224,15
13224,16
13225,11
13225,21
13225,22
13226,11
13226,2
13226,32
13227,11
13227,15
13227,16
13228,11
13228,15
13228,31
13229,11
13229,16
13229,22
13230,11
13230,21
13230,22
13231,11
13231,21
13231,24
13232,11
13232,21
13232,24
13233,11
13233,2
13233,29
13234,11
13234,22
13235,11
13235,16
13235,24
13236,11
13237,11
13237,21
13238,11
13238,2
13238,22
13239,11
13239,15
13240,11
13240,21
13240,26
13241,11
13241,2
13241,30
13242,11
13242,7
13243,11
13243,21
13243,22
13244,11
13245,11
13245,21
13245,22
13246,11
13246,2
13247,11
13247,2
13247,7
13248,11
13248,2
13248,21
13249,11
13249,16
13249,24
13250,11
13250,15
13251,11
13252,11
13252,26
13253,11
13253,32
9560,16
13254,11
13254,2
13254,21
13255,11
13255,26
13256,11
13256,15
13256,16
13257,11
13257,21
13258,11
13258,26
13259,11
13259,15
13259,21
13260,11
13260,15
13260,22
13261,11
13261,16
13262,11
13262,21
13262,19
13263,11
13263,21
13263,30
13264,11
13264,15
13265,11
13266,11
13266,21
13267,11
13267,16
13267,22
13268,11
13268,15
13268,21
13269,11
13269,2
13269,22
13270,11
13270,15
13270,21
13271,11
13271,16
13271,14
13272,11
13272,15
13273,1
13273,11
13273,2
13274,11
13274,2
13274,21
8530,15
8530,16
13275,11
13275,32
13275,31
13276,11
13276,16
13276,10
8154,2
8154,16
13277,11
13277,16
13277,21
13278,11
13279,11
13279,16
13279,21
13280,11
13280,21
13280,19
13281,11
13281,2
13281,22
13282,11
13282,16
13283,1
13283,11
13283,2
6245,31
6245,22
13284,11
13284,16
13284,31
13285,11
13285,21
13285,19
13286,11
13286,21
13287,11
13287,21
13288,11
13288,21
13288,24
8667,16
13289,11
13289,16
13290,11
13290,2
13290,32
13291,11
13291,21
13291,24
4871,22
13292,11
13292,21
13293,11
13293,31
13293,22
13294,11
13294,15
13294,16
13295,11
13295,26
13296,11
13296,2
13296,21
13297,11
13297,21
13298,11
13298,2
13298,32
13299,11
13300,11
13300,21
13300,7
13301,1
13301,11
13301,2
13302,11
13302,15
13302,16
13303,11
13303,22
13304,11
13304,16
13304,22
13305,11
13305,21
13305,30
13306,11
13306,15
13306,21
13307,11
13307,2
13307,26
13308,11
13308,16
13308,21
13309,11
13309,2
13309,24
13310,11
13310,22
13311,11
13311,16
13311,22
13312,11
13312,2
13313,11
13313,2
13313,21
13314,11
13314,21
13314,24
13315,11
13316,11
13316,21
13317,11
13317,2
13317,29
13318,11
13318,26
13319,11
13319,15
13319,22
13320,11
4342,24
13321,11
13321,21
13321,24
13322,11
13322,21
13323,11
13323,16
13323,22
13324,11
13324,2
13324,21
13325,11
13325,15
13325,31
13326,11
13326,22
13327,11
13327,16
13327,22
13328,11
13328,21
13329,11
13329,21
13329,24
13330,1
13330,11
13330,26
13331,11
13331,24
13332,11
13332,2
13332,21
13333,11
13333,26
13334,11
13334,31
13334,22
13335,11
13335,22
13336,1
13336,11
13336,16
13337,11
13337,16
13337,21
13338,11
13338,15
13338,21
703,11
703,21
13339,11
13339,21
13340,11
13340,2
13340,15
13341,11
13341,21
13341,22
13342,11
13342,15
13342,24
13343,11
13343,16
13343,21
13344,11
13344,21
13345,11
13345,21
13346,11
13346,32
13346,22
13347,11
13348,11
13349,11
13349,16
13349,10
13350,11
13350,26
13350,22
13351,11
13351,10
13351,26
13352,11
13352,21
5792,21
5792,19
13353,11
13353,21
13354,1
13354,11
13354,2
13355,11
13355,15
13355,24
13356,11
13357,11
13357,22
13358,11
13358,21
13358,24
6043,2
13359,11
13359,15
13359,16
13360,11
13360,10
13360,22
13361,11
13361,2
13361,32
13362,11
13362,21
13362,22
13363,11
13363,26
13364,11
13364,16
13364,21
13365,11
13365,21
2880,1
2880,32
13366,11
13367,11
13367,15
13367,16
13368,11
13368,2
13368,21
13369,11
13369,15
13369,22
13370,11
13370,21
13370,3
13371,11
13371,2
13371,15
13372,11
13372,21
13373,11
13373,22
13374,11
13374,16
13374,21
13375,11
13375,15
13375,3
13376,11
13376,15
13376,16
13377,11
13377,15
13377,16
13378,11
13379,11
13380,11
13380,16
13380,21
13381,11
13381,22
13382,11
13382,16
13382,21
13383,11
13383,16
13383,21
13384,11
13384,21
13385,11
13385,16
13385,22
13386,11
13386,15
13386,29
13387,11
13387,21
13388,11
13388,21
13389,11
13390,11
13390,2
13390,15
13391,11
13391,22
13392,11
13393,11
13393,21
13394,11
13394,31
13394,22
13395,11
13395,15
13395,21
13396,11
13396,21
13397,11
13397,2
13397,32
13398,11
13398,16
13398,31
13399,11
13399,21
13399,22
13400,11
13400,2
13400,21
13401,21
13401,2
13401,11
13402,11
13402,15
13403,11
13403,15
13403,16
13404,11
13404,10
13404,22
13405,11
6466,22
13406,11
13406,16
13406,22
13407,11
13407,21
13407,10
13408,11
13408,16
13408,31
13409,11
13410,11
13410,3
13411,1
13411,11
13411,15
13412,11
13412,21
13413,11
13414,11
13414,24
13414,3
13415,11
13415,16
13416,11
13416,22
13417,11
13417,16
13417,10
13418,11
13419,11
13419,22
13420,1
13420,11
13420,2
13421,11
13422,11
13422,21
13422,24
13423,11
13423,21
13423,19
13424,11
13424,21
13425,11
13425,22
13426,11
13426,15
13426,26
12452,1
12452,2
13427,11
13427,16
13427,21
13428,11
13428,22
13429,16
13429,21
13429,11
13430,11
13430,19
13431,32
13431,11
13431,2
13432,11
13432,21
13432,22
13433,11
13433,19
13434,11
13435,21
13435,11
13436,11
13436,21
13436,24
13437,16
13437,11
13438,11
13438,16
13438,10
4225,16
4225,10
13439,11
13440,11
13440,16
13441,11
13441,31
13441,22
13442,11
13442,21
13442,7
13443,11
13443,21
13444,11
13444,2
13444,21
13445,11
13445,16
13445,21
13446,11
13446,2
13446,29
13447,11
13447,15
13447,21
13448,11
13448,2
13448,21
13449,11
13449,22
13450,11
13450,2
13450,32
13451,11
13451,16
6793,21
13452,11
13452,21
13453,11
13453,16
13453,31
13454,11
13455,11
13455,21
13455,10
13456,11
13456,22
13457,11
13457,21
13457,24
13458,11
13458,2
13459,1
13459,11
13459,2
13460,11
13460,21
13461,11
13461,21
13461,7
13462,11
13462,16
13462,21
13463,11
13463,21
13463,22
13464,11
13464,24
13464,22
13465,11
13465,21
13465,31
13466,11
13466,15
13467,11
13467,16
13467,22
13468,11
13468,2
13468,15
13469,11
13469,16
13469,22
13470,11
13470,16
13470,21
13471,11
13471,15
13471,24
13472,11
3325,2
13473,11
13474,11
13475,11
13475,16
13475,21
13476,11
13476,22
13477,11
13477,21
13478,11
13478,21
13479,11
13479,26
13480,11
13480,2
13480,15
13481,11
13481,15
13481,16
13482,11
13482,31
13482,26
6828,22
13483,11
13483,31
13483,22
13484,11
13484,6
13484,16
13485,11
13486,11
13486,16
13486,21
13487,11
13488,11
13488,21
13489,2
13489,15
13489,16
13490,11
13490,16
13490,21
13491,11
13492,11
13492,16
13492,21
13493,11
13494,11
13494,21
13494,30
13495,11
13496,11
13496,15
13496,31
459,11
459,2
459,21
13497,11
13497,2
13497,32
13498,11
13499,11
13499,15
13499,21
13500,11
13500,16
13501,11
13501,15
13501,16
13502,11
13503,11
13503,15
13503,16
13504,11
13504,21
13505,11
13505,26
13506,21
13506,11
13506,15
13507,11
13507,32
13507,26
13508,11
13508,10
13508,22
13509,11
13509,31
13510,11
13510,22
13511,11
13511,2
13512,11
13512,21
13513,11
13513,15
13513,31
13514,11
13515,11
13516,1
13516,11
13516,2
13517,11
13518,11
13518,24
13519,11
13519,2
13519,29
13520,11
13520,21
13521,11
13521,24
13522,11
13522,2
13522,21
13523,11
13523,2
13523,16
13524,11
13524,16
13524,22
13525,11
13525,15
13525,21
13526,11
13526,26
13526,22
13527,11
13527,15
13528,11
13528,21
13528,24
13529,11
13529,2
13530,11
13530,16
13530,21
13531,11
13531,21
13531,14
13532,11
13532,16
13532,21
13533,11
13533,2
13534,11
13535,11
13535,21
13535,29
13536,11
13536,21
13537,11
13537,15
13537,24
13538,11
13538,16
13538,22
13539,11
13539,15
13539,21
13540,11
13540,21
13540,24
13541,11
13541,21
13542,11
13543,11
13543,15
13543,16
13544,11
13544,15
13544,22
13545,11
13545,7
13545,22
13546,11
13546,21
13546,24
13547,11
13547,16
13548,11
13548,21
13548,24
13549,11
13549,21
13550,11
13550,22
13551,11
13551,21
13552,11
13552,21
13552,24
7446,22
13553,11
13553,16
13554,11
13554,15
13554,16
13555,11
13555,26
13555,22
13556,11
13556,16
13556,22
13557,11
13557,16
13557,21
13558,11
13559,11
13559,21
13560,11
13560,15
13561,11
13561,21
13562,11
13562,26
13563,11
13563,15
13563,21
13564,11
13564,24
13565,11
13565,16
13565,21
13566,11
13566,15
13566,16
13567,11
13567,15
13568,11
13568,21
13569,11
13570,11
13570,16
13571,16
13571,21
13571,11
13572,11
13572,32
13572,31
13573,11
13573,16
13573,22
13574,11
13574,21
13575,11
13575,21
13576,11
13576,16
13577,11
13577,2
13577,19
13578,11
13578,2
13578,15
13579,11
13579,2
13579,26
13580,11
13580,15
13580,24
13581,11
13581,15
13582,11
13582,16
13582,21
13583,11
13583,15
13583,21
13584,11
13584,2
13584,21
7443,22
13585,11
13585,22
13586,11
13586,15
13587,11
13588,11
13588,16
13588,21
13589,11
13589,16
13589,21
13590,11
13590,16
13590,21
13591,11
13591,10
13591,3
13592,11
13593,11
13593,22
13594,11
13594,16
13594,22
13595,11
13595,2
13595,29
13596,11
13596,26
13597,11
13597,16
13597,22
13598,11
13598,21
13599,11
13599,26
13600,11
13600,21
13600,22
13601,11
13601,15
13602,11
13603,11
13603,15
13603,16
13604,11
13604,15
13605,11
13606,11
13606,15
13606,24
13607,11
13607,15
13607,26
13608,11
13608,15
13608,21
13609,21
13609,2
13609,11
13610,11
13610,21
13610,27
13611,11
13611,21
13611,32
13612,11
13612,16
13612,21
13613,16
13613,31
13613,11
13614,11
13614,15
13615,11
13615,16
13615,22
13616,1
13616,11
13616,2
13617,11
13618,11
13618,21
13619,11
13619,16
13619,21
13620,11
13620,15
13620,24
13621,11
13622,11
13622,2
13622,15
13623,1
13623,11
13623,15
13624,11
13624,21
13624,31
13625,11
13625,15
13625,21
13626,11
13626,2
13626,16
13627,11
13627,16
13627,21
13628,11
13629,11
13629,15
13630,11
13630,16
13630,21
13631,11
13631,16
13631,21
13632,11
13632,16
13632,29
4023,22
13633,11
13633,21
13634,11
13634,2
13634,16
13635,11
13636,11
13636,16
13636,21
13637,11
13637,24
13637,3
13638,1
13638,11
13638,2
13639,11
13639,21
13639,24
13640,11
13640,16
13640,21
13641,11
13642,11
13642,2
13643,11
13643,16
13643,21
13644,11
13644,2
13644,15
13592,15
13645,11
13645,21
13645,22
13646,11
13646,16
13647,11
13648,11
13648,2
13648,21
13649,11
13649,21
13650,11
13650,21
13650,24
13651,1
13651,11
13651,21
13652,11
13652,21
2990,22
13653,11
13653,2
13653,32
13654,11
13654,22
13655,11
13655,16
13656,11
13657,11
13657,15
13657,1
13658,11
13658,15
13658,16
13659,11
13659,16
13659,21
13660,11
13660,15
13661,11
13661,2
13661,32
13662,11
13662,26
13662,22
13663,11
13663,2
13663,29
13664,11
13664,15
13664,24
13665,11
13665,21
13665,26
13666,11
13666,2
13666,32
13667,21
13667,2
13667,11
13668,11
13668,15
13668,24
13669,16
13669,11
13669,21
13670,11
13670,16
13670,22
13671,11
13671,21
13671,22
13672,11
13672,22
13673,11
13673,15
13674,11
13674,21
13674,7
13675,1
13675,11
13675,21
13676,11
13676,31
13677,11
13677,16
13677,21
13678,11
13678,7
13679,11
13679,15
13679,16
13680,11
13680,2
13680,21
13681,11
13681,22
13682,11
13682,21
13682,22
13683,11
13684,11
13684,15
13684,32
13685,11
13685,15
13686,11
13686,16
13686,22
13687,11
13687,22
13688,11
13689,11
13689,2
13689,24
13690,11
13690,2
13690,16
13691,11
13691,2
13691,21
13692,11
13692,21
13693,11
13693,21
13694,11
13694,15
13695,11
13695,2
13695,21
13696,11
13696,21
13696,26
13697,1
13697,11
13697,29
13698,11
13698,21
13698,24
13699,11
13699,15
13699,16
13700,11
13700,21
13700,30
13701,11
13701,31
13701,22
13702,1
13702,11
13702,2
13703,11
13703,2
13703,32
13704,11
13704,16
13705,11
13705,15
13705,16
13706,11
13706,2
13706,16
13707,11
13707,22
13708,11
13708,2
13708,16
13709,11
13709,2
13709,21
13710,11
13711,11
13711,26
13711,22
13712,11
13712,21
13712,27
13713,11
13713,24
13713,22
13714,11
13714,16
13714,21
13715,11
13715,16
13715,22
13716,11
13716,21
13716,26
13717,11
13717,2
13717,16
13718,11
13719,11
13720,11
13721,11
13721,2
13721,21
13722,11
13722,15
13722,16
13723,11
13723,16
13723,21
13724,11
13724,21
13724,10
13725,21
13725,22
13725,11
13726,11
13726,15
13727,11
13727,21
13727,24
13728,11
13728,22
13729,11
13729,15
13730,11
13730,2
13730,16
13731,11
13731,16
13731,21
13732,11
13732,21
13732,19
13733,11
13733,16
13733,21
13734,11
13734,2
13734,21
13735,11
13735,16
13736,11
13736,21
13737,11
13738,11
13738,16
13738,22
13739,11
13740,11
13740,21
13741,11
13741,16
13741,21
13742,11
13742,21
13743,11
13743,26
13744,11
13744,21
13745,11
13745,16
13745,21
13746,11
13746,15
13746,21
13747,11
13747,2
13747,21
13748,11
13748,21
13748,22
13749,11
13749,16
13749,22
13750,11
13750,15
13750,32
13751,11
13752,11
13753,11
13753,21
13753,30
13754,11
13754,21
13754,30
13755,11
13756,11
13756,26
13757,11
13757,21
13757,22
13758,11
13758,15
13758,32
13759,11
13759,2
13759,6
13760,11
13761,11
13761,2
13761,21
13762,11
13762,21
13763,11
13763,15
13763,16
13764,1
13764,11
13764,26
13765,11
13765,15
13765,16
13766,11
13766,22
13767,11
13767,22
13768,11
13768,16
13768,21
13769,11
13769,15
13769,27
13770,11
13770,21
13770,24
13771,11
13771,16
13771,22
13772,11
13772,15
13772,21
13773,11
13773,2
13773,10
13774,11
13774,2
13774,16
13775,1
13775,11
13775,2
13776,11
13776,21
13776,7
13777,1
13777,11
13777,15
13778,11
13778,2
13779,1
13779,11
13779,2
13780,11
13780,15
13780,24
13781,11
13781,2
13781,21
13782,11
13782,21
13783,11
13783,2
13783,16
13784,11
13784,15
13784,14
13785,11
13785,15
13785,32
13786,11
13786,22
13787,11
13787,31
13787,26
10844,14
13788,11
13789,11
13789,2
13789,21
13790,21
13790,29
13790,11
13791,11
13791,22
13792,11
13792,21
13792,32
13793,11
13793,15
13793,16
13794,11
13794,21
13794,22
13795,11
13795,21
13796,11
13796,21
13797,11
13797,29
13797,26
13798,11
13798,2
13798,16
13799,11
13799,16
13799,21
13800,11
13801,11
13801,15
13801,16
13802,11
13802,15
13803,11
13804,11
13804,21
13805,11
13805,16
13805,22
13806,11
11079,15
13807,11
13807,21
13808,11
13808,21
8485,22
13809,11
13809,2
13809,16
13810,11
13810,21
13811,11
13811,21
13811,24
13812,11
13812,32
13812,26
3042,16
13813,11
13813,21
13814,11
13814,2
13814,15
13815,11
13815,2
13815,15
13816,11
13816,26
13817,11
13817,32
13817,31
13818,11
13818,16
13818,21
13819,11
13819,32
13819,26
13820,1
13820,11
13820,16
13821,11
13821,21
13822,11
13822,15
13822,16
13823,11
13823,32
13824,11
13824,21
13825,11
13825,21
13825,26
13826,11
13826,2
13826,21
13827,11
13827,22
13828,11
13828,22
13829,11
13830,11
13830,21
13830,30
13831,11
13832,11
13832,26
13833,11
13833,15
13833,16
7777,16
7777,21
13834,11
13834,15
13834,21
8396,16
8396,21
1645,11
1645,7
1645,19
13835,11
13835,22
13836,11
13836,26
13837,11
13837,2
13837,21
13838,11
13838,2
13838,21
13839,11
13839,16
13839,21
13840,11
13841,11
13841,15
13841,16
13842,11
13842,15
13842,16
13843,11
13843,16
13843,21
13844,11
13844,16
13844,22
13845,11
13845,2
13846,11
13846,21
13847,11
13847,16
13847,24
13848,11
13848,16
13848,21
13849,11
13849,16
13849,21
13850,11
13850,21
13850,30
13851,11
13851,2
13851,26
13852,11
13852,15
13853,11
13854,11
13854,24
13854,22
13855,11
13855,16
13855,21
13856,11
13857,11
13857,2
13857,15
13858,11
13859,11
13859,2
13859,16
13860,11
13860,2
13861,11
13861,16
13861,21
13862,11
13862,16
13862,22
13863,11
13863,21
13864,11
13864,15
13864,24
13865,11
13865,16
13865,10
13866,11
13866,10
13866,24
13867,11
13867,2
13868,11
13868,15
13869,11
13869,22
13870,11
13870,16
13871,11
13872,11
13872,2
13872,32
13873,11
13873,16
13873,21
13874,11
13875,11
13876,11
13876,21
13876,27
13877,11
13878,11
13878,6
13878,15
13879,11
13880,11
13880,31
13880,22
13881,11
13881,16
13881,21
2582,24
13882,11
13882,21
13883,11
13883,2
13883,21
13884,11
13884,15
13884,21
13885,11
13885,2
13885,32
13886,11
13886,21
13887,11
13888,11
13888,22
13889,11
13889,21
13889,19
13890,11
13891,11
13891,3
13892,11
13892,15
13892,16
13893,11
13893,15
13894,11
13894,15
13895,11
13895,3
3244,24
13896,11
13897,11
13897,16
13897,26
13898,11
13898,16
13898,21
13899,11
13899,2
13899,21
13900,11
13900,21
13901,11
13901,15
13901,24
13902,11
13902,2
13902,31
13903,1
13903,11
13903,32
13904,11
13904,15
13904,10
13905,11
13905,21
13906,11
13906,16
13906,22
13907,11
13907,21
13907,32
13908,11
13908,15
13908,22
13909,11
13909,2
13909,32
13910,11
13910,2
13910,16
13911,11
13911,2
13911,21
13912,11
13912,2
13912,32
13913,11
13913,15
13914,11
13914,21
13914,10
13915,11
13915,15
13915,10
13916,11
13916,15
13916,22
13917,11
13917,32
13917,26
11059,22
13918,11
13918,2
13918,21
13919,11
13919,16
13919,21
13920,11
13920,2
13920,21
13921,11
13921,19
13922,11
13923,11
13923,21
13923,30
13924,11
13924,2
13924,15
13925,11
13926,11
13926,21
13927,11
13927,15
13927,24
13928,11
13928,2
13928,26
13929,11
13929,21
13929,22
13930,11
13931,11
13931,21
13931,31
13932,11
13932,15
13933,11
13933,22
13934,11
13934,15
13934,21
13935,11
13935,15
13935,21
13936,11
13937,11
13937,21
13937,24
13938,11
13938,22
13939,11
13939,15
13939,32
13940,11
13940,21
13940,22
13941,11
13942,11
13942,15
13942,16
13943,1
13943,11
13943,32
13944,11
13945,11
13945,2
13945,21
13946,11
13946,15
13946,24
13947,11
13948,11
13948,21
13949,11
13949,6
13949,21
13950,11
13951,21
13951,11
13951,22
13952,11
13952,21
13953,11
13953,21
13953,7
13954,11
13954,15
13955,11
13955,15
13955,16
13956,11
13956,21
13957,11
13957,21
13958,11
13958,16
13958,21
13959,11
13959,21
13959,31
13960,11
13960,16
13960,21
13961,11
13961,2
13961,21
13962,11
13962,22
13963,11
13964,11
13965,11
13966,11
13966,21
13966,24
13967,11
13968,11
13968,16
13968,21
13969,21
13969,11
13969,2
13970,11
13970,24
13971,11
13971,15
13971,16
13972,11
13972,21
13973,11
13973,15
13973,22
13974,11
13974,2
13974,21
13975,11
13975,15
13975,7
13976,11
13976,31
13976,26
13977,1
13977,11
13977,2
13978,11
13978,2
13978,15
13979,11
13979,15
13979,21
1966,24
13980,11
13980,24
7731,31
13981,11
13981,15
13981,26
13982,11
13982,2
13982,16
13983,11
13983,26
13983,3
13984,11
13985,11
13985,15
13986,11
13986,15
13986,16
13987,11
4781,22
13988,11
13988,22
13989,11
13989,2
13989,24
13990,11
13990,15
13991,11
13991,16
13991,21
13992,11
13992,22
13993,11
13993,21
13994,1
13994,11
13994,2
13995,11
13996,11
13996,16
13996,21
10024,31
10024,10
13997,11
13997,32
13998,11
13998,21
13998,7
13999,11
13999,15
13999,30
14000,11
14000,26
14001,11
14001,21
14002,11
14002,21
14003,11
14003,15
14003,21
14004,11
14004,21
14005,11
14005,15
14006,11
14006,2
14006,15
14007,11
14007,26
14007,22
14008,11
14008,22
14009,11
14009,16
14009,10
14010,11
14011,11
14011,21
14012,11
14012,2
14012,10
14013,11
14013,21
14013,7
14014,11
14014,22
14015,11
14015,31
14015,24
14016,11
14016,32
14017,11
14017,2
14017,21
14018,11
14018,26
14019,11
14019,2
14019,21
14020,11
14020,16
14020,21
14021,11
14021,15
14021,16
14022,11
14022,16
14022,21
14023,11
14023,15
14023,16
14024,11
14024,2
14024,32
14025,11
14025,21
14025,22
14026,11
14026,15
14027,11
14027,2
14027,26
14028,11
14028,21
14029,11
14030,11
14030,15
14030,21
14031,11
14031,2
14031,15
14032,11
9730,22
14033,11
14033,21
14033,24
14034,11
14034,32
14035,11
14035,32
14035,26
14036,11
14036,2
14036,21
14037,11
14037,21
14037,15
14038,11
14038,15
14038,16
14039,11
14039,21
14040,11
14040,2
14040,32
3985,2
14041,11
14042,11
14042,22
14043,11
14043,2
14043,15
14044,11
14044,15
14044,24
14045,11
14045,16
14045,21
4743,10
4743,22
14046,11
14046,31
14046,26
14047,11
14047,15
14047,16
14048,1
14048,11
14048,2
14049,1
14049,11
14049,26
14050,11
14050,2
14050,7
14051,11
14052,11
14053,11
14053,15
14053,31
14054,11
14054,2
14054,16
14055,11
14055,2
14055,15
14056,11
14056,2
14056,31
14057,11
14057,31
14057,26
14058,11
14058,15
14058,16
14059,11
14059,2
14059,15
14060,11
14060,21
14060,24
14061,11
14061,2
14061,21
14062,11
14063,1
14063,11
14063,21
14064,11
14064,31
14065,11
14065,2
14065,21
14066,11
14066,16
14066,21
14067,11
14067,15
14068,11
14068,21
14069,11
14069,16
14069,22
14070,11
14070,16
14070,21
14071,11
14071,21
14072,11
14072,2
14072,15
14073,11
14073,31
14074,11
14074,21
14074,3
14075,11
14075,2
14075,15
14076,11
14076,22
14077,11
14077,21
14078,11
14078,21
14078,32
14079,11
14079,2
14080,11
14080,2
14080,15
14081,11
14081,22
14082,11
14082,16
14082,22
14083,11
14083,16
14083,21
14084,11
14084,21
14084,24
14085,11
14085,22
14086,11
14086,2
14086,21
14087,11
14087,15
14087,24
14088,11
14088,21
14088,24
14089,11
14089,2
14090,11
14091,11
14091,21
14092,11
14092,2
14093,11
14094,11
14094,15
14095,11
14095,21
14095,24
14096,11
14096,2
14096,29
14097,11
14097,16
14097,21
14098,11
14098,3
14099,11
14099,21
14100,11
14100,16
14100,21
14101,11
14101,16
14101,21
14102,11
14102,2
14102,32
14103,11
14103,21
14104,11
14104,31
14104,22
14105,11
14105,15
14105,22
14106,11
14106,16
14106,21
14107,11
14107,15
14107,16
14108,11
14108,15
14109,11
14109,21
14109,26
14110,11
14110,2
14110,26
14111,11
14111,15
14111,16
14112,11
14112,21
14113,11
14114,11
14114,21
2839,15
2839,24
14115,11
14115,21
14116,11
14116,16
14117,11
14117,2
14117,21
10405,30
14118,11
14118,16
14118,22
14119,11
14119,32
14119,26
14120,11
14120,2
14120,21
14121,1
14121,11
14121,32
14122,11
14122,7
14123,11
14123,2
14123,26
14124,11
14124,16
14125,11
14125,16
14125,21
14126,11
14126,16
14126,21
14127,11
14128,11
14128,15
14129,11
14129,15
14129,22
14130,11
14130,16
14130,21
14131,11
14131,21
14132,11
14133,11
14134,11
14134,22
14135,2
14135,21
14135,24
14136,11
14136,16
14137,11
14137,16
14137,21
14138,11
14138,16
14138,21
14139,11
14140,11
14140,21
14141,11
14141,21
14141,24
14142,11
14142,2
14142,16
14143,11
14144,11
14144,16
14145,11
14145,16
14146,11
14146,26
14147,11
14148,11
14149,11
14149,3
14150,11
14150,29
14150,26
14151,11
14151,16
14151,27
14152,11
14152,2
14152,32
14153,11
14154,11
14154,15
14154,3
14155,11
14155,21
14155,24
14156,2
14156,11
14156,15
14157,11
14157,21
14158,11
14158,21
14158,10
14159,1
14159,11
14159,21
14160,11
14160,31
14161,11
14161,15
14161,21
14162,11
14162,24
14163,1
14163,11
14163,2
14164,11
14164,2
14164,21
14165,11
14165,21
14165,7
14166,11
14166,2
14166,15
14167,11
14168,11
14168,21
14169,11
14169,15
14170,11
14170,21
14171,1
14171,11
14171,21
14172,11
14172,16
14172,21
14173,11
14173,16
14173,21
14174,11
14174,21
14174,24
14175,11
14175,2
14175,21
14176,11
14176,6
14176,21
14177,11
14177,24
14177,19
14178,11
14178,15
14179,11
14179,16
14179,21
14180,11
14180,21
14181,11
14181,16
14182,11
14182,2
14182,19
14183,11
14183,22
14184,11
14184,2
14184,15
14185,11
14185,15
14185,21
14186,11
14187,3
14187,2
14187,11
6904,21
14188,11
14188,15
14189,11
14190,16
14190,22
14190,11
14191,11
14192,11
14192,30
14192,22
14193,11
14194,11
14194,22
14195,1
14195,11
14195,2
14196,11
14196,15
14196,16
14197,11
14197,21
14197,24
14198,11
14198,15
14198,21
14199,11
14199,21
14199,26
14200,11
14200,21
14201,11
14201,2
14201,32
14202,11
14202,21
14202,30
14203,21
14203,11
14203,16
14204,11
14204,15
14204,21
14205,11
14205,2
14206,11
14206,16
14206,21
14207,11
14207,2
14207,15
14208,11
14208,2
14208,16
14209,11
14209,21
14209,24
14210,11
14210,2
14210,15
14211,11
14211,16
14211,21
14212,11
14212,16
14212,21
14213,11
14213,16
14213,21
14214,11
14214,26
14214,22
14215,11
14215,15
14215,21
14216,11
14217,11
14218,11
14218,26
14219,11
14219,21
14220,1
14220,11
14220,26
14221,11
14221,26
14222,11
14222,21
14223,11
14223,2
14224,11
14224,16
14224,22
14225,11
14225,16
14225,21
14226,11
14226,15
14226,21
14227,11
14227,2
14227,3
14228,11
14229,11
14229,16
14229,21
14230,11
14230,21
14230,19
14231,11
14231,15
14231,31
14232,11
14233,11
14233,2
14234,11
14234,21
14235,11
14235,2
14235,19
14236,11
14236,21
14236,26
14237,11
14237,2
14237,15
14238,11
14238,15
14238,31
14239,11
14240,11
14240,21
14240,22
14241,11
14241,21
14242,11
14242,16
14242,21
14243,11
14243,16
14243,22
14244,11
14244,16
14244,21
14245,11
14245,21
14245,24
14246,1
14246,11
14246,15
14247,11
14247,16
14247,24
14248,11
14248,21
14248,24
14249,11
14250,11
14251,11
14251,2
14251,24
14252,11
14253,11
14253,2
14253,26
14254,11
14254,31
14254,26
14255,11
14255,21
14255,24
14256,11
14256,16
14256,21
14257,11
14257,15
14257,21
14258,11
14258,2
14258,21
14259,10
14259,11
14259,22
14260,11
14260,16
14260,21
14261,11
14261,21
14262,11
14263,11
14263,21
14263,7
14264,11
14264,15
14264,21
14265,1
14265,11
14265,26
14266,11
14266,32
14266,31
14267,11
14268,11
14268,16
14268,21
14269,11
14269,15
14269,16
14270,11
14270,21
14271,11
14272,11
14272,15
14272,32
14273,11
14273,22
14274,11
14274,21
14275,11
14275,21
14275,22
14276,11
14276,15
14276,16
14277,11
14277,19
14278,11
14278,2
14278,32
14279,11
14279,21
14279,7
14280,11
14280,16
14280,22
14281,11
14281,15
14281,14
14282,11
14282,21
14283,11
14283,16
14283,22
14284,11
14284,2
14284,15
7306,15
14285,11
14286,11
14286,16
14286,21
14287,11
14287,2
14287,21
14288,11
14288,2
14288,29
14289,11
14289,2
14289,15
14290,11
14290,16
14290,22
14291,11
14291,21
14291,22
14292,11
14292,21
5452,21
14293,11
14294,11
14294,15
14294,21
14295,11
14295,21
14296,11
14296,15
14296,16
14297,11
14298,11
14298,16
14298,21
14299,11
14299,24
14299,3
14300,11
14301,11
14302,11
14302,21
14303,11
14303,22
14304,11
14304,31
14304,26
14305,11
14305,15
14305,21
14306,1
14306,11
14306,30
14307,11
14307,21
14308,11
14308,2
14308,21
14309,11
14309,21
14310,11
14310,2
14310,7
14311,11
14311,21
14312,11
14313,11
14313,15
14314,11
14314,15
14314,21
14315,11
14315,2
14315,32
14316,11
14316,16
14316,21
14317,11
14317,21
14317,22
14318,11
14318,24
14318,22
14319,11
14319,22
14320,11
14320,21
14320,30
14321,11
14321,2
14321,21
14322,11
14323,11
14323,22
14324,11
14325,11
14325,21
14325,22
14326,11
14327,11
14327,21
14328,11
14328,21
14329,11
14330,11
14331,11
14332,11
14332,24
14333,11
14333,10
14333,22
14334,11
14335,11
14335,21
14336,11
14336,21
14336,24
14337,11
14337,16
14337,21
14338,11
14338,16
14338,21
14339,11
14339,21
14339,32
14340,1
14340,11
14340,2
5652,16
5652,10
14341,1
14341,11
14341,2
14342,11
14342,22
14343,11
14343,15
14343,21
14344,11
14344,16
14344,21
14345,11
14345,15
14345,24
14346,11
14346,16
14346,21
14347,11
14347,15
14347,21
14348,11
14348,21
14348,19
14349,11
14349,21
14349,24
14350,11
14350,16
14351,11
14351,16
14351,21
14352,11
14352,2
14352,32
10066,2
10066,32
14353,11
14353,21
14354,11
14354,15
14355,11
14355,26
14356,1
14356,11
14356,2
14357,11
14357,2
14358,11
14358,15
14359,11
14359,16
14359,21
14360,11
14360,2
14360,6
14361,11
14361,2
14361,16
14362,11
14362,16
14362,22
14363,11
14363,16
14364,11
14364,31
14364,22
14365,11
14365,31
14366,11
14366,16
14366,31
14367,11
14367,21
14367,10
14368,11
14368,15
14368,10
14369,11
14370,11
14370,21
14371,11
14371,16
14372,11
14372,26
8820,21
14373,11
14373,16
14374,11
14375,11
14375,15
14375,21
2654,15
14376,11
14376,16
14376,21
14377,11
14377,15
14378,11
14378,2
14378,21
14379,11
14379,16
14379,31
13000,21
13000,22
14380,11
14380,2
14380,16
14381,11
14381,2
14381,15
14382,11
14383,11
14383,2
14383,26
14384,11
14384,22
14385,21
14385,31
14385,22
14386,11
14387,11
14387,16
14387,21
14388,1
14388,11
14388,2
14389,11
14389,22
14390,11
14390,16
14390,21
14391,11
14391,15
14391,22
14392,11
14392,16
14392,21
14393,11
14393,15
14393,16
14394,11
14394,21
14394,24
14395,11
14395,21
14396,11
14396,21
14397,11
14397,16
14398,11
14398,15
14398,24
14399,11
14399,21
14399,15
14400,11
14400,15
14400,32
14401,11
14401,16
14401,21
14402,11
14402,21
14403,11
14403,2
14403,21
14404,11
14404,16
14404,21
14405,11
14405,21
14406,11
14406,21
14406,24
14407,11
14407,2
14407,15
14408,11
14408,22
14409,1
14409,11
14409,2
14410,11
14410,16
14410,21
14411,11
14412,11
14412,15
14413,11
14413,21
14413,22
14414,11
14414,21
14414,24
14415,11
14415,21
14416,11
14416,21
14417,11
14417,2
14418,11
14418,2
14418,21
14419,11
14419,16
14419,21
14420,11
14420,2
14420,21
14421,11
14421,6
14421,21
14422,11
14422,22
14423,11
14423,2
14423,16
14424,11
14425,11
14425,21
14426,3
14426,11
14427,11
14427,32
14427,31
14428,11
14428,16
14428,22
14429,11
14429,21
14430,11
14430,16
14430,27
14431,11
14431,2
14431,16
14432,11
14432,21
14432,15
14433,22
14433,11
14433,16
14434,11
14434,16
14434,21
14435,11
14435,16
14435,22
14436,11
14436,21
14437,11
14437,31
14437,22
14438,11
14438,21
14439,11
14439,15
14439,22
14440,11
14440,21
14441,11
14441,16
14441,22
14442,21
14442,11
14361,21
14443,14
14443,2
14443,11
14444,11
14444,16
14444,10
14445,11
14445,21
14446,11
14446,21
14446,19
14447,11
14447,21
14447,22
14448,11
14448,2
14448,31
14449,11
14449,16
14449,21
14450,11
14450,16
14450,21
14451,1
14451,11
14451,2
3736,21
3736,22
14452,11
14452,2
14452,16
14453,11
14453,16
14453,10
14454,11
14454,2
14454,32
14455,11
14455,2
14456,11
14456,31
14457,21
14457,11
14458,11
14458,2
14458,15
14459,11
14459,16
14459,21
12726,22
14460,11
14461,11
14461,16
14461,22
14462,11
14462,24
14463,11
14463,21
14464,11
14464,2
14464,21
14465,11
14465,32
14466,1
14466,11
14466,2
14467,1
14467,11
14467,2
14468,11
14468,22
14469,11
14469,2
14469,6
14470,11
14470,21
14470,24
14471,11
14471,26
14471,22
14472,11
14473,11
14473,26
14474,11
14474,2
14474,21
14475,11
14475,15
14475,16
14476,11
14476,21
14477,1
14477,11
14477,16
14478,11
14478,2
14479,11
14479,15
14480,11
14480,21
14481,11
14482,11
14482,24
14483,11
14483,2
14483,15
14484,11
14484,31
14484,22
14485,11
14485,26
14486,11
14486,31
14486,22
14487,11
14487,16
14487,21
14488,11
14488,16
14488,21
14489,11
14489,15
14490,11
14490,21
14491,11
14491,21
14491,19
14492,11
14493,11
14493,21
14494,11
14494,2
14494,24
14495,11
14495,31
14495,22
5266,22
14496,11
14497,11
14497,24
14498,11
14498,21
14498,19
14499,11
14499,2
14499,31
14500,11
14501,11
14501,2
14501,21
14502,11
14502,21
14503,11
14503,2
14503,32
14504,11
14504,21
14504,32
14505,11
14505,2
14505,21
14506,11
14506,16
14506,21
14507,15
14507,11
14508,11
14508,21
14508,7
14509,11
14510,11
14510,21
14511,11
14511,15
14511,16
14512,11
14513,11
14513,16
14513,21
14514,11
14514,16
14514,22
7271,22
11879,14
11879,29
14515,11
14515,16
14515,21
14516,11
14516,16
14516,10
14517,11
14518,11
14518,2
14518,21
14519,11
14519,21
14520,11
14520,21
14520,26
14521,11
14521,2
14521,24
14522,11
14522,21
14523,11
14523,2
14523,21
14524,11
14524,15
14524,21
14525,11
14525,15
4336,2
14526,11
14526,31
14526,24
14527,11
14528,11
14528,16
14528,21
14529,11
14529,29
14529,3
14530,11
14530,21
14530,10
14531,11
14531,21
14532,11
14532,15
14533,11
14533,2
14533,21
14534,11
14534,21
14535,11
14535,15
14535,21
14536,11
14536,15
14536,3
14537,11
14537,16
14537,21
14538,11
14538,15
14538,26
14539,11
14540,11
14540,16
14540,31
14541,11
14541,2
14541,21
14542,21
14542,11
14542,16
14543,11
14543,21
14543,31
14544,11
14545,11
14545,16
14545,21
14546,11
14546,16
14546,21
14547,11
14547,21
14547,24
14548,11
14548,16
14548,10
14549,11
14549,2
14549,15
14550,11
14550,24
14551,11
14551,16
14551,21
14552,11
14552,21
14552,22
14553,11
14554,11
14555,11
14556,11
14556,15
14556,21
14557,11
14557,21
14557,7
14558,11
14558,21
14559,11
14559,15
14559,32
14560,11
14560,22
14561,11
14561,16
14561,22
14562,11
14562,22
14563,11
14563,15
14563,30
12160,32
14564,11
14564,2
14564,29
3813,2
3813,15
14565,11
14565,21
14565,22
14566,11
14566,15
14566,24
14567,11
14567,15
14567,16
7463,10
7463,22
12575,21
12575,10
14568,11
14568,31
14568,22
14569,15
14569,14
14569,11
14570,11
14570,21
14571,11
14572,11
14572,22
14573,11
14573,24
14574,11
14574,21
14575,11
14575,16
14575,22
14576,11
14576,21
14576,10
14577,11
14577,24
14577,3
14578,11
14578,21
14579,11
14579,32
14579,26
14580,11
14580,31
14580,26
14581,11
14581,16
14581,21
14582,11
14582,21
14582,14
14583,11
14583,32
14584,11
14584,22
14585,11
14585,21
14585,19
14586,11
14586,22
14587,11
14588,11
14588,26
14589,11
14590,11
14590,22
14591,1
14591,11
14591,21
14592,11
14593,11
14593,21
14593,3
14594,1
14594,11
14594,2
14595,11
14595,2
14595,32
14596,11
14596,21
14596,29
14597,11
14597,2
14598,11
14598,16
14598,22
14599,11
14599,21
14599,30
14600,11
14600,19
14601,11
14601,15
14602,11
14602,15
14602,19
14603,11
14603,22
14604,11
14604,26
14605,11
14605,21
14605,30
14606,11
14606,15
14606,22
14607,11
14607,2
14607,26
14608,11
14608,2
14608,16
14609,11
14610,11
14610,15
14610,19
14611,11
14611,3
14612,11
14612,24
14613,11
14614,11
14614,15
14614,26
14615,11
14615,21
14615,10
14616,11
14616,15
14616,32
14617,11
14617,15
14618,11
14618,32
14619,11
14619,15
14619,16
14620,11
14621,11
14621,2
14621,21
14622,11
14622,2
14622,21
14623,11
14623,16
14623,10
14624,11
14624,21
14624,7
14625,11
14625,21
14626,11
14626,21
14627,11
14627,21
14628,11
14628,26
14629,11
14629,15
14629,21
14630,11
14630,21
14630,22
14631,11
14631,21
14631,19
14632,11
14632,15
14632,16
14633,11
14633,31
14633,26
14634,11
14635,11
14635,16
14635,21
14636,11
14637,11
14638,11
14638,2
14639,11
14639,26
14640,11
14640,2
14641,11
14641,15
14641,16
14642,11
14642,16
14642,21
14643,11
14644,11
14644,15
14644,21
14645,11
14645,2
14645,16
14646,11
14646,21
14647,11
14647,16
14647,21
14648,11
14649,11
14649,16
14649,22
14650,11
14650,16
14650,26
14651,11
14651,15
14651,31
14652,11
14652,16
14652,21
14653,11
14653,26
14654,11
14654,2
14654,30
14655,11
14655,7
14656,11
14656,21
14656,24
2445,32
14657,11
14657,21
14657,24
14658,11
14658,15
14658,22
14659,11
14659,21
14659,7
14660,1
14660,11
14660,2
14661,11
14661,30
14662,11
14662,21
14663,11
14663,26
14664,11
14664,26
14665,11
14665,16
14665,21
14666,11
14666,16
14666,22
14667,11
14668,11
14668,16
14668,22
14669,11
14669,2
14669,3
14670,11
14670,16
14670,21
14671,11
14671,21
14671,19
14672,11
14672,16
14672,21
14673,11
14673,15
14673,24
14674,11
14674,15
14674,21
14675,11
14675,2
14675,16
14676,11
14676,15
14676,16
14677,11
14677,15
14678,11
14678,2
14679,11
14679,16
14679,22
14680,21
14680,22
14680,11
14681,11
14681,21
14681,7
14682,11
14682,15
14682,32
7534,32
14683,11
14683,16
14683,21
14684,11
14684,15
14684,21
14685,11
14685,15
14685,24
14686,11
14686,16
14686,10
14687,11
14688,11
14688,15
14688,16
14689,11
14689,15
14690,11
14690,15
14690,21
14691,11
14691,21
14692,11
14693,11
14693,2
14693,15
14694,11
14694,15
14694,29
14695,11
14695,21
14695,22
14696,11
14697,11
14697,16
14697,21
14698,11
14698,15
14698,16
14699,11
14699,15
14700,11
14700,2
14700,26
14701,11
14701,22
14701,19
14702,11
14702,21
14702,24
14703,11
14703,2
14703,32
9591,24
14704,11
14704,22
14705,11
14705,16
14705,24
14706,11
14706,15
14707,11
14707,15
14707,22
14708,11
14708,21
14709,11
14709,2
14709,21
14710,11
14710,10
14710,22
14711,11
14711,2
14711,22
14712,11
14712,21
14713,11
14713,16
14713,21
14714,11
14714,2
14715,11
14715,2
14715,15
14716,11
14716,2
14716,16
14717,11
14718,11
14718,16
14718,21
14719,11
14719,32
14719,24
14720,11
14720,2
14720,21
14721,11
14721,16
14721,21
14722,11
14722,15
14722,16
14723,11
14723,16
14724,11
14725,11
14726,1
14726,11
14726,26
14727,11
14727,22
14728,11
14728,2
14728,21
14729,11
14729,21
14730,11
14730,21
14731,11
14732,11
14732,15
14732,27
14733,11
14733,15
14733,21
14734,11
14734,16
14734,21
14735,11
14736,11
14736,26
14737,11
14737,21
14737,30
14738,11
14738,15
14738,21
8419,29
14739,11
14739,2
14739,16
14740,11
14740,21
14741,11
14741,21
2159,2
14742,11
14742,32
14743,11
14744,11
14745,11
14745,2
14745,16
14746,11
14746,15
14746,21
14747,11
14747,6
14747,21
14748,11
14749,11
14749,24
14750,11
14750,15
2567,21
14751,11
14751,16
14751,21
14752,11
14753,11
14753,21
14753,14
14754,11
14754,21
14754,3
14755,11
14755,21
14756,11
14757,11
14757,15
14757,21
14758,11
14758,21
14758,14
14759,11
14760,11
14760,16
14760,22
14761,11
14761,21
14762,11
14762,16
14762,21
14763,2
14763,11
14764,11
14764,15
14764,31
14765,11
3459,30
14766,11
14766,21
14767,11
14767,2
14768,11
14768,15
14769,11
14769,2
10024,2
10024,15
14770,11
14770,16
14770,21
14771,11
14771,15
14771,16
14772,21
14772,11
14773,11
14773,22
14774,11
14774,21
14774,27
14775,11
14775,22
14776,11
14776,16
14776,26
14777,1
14777,11
14777,2
14778,11
14779,11
14779,2
14780,11
14781,11
14781,21
14782,11
14782,21
14782,24
14783,11
14783,15
14783,32
14784,11
14784,2
14784,26
14785,11
14785,16
14785,22
14786,11
14786,29
14787,11
14787,21
14788,11
14788,15
14789,11
14789,21
14790,1
14790,15
14790,11
14791,11
14791,21
14792,11
14792,16
14792,21
14793,11
14793,22
14794,11
14794,2
14794,15
6205,26
14795,11
14795,15
14795,24
14796,11
14796,31
14797,11
14797,2
14797,21
14798,11
14798,21
14799,11
14799,15
14800,11
14800,2
14800,21
14801,11
14801,22
14802,11
14802,2
14802,21
14803,11
14803,15
14803,16
14804,11
14804,15
14804,31
14805,11
14805,21
14805,31
14806,11
14806,15
14806,31
14807,11
14807,21
14807,24
14808,16
14808,11
14808,22
14809,11
14809,21
14809,30
14810,11
14810,2
14810,21
14811,11
14811,32
14811,31
14812,11
14812,16
14812,21
14813,11
14814,11
14814,21
14815,11
14815,21
14815,22
14816,11
14816,2
14816,21
14817,11
14817,2
14817,10
14818,11
14818,2
14818,15
14819,11
14819,15
14820,11
14820,24
14820,22
14821,11
14821,2
14821,15
14822,11
14822,15
14822,31
14823,11
14823,15
14823,21
14824,11
14824,16
14824,22
2191,22
14825,1
14825,11
14825,15
14826,11
14826,21
14826,7
14827,11
14827,22
14828,11
14828,16
14828,22
14829,11
14830,11
14830,21
14831,11
14831,16
14831,26
14832,11
14832,16
14832,21
14833,11
14833,21
14834,11
14834,21
14834,29
14835,11
14835,31
9350,16
14836,11
14837,11
14837,31
14838,11
14838,21
14839,11
14840,11
14841,11
14841,21
14841,24
14842,11
14842,21
14843,11
14843,21
14844,11
14844,15
14845,11
14845,21
14845,32
14846,11
14846,15
14846,31
14847,1
14847,11
14847,2
14848,11
14848,21
14849,11
14849,21
14850,1
14850,11
14850,21
14851,11
14851,15
14852,11
14852,15
14853,1
14853,11
14854,1
14854,11
14854,26
14855,11
14856,11
14856,2
14856,24
14857,11
14857,16
14857,21
14858,1
14858,11
14858,2
14859,11
14859,2
14859,26
14860,11
14860,15
14860,21
14861,11
14861,21
14862,11
14862,21
14863,1
14863,11
14863,21
14864,11
14864,15
14865,11
14865,15
14866,11
14867,11
14867,2
14867,32
14868,11
14868,21
14869,11
14869,2
14870,11
14870,21
14870,26
14871,11
14871,22
14872,11
14872,16
14872,21
14873,11
14873,2
14873,26
14874,11
14874,2
14874,29
14875,1
14875,11
14875,2
14876,11
14876,21
14877,11
14877,21
14877,32
12435,16
14878,11
14878,15
14878,24
14879,11
14879,21
14880,11
14880,15
14880,16
14881,11
14881,7
14882,11
14882,15
14882,21
14883,11
14883,16
14883,21
14884,11
14884,15
14885,11
14885,2
14885,24
14886,11
14886,21
14887,11
14887,2
14887,21
14888,11
14888,21
14888,24
14889,11
14889,15
14889,27
14890,11
14890,16
14890,21
14891,11
14891,15
14891,21
14892,11
14892,22
14893,11
14893,22
14894,11
14894,21
14895,11
14895,21
14895,22
14896,11
14896,21
14896,27
14897,11
14897,16
14897,21
14898,1
14898,11
14898,2
14899,11
14899,2
14899,24
14900,11
14900,16
14900,21
14901,11
14901,16
14902,11
14902,21
14902,24
14792,30
14903,11
14903,16
14903,21
14904,11
14904,15
14904,16
14905,11
14905,21
14906,11
14907,11
14907,16
14907,22
14908,11
14908,2
14908,15
14909,1
14909,11
14909,15
14910,2
14910,11
14910,10
14911,2
14911,11
14911,32
14912,21
14912,11
14912,16
14913,11
14913,21
14913,24
14914,11
14914,2
14914,15
14915,11
14915,26
14915,22
14916,11
14916,16
14916,22
14917,11
14917,2
14918,11
14918,2
14919,11
14919,3
14920,11
14920,30
14921,1
14921,11
14921,2
14922,11
14922,31
14922,3
14923,1
14923,11
14923,15
14924,11
14925,11
14925,21
14926,11
14926,21
14927,11
14927,21
14928,11
14928,32
14928,2
14929,11
14929,2
14929,21
14930,11
14930,21
14930,24
14931,11
14931,16
14931,21
14932,11
14932,15
14933,11
14933,2
14933,15
14934,11
14934,22
14935,11
14935,16
14936,11
14936,21
14936,31
11043,21
11043,22
14937,11
14937,6
14937,7
14938,11
14938,7
14938,19
14939,11
14940,11
14940,2
14941,11
14941,31
14941,22
14942,11
14943,11
14943,16
14943,21
14944,11
14945,11
14946,11
14946,21
14946,24
14947,11
14947,27
14947,24
14948,11
14948,16
14948,21
14949,11
14949,26
14949,22
14950,11
14951,11
14952,11
14953,11
14953,15
14953,16
14954,11
14954,16
14954,32
14955,11
14955,16
14955,21
14956,11
14956,2
14956,32
14957,11
14957,16
14957,10
14958,11
14958,21
14958,7
14959,11
14959,24
14960,11
14960,21
14960,24
14961,11
14961,16
14961,21
14962,11
14962,21
14962,32
14963,11
14963,2
14963,32
14964,11
14965,11
14965,16
14965,21
14966,11
14966,2
14966,21
14967,11
14968,11
14968,2
14968,19
14969,11
14969,15
14969,32
14970,11
14970,21
14970,24
14971,11
14971,2
14971,26
14972,11
14972,21
14973,11
14973,6
14973,21
14974,11
14975,1
14975,11
14975,26
14976,11
14976,6
14976,7
14977,1
14977,11
14977,2
14978,11
14978,2
14979,11
14979,3
6549,22
6549,10
14980,11
14980,2
14980,15
14981,11
14981,2
14981,15
14982,11
14982,22
14983,11
14983,22
14984,11
14984,22
14985,11
14985,21
14986,11
14986,2
14986,16
14987,11
14988,11
14988,2
14988,29
14989,11
14990,1
14990,11
14990,2
14991,11
14991,16
14991,21
14992,11
14993,11
14993,2
14994,11
14994,16
14994,21
14995,11
14995,21
14996,11
14996,2
14996,16
14997,11
14997,2
14997,16
14998,11
14998,15
14998,31
14999,11
14999,15
14999,16
15000,11
15000,2
15000,24
15001,11
15001,16
15001,21
15002,11
15002,19
15003,11
15004,11
15004,21
15004,31
15005,11
15005,2
15005,21
15006,11
15007,11
15007,2
15007,21
15008,11
15008,2
15008,16
15009,11
15009,21
15009,19
15010,11
15010,15
15010,16
15011,11
15011,16
15012,11
15012,15
15012,29
15013,11
15013,16
15013,21
15014,11
15014,21
15015,11
15016,11
15016,26
15017,11
15017,31
15017,22
15018,11
15018,15
15019,11
15019,16
15019,22
15020,11
15020,31
15020,22
15021,11
15021,2
15021,15
15022,11
15022,15
15022,31
15023,11
15023,16
15023,21
15024,11
15024,16
15024,21
15025,11
15025,21
15026,11
15026,21
15027,11
15027,15
15027,21
15028,11
15028,16
15028,21
15029,11
15029,2
15030,11
15030,21
15030,22
15031,11
15031,16
15031,21
15032,11
15032,2
15032,21
15033,11
15033,22
15034,11
15034,16
15035,11
15035,21
15035,22
15036,11
15037,11
15038,11
15038,21
15038,22
15039,11
15039,32
15039,26
15040,11
15041,11
15041,2
15042,1
15042,11
15042,2
15043,11
15043,15
15043,21
15044,11
15045,11
15045,32
15046,11
15047,11
15048,11
15048,21
15049,11
15050,11
15050,21
15051,11
15051,22
15052,11
15052,16
15052,21
15053,11
15053,21
15053,24
15054,11
15054,21
15055,11
15055,2
15055,26
15056,11
15057,11
15057,16
15057,21
15058,11
15058,21
15059,11
15059,30
15060,11
15060,16
15060,22
15061,11
15061,26
15061,22
15062,11
15062,21
15062,31
15063,11
15063,15
15063,26
15064,11
15064,21
15064,19
15065,11
15065,2
15066,11
15066,31
15066,22
15067,11
15067,21
15067,22
15068,1
15068,11
15068,2
15069,11
15069,16
15069,22
15070,11
15071,11
15071,2
15071,22
15072,11
15073,11
15074,11
15074,15
15075,11
15075,15
15075,32
15076,11
15076,2
15076,16
15077,11
15077,16
15077,21
15078,11
15079,11
15079,16
15079,22
15080,1
15080,11
15080,21
15081,11
15081,2
15081,15
15082,11
15082,15
15082,21
15083,11
15083,15
15083,32
15084,11
15084,2
15084,24
15085,11
15085,32
15085,31
15086,11
15086,2
15086,15
15087,11
15087,32
15088,11
15088,2
15088,32
15089,11
15089,22
6707,21
6707,24
15090,11
15090,21
15090,22
2421,22
15091,11
15091,15
15091,16
15092,11
15092,16
15092,21
15093,11
15093,16
15093,21
15094,11
15094,16
15094,21
15095,11
15095,15
15096,11
15096,15
15096,21
15097,1
15097,11
15097,15
15098,11
15098,15
15099,11
15099,21
15099,14
4886,22
15100,11
15100,21
15100,24
3839,21
15101,11
15101,22
15102,11
15102,15
15103,11
15103,22
15104,11
15104,21
15105,11
15105,21
15105,19
15106,11
15106,2
15106,24
15107,11
15107,16
15107,22
15108,1
15108,11
15108,2
15109,11
15109,21
15110,21
15110,11
15110,16
15111,11
15111,2
15111,15
15112,11
15112,16
15112,21
15113,11
15113,15
15113,21
15114,11
15114,16
15114,21
15115,11
15115,24
15116,11
15116,21
15116,10
15117,11
15117,21
15118,11
15118,31
15118,10
15119,11
15119,14
15119,24
4536,21
4536,22
15120,11
15120,21
15121,11
15121,21
15121,22
15122,11
15122,21
15122,19
15123,11
15123,16
15123,21
15124,11
15124,21
15125,11
15125,2
15125,16
15126,11
15126,21
15126,29
15127,11
15127,21
15128,11
15128,32
15128,26
8764,21
8764,24
15129,11
15129,31
15129,22
15130,11
15130,22
15131,11
15131,15
15131,21
15132,11
15132,16
15132,22
15133,11
15134,11
15134,16
15134,21
15135,11
15135,21
15136,11
6299,16
6299,21
15137,11
15137,16
15137,21
15138,11
15138,16
15138,21
15139,11
15139,21
15139,24
15140,11
15140,24
15141,11
15141,16
15141,21
15142,11
15142,16
15142,22
15143,2
15143,16
15143,11
15144,11
15144,21
15144,22
15145,11
15145,15
15145,21
15146,11
15146,2
15146,7
15147,11
15147,2
15148,11
15148,19
15149,11
15149,16
15149,22
15150,11
15150,2
15150,15
15151,11
15151,2
15151,19
15152,11
15152,15
15153,11
15153,16
15153,21
15154,11
15154,2
15154,15
15155,11
15155,21
15155,7
15156,11
15156,31
15156,22
15157,11
15157,2
15157,21
15158,11
15159,11
15159,16
15159,21
15160,11
15160,16
15161,11
15161,21
15162,11
15162,21
15163,11
15163,16
15163,21
15164,11
15164,16
15164,21
15165,11
15165,24
15165,3
15166,11
15166,21
15167,11
15168,11
15169,11
15169,15
15169,31
15170,11
15170,15
15170,21
15171,11
15171,2
15171,15
15172,11
15172,15
15172,32
15173,11
15174,11
15175,11
15175,2
15175,21
15176,11
15177,11
15177,32
15177,26
12804,7
15178,11
15178,31
15178,22
15179,11
15179,21
15179,24
15180,11
15180,15
10536,22
15181,11
15181,16
15181,21
15182,11
15182,2
9964,22
15183,11
15184,11
15184,16
15184,22
15185,2
15185,29
15185,15
15186,11
15186,21
15187,11
15188,11
15188,16
15188,21
15189,11
15189,22
15190,11
15191,11
15192,11
15192,16
15193,11
15193,21
15193,22
15194,11
15194,21
15194,22
15195,11
15195,21
15196,11
15196,16
15196,21
15197,11
15197,6
15197,16
15198,11
15199,11
15199,15
15199,24
15200,11
15200,22
15201,11
15201,15
15201,21
15202,11
15202,16
15203,11
15203,21
15203,24
15204,11
15204,32
11879,2
11879,16
15205,21
15205,11
15206,11
15206,22
15207,11
15207,21
15208,11
15208,16
15208,21
15209,11
15210,11
15211,11
15212,11
15212,2
15212,32
15213,11
15213,2
15213,32
15214,11
15214,16
15214,22
15215,11
15215,22
15216,11
15216,16
15216,21
10761,2
10761,31
15217,11
15217,22
15218,11
15218,2
15218,29
15219,1
15219,11
15219,2
15220,11
15220,21
15221,11
15221,2
15221,21
15222,11
15222,16
15222,10
15223,11
15223,15
15223,16
15224,11
15224,15
15224,21
15225,11
15225,15
15225,31
15226,11
15226,15
15226,16
15227,11
15227,15
15227,24
15228,11
15228,2
15228,26
15229,11
15229,21
15230,11
15230,21
15230,26
15231,11
15232,11
15232,15
15232,21
15233,11
15234,11
15234,2
15234,21
15235,11
15236,11
15236,16
15236,22
15237,11
15238,11
15238,2
15239,11
15239,15
15239,21
15240,11
7603,16
15241,11
15241,15
15241,3
15242,11
15242,15
15242,16
15243,11
15243,21
15243,24
15244,11
15244,2
15244,19
8787,22
15245,11
15246,11
15246,22
15247,11
15247,21
15247,26
15248,11
15248,2
15248,15
15249,11
15249,15
15249,21
15250,11
15250,24
15251,11
15251,1
15251,26
15252,11
15252,16
15252,21
4604,22
15253,11
15253,15
15254,11
15254,16
15254,21
15255,11
15255,15
15255,16
15256,11
15256,15
15256,16
15257,11
15257,15
15257,32
15258,11
15258,21
15258,7
2879,15
2879,31
15259,31
15259,11
15259,26
15260,11
15260,21
15261,11
15261,2
15261,15
15262,11
15262,15
15262,31
15263,11
15263,22
3387,21
15264,11
15264,2
15264,15
15265,11
15266,11
15266,16
15266,18
15267,11
15268,11
15268,27
15268,24
15269,11
15270,11
15270,21
15271,11
15271,15
15271,16
15272,11
15272,16
15272,21
15273,11
15273,16
15273,22
15274,11
15274,21
15275,11
15275,15
15275,26
15276,11
15276,2
15276,21
15277,11
15277,21
15278,11
15278,2
15278,21
15279,11
15280,11
15280,21
15281,11
15282,11
15282,31
15283,11
15283,21
15283,14
15284,11
15284,21
15284,16
15285,11
15286,11
15286,15
15286,22
15287,11
15287,21
15288,11
15288,21
15289,11
15289,2
15289,29
15290,11
15290,2
15290,10
15291,11
15291,31
15292,11
15292,2
15292,31
15293,11
15293,21
15294,11
15294,2
15294,29
15295,11
15295,21
15296,11
4228,15
15297,11
15297,21
15298,11
15298,21
15299,11
15299,10
15299,22
15300,11
15300,15
15300,16
15301,11
15301,15
15302,11
15302,16
15302,21
15303,21
15303,31
15303,22
15304,11
15304,15
15304,16
15305,11
15305,21
15305,22
15306,11
15306,24
15306,22
15307,11
15307,21
15307,24
15308,11
15308,21
15308,26
15309,11
15309,21
15310,11
15310,10
15310,22
15311,11
15311,16
15311,22
15312,11
15312,15
15312,21
15313,11
15313,16
15313,21
15314,1
15314,11
15314,32
15315,11
15316,11
15316,21
15317,11
15317,21
15318,11
15318,21
15318,27
3750,2
3750,16
15319,11
15319,6
15319,7
15320,11
15320,21
15321,11
15321,15
15321,16
15322,11
15322,21
15323,11
15323,21
15324,11
15324,16
15324,21
15325,11
15325,21
15326,11
15326,2
15326,16
15327,11
15327,16
15327,21
15328,11
15328,21
15328,24
15329,11
15329,21
15329,7
15330,11
15330,15
15330,21
15331,11
15331,2
15331,32
15332,11
15332,21
15333,11
15333,26
15334,11
15334,21
15335,11
15335,2
15335,24
15336,11
15336,21
15337,11
15337,10
15337,24
15338,11
15338,26
15338,22
15339,11
15339,15
15339,16
15340,11
15340,2
15340,15
15341,11
15341,21
15342,11
15342,16
15342,22
15343,11
15343,16
15343,21
15344,11
15344,2
15344,32
15346,11
15346,21
15346,7
15347,11
15348,11
15348,16
15348,22
15349,2
15349,11
15349,22
15350,11
15350,15
15350,21
15351,11
15351,21
15352,11
15352,14
15352,24
15353,11
15353,31
15353,10
15354,11
15354,2
15354,26
15355,11
15356,11
15356,24
15356,3
15357,11
15357,15
15357,32
15358,11
15358,21
15359,11
15359,21
15359,29
15360,11
15360,24
15360,3
15361,11
15361,15
15362,11
15362,32
15363,11
15363,2
15363,16
15364,11
15364,22
15365,11
15366,11
15366,15
15366,24
15367,11
15367,2
15367,7
15368,11
15368,16
15368,22
15369,11
15369,10
15369,26
15370,11
15370,31
15370,10
15371,11
15371,3
15372,11
15372,15
15372,26
15373,2
15373,11
10256,16
15374,1
15374,11
15374,2
15375,11
15375,2
15375,10
15376,11
15376,21
15376,7
15377,11
15377,19
15378,11
15379,11
15379,16
15379,21
15380,11
15381,11
15381,2
15381,26
15382,11
15382,16
15382,21
15383,11
15383,2
15383,31
15384,11
15384,2
15384,32
15385,11
15385,16
15385,21
15386,26
15386,15
15386,11
15387,11
15387,31
15387,10
15388,11
15388,21
15388,26
15389,11
15389,15
15389,21
15390,11
15390,22
15391,11
15391,2
15391,15
15392,11
15392,21
15392,19
15393,11
15393,22
15394,11
15394,21
15394,27
9577,21
15395,11
15396,11
15396,15
15396,16
15397,11
15398,11
15398,2
15398,27
15399,11
15399,22
15400,11
15400,15
15400,24
15401,1
15401,11
15401,15
15402,11
15403,11
15403,22
15403,19
15404,11
15404,16
15404,21
15405,11
15405,16
15406,11
15406,21
15406,7
15407,11
15407,2
15407,21
15408,11
15408,26
15409,11
15410,11
15410,21
15411,11
15412,11
15412,21
15412,7
15413,2
15413,31
15413,11
15414,11
15415,11
15415,22
15416,11
15417,11
15417,15
15417,16
15418,11
15418,21
15418,32
15419,11
15419,21
15419,22
15420,11
15420,16
15420,21
15421,11
15421,2
15421,21
15422,11
15422,21
15422,22
15423,11
15423,2
15423,22
15424,11
15424,15
15425,11
15425,16
15425,21
11830,26
11830,22
15426,11
15426,31
15426,22
15427,11
15427,2
15427,15
15428,11
15428,16
15428,29
15429,11
15429,31
15429,26
15430,11
15430,26
15430,22
2857,26
15431,11
15431,21
15432,11
15432,2
15432,32
15433,11
15433,21
15433,22
15434,1
15434,11
15434,26
15435,11
15435,16
15435,22
15436,11
15437,11
15437,16
15437,21
15438,11
15438,2
15438,24
15439,11
15439,21
15439,22
15440,11
15440,16
15441,11
15441,16
15442,11
15442,16
15442,21
15443,11
15443,2
15443,3
15444,11
3683,21
3683,24
15445,11
15445,2
15445,26
15446,11
15446,15
15446,16
15447,11
15447,21
15447,22
15448,11
15448,15
15448,21
15449,11
15449,21
15449,19
15450,11
15450,2
15450,32
15451,11
15451,2
15452,11
15453,11
15454,11
15454,16
15454,21
15455,11
15455,31
15455,26
15456,11
15456,21
15457,11
15458,11
15458,2
15458,16
15459,11
15459,2
15459,21
15460,11
15460,21
15460,22
15461,11
15461,22
9691,16
9691,21
15462,11
15462,21
15462,29
15463,11
15464,11
15464,2
15464,21
15465,11
15465,21
15465,30
15466,11
15466,2
15466,24
15467,11
15467,26
15468,11
15468,15
15468,21
15469,11
15469,21
15470,11
15470,21
15471,1
15471,11
15471,2
15472,11
15473,11
15473,15
15473,21
15474,11
15475,11
15476,11
15476,16
15476,21
15477,2
15477,19
15477,11
15478,11
15478,16
15478,21
15479,11
15479,2
15480,11
15481,11
15481,15
15481,21
15482,11
15482,6
15482,16
15483,11
15483,22
10702,21
10702,29
15484,11
15484,15
15485,11
15486,11
15486,15
15487,11
15488,11
15488,2
15488,15
15489,11
15489,31
15490,16
15490,22
15490,11
15491,11
15491,21
15492,11
15493,11
15493,2
15493,21
15494,11
15495,11
15495,15
15496,11
15496,16
15496,10
15497,11
15498,11
15498,3
15499,11
15499,21
15500,11
15501,11
15501,21
15501,15
15502,11
15502,2
15503,1
15503,11
15503,2
15504,11
15504,22
15505,11
15505,16
15505,22
15506,11
15506,22
15507,11
15508,11
15508,26
15508,22
15509,11
15509,2
15509,32
15510,11
15511,11
15511,29
15511,24
15512,11
15512,15
15513,11
15513,2
15513,21
15514,11
15514,15
15514,21
15515,11
15515,31
15515,26
15516,11
15516,32
15517,11
15517,31
15517,2
15518,11
15518,15
15518,31
15519,11
15519,21
15520,11
15520,16
15520,21
15521,11
15521,2
15521,15
15522,11
15522,15
15522,21
15523,11
15523,21
15523,14
15524,11
15524,21
15524,22
15525,11
15525,21
15526,11
15526,7
15526,22
15527,11
15528,11
15528,2
15528,29
15529,11
15530,11
15530,2
15530,21
15531,11
15531,7
15532,11
15532,6
15532,16
15533,11
15533,16
15533,21
15534,11
15534,21
15534,24
15535,11
15535,2
15535,32
15536,11
15536,16
15536,22
15537,11
15537,15
15537,21
15538,11
15538,22
15539,11
15539,21
15539,24
15540,11
15540,15
15540,21
15541,11
15541,15
15541,21
15542,11
15542,16
15542,22
12345,21
15543,11
15543,21
15544,11
15545,11
3395,21
15546,1
15546,11
15546,15
15547,11
15547,15
15547,21
15548,26
15548,11
15548,31
15549,11
15550,11
15550,21
15550,7
15551,11
15552,1
15552,11
15552,32
15553,11
15553,2
15553,15
15554,11
15555,11
15555,15
15555,31
15556,11
15556,21
15556,24
15557,11
15557,2
6289,1
15558,11
15558,21
15558,24
15559,11
15559,22
15560,11
15560,16
15560,31
15561,11
15561,26
15562,11
15562,2
15563,11
15563,15
15563,16
15564,11
15564,16
15564,21
15565,11
15566,11
15566,10
15566,22
15567,11
15567,2
15567,3
15568,11
15568,2
15568,26
15569,11
15569,26
15570,11
15571,11
15571,21
15572,11
15572,21
15573,11
15573,16
15573,21
15574,11
15574,21
15575,29
15575,11
15575,2
15576,11
15576,26
15576,22
15577,11
15577,2
15577,21
15578,11
15578,16
15578,22
15579,11
15579,16
15579,21
15580,11
15580,16
15581,11
15581,15
15581,24
15582,11
15582,21
15582,24
15583,21
15583,11
15583,19
15584,11
15584,24
15584,22
15585,11
15585,2
15585,26
15586,11
15587,11
15587,2
15587,21
15588,1
15588,11
15588,21
15589,11
15589,15
12739,2
15590,11
15590,15
15590,16
15591,11
15592,11
15592,15
15592,24
15593,11
15593,16
15593,21
15594,11
15594,16
15594,26
15595,11
15595,15
15596,15
15596,16
15596,21
15597,11
15597,16
15597,21
15598,11
15598,2
2774,15
2774,16
15599,11
15599,2
15599,16
15600,11
15600,16
15600,26
15601,11
15601,15
15601,16
15602,11
15602,21
15603,11
15603,21
15604,11
15604,21
15604,29
10462,19
15605,11
15606,11
15606,15
15607,11
15608,11
15608,21
15609,11
15609,15
15609,16
15610,11
15610,30
15611,11
15611,2
15612,21
15612,11
15612,15
15613,11
15613,16
15613,22
15614,11
15614,16
15614,21
15615,11
15615,2
15615,15
15616,11
15617,11
15617,16
15617,22
15618,11
15618,26
15619,11
15619,22
15620,11
15620,16
15621,11
15621,22
15622,11
15622,2
15622,24
15623,11
15623,21
15624,11
15625,11
15625,16
15626,11
15626,2
15626,27
15627,11
15627,21
15627,22
15628,11
15628,15
15628,21
15629,11
15629,21
15629,14
15630,1
15630,11
15630,26
15631,1
15631,11
15631,26
15632,11
15632,2
11908,21
15633,11
15633,22
15634,11
15634,31
15635,11
15635,16
15635,21
15636,11
15636,16
15637,11
15637,2
15637,16
15638,11
15638,16
15639,11
15639,2
15639,15
15640,11
15640,15
15640,22
15641,11
15641,2
15641,21
12754,21
12754,24
15642,11
15642,21
15643,11
15643,15
15643,21
15644,11
15645,11
15645,15
15645,16
15646,11
15647,11
15647,31
15648,11
15648,16
15648,22
15649,11
15649,16
15649,22
15650,11
15651,11
15651,15
15652,11
15652,15
15653,11
15653,21
15654,11
15655,11
15655,2
15655,16
15656,11
15657,11
15657,21
15658,11
15658,21
15659,11
15659,2
15659,21
11897,22
15660,11
15661,11
15661,2
15662,11
15662,21
15662,10
15663,11
15663,2
15663,16
15664,11
15664,21
15665,11
15665,2
15665,15
15666,11
15667,11
15667,16
15667,21
15668,11
15669,11
15669,16
15669,21
15670,11
15670,15
15671,11
15671,21
15672,11
15672,31
15672,26
15673,11
15673,2
15673,29
15674,11
15674,22
15675,11
15675,15
12764,16
15676,11
15676,16
15676,21
15677,11
15677,15
15677,24
15678,11
15678,19
15679,11
15679,15
15680,11
15680,16
15680,22
15681,11
15682,11
15682,31
15682,22
15683,11
15683,6
15683,16
15684,11
15684,2
15684,16
15685,11
15686,11
15686,2
15686,16
15687,11
15688,11
15689,11
15689,21
15690,11
15690,16
15691,11
15692,11
15692,21
15693,11
15693,22
15694,11
15694,15
15694,21
15695,11
15695,32
15696,11
15696,16
15696,22
15697,21
15697,15
15697,2
15698,11
15698,16
15698,21
15699,11
15699,15
15700,11
15700,2
15701,11
15702,11
15702,15
15703,11
15703,16
15703,21
15704,11
15704,2
15704,29
15705,11
15705,16
15705,21
15706,11
15706,2
15707,11
15707,2
15707,29
15708,11
15709,11
15709,21
15710,11
4514,21
15711,11
15711,15
15711,16
15712,11
15712,2
15712,29
15713,11
15714,11
15714,32
15715,11
15715,31
15715,26
15716,11
15716,32
15716,31
15717,11
15717,21
15718,11
15718,21
15719,11
15719,2
15719,15
12636,15
15720,19
15720,11
15721,11
15721,16
15721,22
15722,3
15722,11
15723,11
15723,10
15723,22
15724,11
15724,2
15724,21
15725,11
15725,21
15726,1
15726,11
15727,11
15727,2
15727,29
15728,11
15728,15
15728,21
3488,22
3488,3
15729,11
15729,2
15729,32
15730,15
15730,32
15730,11
15731,11
15731,22
15732,11
15732,31
15732,22
15733,11
15733,15
15734,1
15734,11
15734,21
15735,11
15735,32
15736,11
15736,21
15736,24
15737,11
15737,21
15737,27
15738,11
15739,11
15739,2
15739,21
15740,11
15740,2
15740,21
15741,11
15741,2
15741,32
15742,11
10087,2
10087,15
15743,11
15743,21
15743,24
15744,11
15745,11
15745,32
15745,31
15746,11
15747,11
15747,2
15747,21
8955,15
8955,24
15748,11
15748,16
15748,22
15749,11
15749,24
15749,22
15750,11
15750,15
15750,32
15751,11
15751,16
15752,16
15752,2
15752,11
15753,11
15754,11
15754,16
15754,21
15755,11
15755,21
15756,1
15756,11
15756,2
15757,11
15757,21
15758,11
15758,21
15759,11
15759,21
15760,11
15760,15
15761,11
15761,21
15762,11
15762,15
15763,11
15763,2
15763,21
15764,11
15764,22
15765,11
15765,15
15765,16
15766,11
15766,21
15767,11
15767,21
15768,31
15768,11
15768,26
15769,11
15769,21
15770,11
15770,15
15770,24
15771,11
15771,2
15771,15
15772,11
15772,21
15772,24
15773,11
15773,2
15773,15
15774,11
15774,15
15775,11
15776,21
15776,11
15776,15
15777,11
15777,21
15777,24
15778,11
15778,31
15778,22
15779,11
15780,11
15780,7
15781,11
15782,11
15783,11
15783,15
15783,31
15784,11
15784,3
15785,11
15785,26
15786,11
15786,21
15786,29
15787,11
15787,22
15788,11
15788,16
15788,21
15789,11
15789,15
15789,24
15790,11
15790,2
15790,10
15791,11
15791,21
15791,24
15792,11
15793,11
15793,2
15793,24
15794,11
15794,2
15794,16
15795,11
15795,2
15795,3
15796,11
15796,16
15796,21
15797,11
15797,22
15798,11
15798,26
15799,11
15799,15
15800,11
15801,11
15802,11
15802,31
15803,11
15804,11
15804,21
15804,26
15805,11
15805,21
15805,22
15806,11
15806,15
15807,11
15807,16
15807,21
15808,11
15808,15
15808,32
15809,1
15809,11
15809,2
15810,11
15810,15
15811,11
15811,2
15811,3
15812,1
15812,11
15812,26
15813,11
15814,22
15814,11
15815,11
15815,26
15816,11
15816,2
15816,21
15817,11
15817,22
15818,11
15818,2
15818,21
15819,11
15819,21
15819,7
15820,11
15820,15
15820,21
15821,11
15821,21
15821,29
15822,1
15822,11
15822,2
15823,11
15823,21
15824,11
15824,3
15825,11
15825,15
15825,29
15826,11
15826,21
15826,24
15827,11
15827,6
15827,16
15828,11
15828,21
15829,11
15829,21
15830,11
15830,21
15830,7
15831,11
15831,21
15832,11
15832,16
15832,21
15833,11
15833,15
15834,11
15835,11
15835,15
15835,26
15836,11
15836,21
15837,11
15837,3
15838,11
15838,22
15839,11
15839,21
15839,7
15840,11
15840,2
15840,16
15841,11
15841,15
15841,21
10509,21
15842,11
15842,21
15842,24
15843,1
15843,11
15843,2
15844,11
15844,2
15844,15
15845,11
15845,16
15845,21
15846,11
15846,19
15847,11
15847,15
15847,31
15848,11
15848,21
15849,1
15849,11
15849,2
15850,11
15851,11
15851,21
15851,22
15852,11
15853,11
15853,22
15854,11
15854,21
15855,11
15855,15
15855,32
15856,21
15856,2
15856,11
11627,16
11627,21
15857,11
15857,16
15858,11
15859,11
15859,2
15859,21
15860,11
15861,11
15861,15
15861,32
15862,11
15862,24
15862,15
15863,11
15864,11
15864,15
15864,32
15865,1
15865,11
15865,15
15866,11
15866,2
15866,22
15867,11
15868,11
15868,16
15868,22
15869,11
15869,22
15870,11
15871,11
15871,32
15872,1
15872,11
15872,2
15873,11
15873,16
15873,21
15874,11
15874,15
15875,11
15875,2
15875,16
15876,11
15876,21
15877,11
15877,22
15878,1
15878,11
15878,2
15879,11
15879,15
15879,16
15880,11
15880,21
15880,22
2230,16
15881,11
15881,22
9124,31
9124,10
15882,11
15882,16
15882,21
15883,21
15883,11
15883,2
15884,11
15885,11
15885,21
15885,10
15886,11
15886,21
15887,11
15887,16
15887,21
15888,11
15888,10
15888,22
15889,11
15889,2
15889,29
15890,11
15890,2
15890,15
15891,11
15891,6
15891,16
15892,11
15892,31
15892,10
15893,11
15893,21
15894,11
15894,15
15894,26
15895,11
15895,21
15896,11
15896,21
15896,22
15897,11
15897,15
15897,32
15898,1
15898,11
15898,2
15899,11
15899,21
15900,11
15900,16
15900,22
15901,11
15901,2
15901,7
15902,11
15902,21
15902,22
15903,11
15903,16
15903,21
15904,11
15904,21
15904,22
15905,11
15905,26
15906,11
15906,21
15907,11
15907,15
15907,21
15908,11
3694,21
15909,11
15910,11
15910,2
15910,26
15911,11
15911,16
15911,22
15912,11
15913,11
15913,22
15914,11
15915,11
15916,11
15917,21
15917,11
15917,16
15918,11
15919,11
15919,19
15920,11
15920,16
15920,24
15921,11
15921,19
15922,11
15922,16
15923,11
15923,22
15924,11
15924,2
15924,22
15925,11
15925,2
15925,21
15926,1
15926,11
15926,15
4040,16
4040,21
15927,11
15927,15
15927,26
15928,11
15928,21
15928,26
15929,11
15929,16
15929,22
15930,11
15930,22
15931,11
15931,21
15931,10
15932,11
15932,2
15932,16
15933,11
15933,16
15933,22
15934,1
15934,11
15934,2
15935,11
15935,2
15935,21
15936,11
15936,2
15936,6
15937,11
15938,11
15938,21
15938,22
15939,11
15939,21
15939,24
15940,11
15941,11
15942,11
15942,21
15942,7
15943,11
15943,2
15943,16
15944,11
15945,11
15945,21
15945,7
15946,11
15946,31
15946,19
15947,11
15947,16
15947,22
15948,11
15948,2
15948,16
15949,11
15949,16
15950,11
15950,2
15950,15
15951,11
15951,2
15951,32
15952,11
15952,16
15953,11
15953,22
15954,11
15954,2
15954,21
15955,11
15955,21
15956,11
15956,22
15957,11
15958,11
15958,2
15958,16
15959,1
15959,11
15959,2
15960,11
15961,11
15961,21
15961,30
15962,11
15962,15
15963,11
15963,2
15963,15
15964,11
15964,21
8456,15
15965,11
15965,15
15965,21
15966,11
15966,15
15966,16
15967,11
15967,24
15968,11
15968,21
15968,19
15969,11
15969,6
15969,21
15970,11
15970,26
15970,22
15971,11
15971,10
15971,26
15972,11
15972,21
15973,11
15973,16
15974,11
15974,2
15974,32
15975,1
15975,11
15975,15
15976,11
15976,15
15976,24
15977,11
15977,2
15977,16
15978,11
15979,11
15979,15
15979,24
15980,1
15980,11
15980,2
15981,11
15981,21
15981,24
15982,11
15982,31
15982,22
15983,11
15984,11
15984,15
15984,21
15985,11
15985,2
15986,11
15987,11
15988,11
15989,11
15989,24
15989,26
15990,11
15990,21
15991,11
15991,6
15991,21
15992,11
15992,21
15992,3
15993,11
15993,16
15993,21
15994,11
15994,15
15994,16
15995,11
15995,21
15995,22
15467,31
15467,10
15996,11
15996,15
15996,24
15997,11
15997,10
15997,26
15998,11
15998,15
15998,16
4248,16
15999,11
15999,22
16000,11
16000,21
16001,11
16001,2
16002,11
16002,21
16002,32
16003,11
16004,11
16004,21
16004,24
16005,11
16006,11
16006,22
16007,11
16007,22
16008,11
16008,16
16008,22
16009,11
16009,16
16010,11
16011,11
16012,11
16012,16
16012,21
16013,1
16013,11
16013,2
16014,11
16014,21
16014,22
16015,11
16015,2
16015,16
16016,11
16016,16
16016,21
16017,11
16017,24
16017,3
16018,11
16018,21
16018,31
16019,11
16020,11
16020,21
16020,14
16021,11
16022,11
16022,22
16023,11
16023,15
16024,11
16024,16
16024,21
16025,11
13447,2
5294,19
16026,11
16026,15
16026,21
16027,11
16028,11
16028,2
16029,11
16030,11
16030,6
16030,21
16031,11
16031,21
16031,3
16032,11
16032,2
16032,15
16033,11
16033,2
16033,21
16034,11
16034,2
16034,21
16035,11
16035,31
16035,19
16036,11
16036,21
16037,11
16037,31
16038,11
16038,21
16038,22
16039,11
16039,15
16039,24
16040,11
16040,22
16041,11
16041,21
16042,1
16042,11
16042,26
16043,11
16043,22
16044,11
15267,21
15267,22
16045,11
16045,16
16045,22
16046,11
16046,22
16047,11
16047,16
16048,11
16048,24
16048,30
16049,11
16050,11
16050,2
16050,21
16051,11
16051,2
16051,15
16052,11
16052,16
16053,11
16053,26
16053,22
16054,11
16054,21
16054,24
16055,11
16055,21
16055,31
16056,11
16056,26
16056,19
16057,11
16057,19
16058,11
16058,21
16058,7
16059,11
16059,2
16059,32
16060,11
16060,16
16060,21
16061,11
16061,16
16061,21
16062,11
16062,26
16062,22
16063,11
16063,2
16063,16
16064,11
16064,21
16065,11
16065,2
16066,11
16067,11
16067,21
16068,11
16068,21
16069,11
16069,21
16069,24
16070,11
16070,26
16070,22
15666,22
16071,11
16071,15
16071,16
16072,11
16072,16
16072,21
16073,11
16073,2
16073,21
16074,11
16075,11
16075,2
16075,16
16076,11
16076,21
16076,22
16077,11
16077,2
16077,6
16078,11
16078,2
16078,15
16079,11
9622,15
9622,24
16080,11
16080,15
16081,11
16081,21
16081,14
16082,11
16082,21
16082,24
16083,26
16083,31
16083,10
16084,11
16085,11
16085,15
16086,11
16086,2
16086,15
16087,11
16087,2
16087,15
16088,11
16088,16
16089,11
16089,16
16089,21
16090,11
16090,15
16090,21
16091,11
16091,16
16091,21
6564,21
16092,11
16093,11
16093,2
16093,15
16094,11
16094,15
16095,11
16095,21
16095,7
16096,11
16097,11
16097,15
16098,11
16098,22
16099,11
16099,21
16099,22
16100,11
16100,15
16100,21
16101,11
16102,11
16102,21
16102,31
16103,11
16104,11
16104,16
16105,11
16106,11
16107,11
16107,15
16108,11
16108,6
16108,21
16109,11
16109,15
16109,21
16110,11
16110,21
16110,22
16111,11
16111,22
16112,11
16112,16
16112,21
16113,11
16113,15
16113,10
16114,11
16114,2
16114,16
16115,11
16115,7
16115,31
16116,11
16117,11
16118,11
16118,16
16118,10
16119,11
16119,2
16119,21
16120,11
16120,16
16120,10
16121,11
16121,15
16121,16
16122,11
16122,3
16122,32
16123,11
16124,11
16124,16
16124,21
16125,11
16125,21
16125,19
16126,11
16126,15
16126,32
16127,11
16127,2
16127,16
16128,11
16128,2
16128,15
16129,11
16129,26
16130,11
16130,16
16130,21
16131,11
16132,1
16132,11
16132,2
16133,11
16133,21
16133,24
16134,11
16134,16
16134,21
16135,11
16135,16
16135,21
16136,11
16136,16
16136,21
16137,11
16137,21
16138,11
16138,21
16138,19
16139,11
16139,16
16139,21
16140,11
16140,21
16141,11
16141,16
16141,22
16142,11
16142,21
16142,22
16143,11
16143,16
16143,21
16144,11
16144,15
16145,11
16145,16
16145,21
16146,11
16146,16
16146,21
16147,11
16148,11
16149,11
16149,22
16150,11
16150,21
16150,24
16151,11
16152,11
16152,32
16152,26
16153,11
16153,21
16153,30
16154,11
16154,2
16154,22
16155,11
16156,11
16156,15
16156,16
16157,11
16157,2
16157,26
16158,11
16158,16
16158,21
16159,11
16159,21
16160,11
16160,21
16160,22
16161,11
16161,16
16161,21
16162,11
16163,11
16164,11
16164,10
16164,22
16165,11
16165,22
16166,11
16166,16
16166,21
16167,11
16167,21
16167,10
5780,2
4852,21
4852,22
16168,11
16169,11
16169,3
16170,11
16170,21
16170,22
16171,11
16172,11
16172,2
16173,11
16173,15
16174,11
16174,16
16174,22
16175,11
16175,31
16175,22
12810,21
16176,11
16176,16
16176,22
16177,1
16177,11
16177,16
16178,11
16178,2
16178,6
16179,11
16179,24
16179,22
16180,11
16180,15
16181,11
16181,15
16181,31
16182,11
16182,2
16182,21
16183,11
16184,11
16184,16
16184,21
16185,11
16185,21
16185,32
16186,11
16186,16
16186,22
16187,11
16187,21
16188,11
16188,15
16189,11
16189,16
16189,21
16190,11
16190,2
16190,15
16191,11
16191,15
16191,21
16192,11
16192,21
16193,11
16193,31
16194,11
16195,11
16196,11
16196,15
16196,21
16197,11
16197,2
16197,15
16198,11
16199,11
16199,16
16199,21
16200,11
16201,11
16201,2
16201,21
16202,11
16202,2
16202,15
16203,11
16203,21
16203,22
16204,11
16204,2
16205,11
16205,15
16205,16
16206,11
16206,16
16206,22
16207,11
16207,21
16208,11
16208,16
16208,22
16209,11
16209,21
16210,11
16210,2
16210,31
16211,11
16211,2
16211,32
16212,11
16213,11
16213,15
16213,21
16214,11
16214,21
16214,24
16215,11
16215,15
16215,29
2487,22
16216,11
16216,21
16216,24
16217,11
16217,7
16217,19
16218,11
16218,15
16218,21
16219,29
16219,15
16219,21
16220,11
16220,15
16220,16
16221,11
16221,2
16221,15
16222,11
16222,22
16223,11
16223,2
16223,15
16224,11
16224,2
16224,15
16225,11
16225,30
16226,11
16226,21
16226,19
16227,11
16227,26
16228,11
16228,16
16228,21
16229,11
16229,21
16230,11
16231,1
16231,11
16231,2
16232,11
16233,11
16233,31
16234,11
16234,29
16234,21
16235,11
16236,11
16236,15
16236,24
16237,11
16237,15
16238,11
16238,21
16239,11
16239,15
16239,21
16240,11
16241,11
16241,16
16241,21
16242,11
16242,15
16242,10
16243,11
16243,15
16243,16
16244,1
16244,11
16244,2
16245,11
16245,2
16245,26
16246,11
16246,16
16247,11
16247,15
16247,16
16248,11
16248,21
16248,10
16249,11
16249,15
16249,16
16250,11
16250,21
16251,11
16251,16
16251,14
16252,11
16252,21
16253,11
16253,31
16254,1
16254,11
16254,2
16255,11
16255,2
16255,21
16256,11
16256,15
16256,32
16257,11
16257,26
16257,19
16258,11
16258,21
16258,22
16259,11
16259,15
16259,16
16260,11
16260,2
16260,32
16261,11
16261,15
16261,21
16262,11
16262,2
16262,10
16263,11
16263,15
16264,11
16264,26
16264,22
16265,11
16266,11
16267,1
16267,11
16267,21
16268,11
16268,16
16268,21
16269,11
16269,21
16270,11
16271,11
16271,2
16271,29
16272,1
16272,11
16272,2
16273,11
16274,11
16274,6
16274,21
16275,11
16275,21
16275,32
16276,11
16276,15
16276,24
16277,11
16277,16
16277,26
16278,11
16278,21
16279,11
16279,15
16280,11
16281,11
16281,31
16281,26
16282,11
16282,6
16283,1
16283,11
16283,2
16284,11
16284,16
16284,21
16285,11
16285,16
16285,22
16286,11
16286,21
16287,11
16287,2
16287,26
16288,11
16288,21
16288,7
16289,11
16289,21
16289,31
16290,11
16290,2
16290,21
16291,11
16291,15
16291,16
16292,11
16292,22
16293,11
16293,2
16293,15
16294,1
16294,11
16294,2
16295,11
16296,11
16297,11
16297,21
16298,11
16298,2
16298,15
16299,11
16299,15
16299,24
16300,11
16300,22
16301,11
16301,26
16302,11
16303,11
16303,21
16303,22
16304,11
16304,21
16305,2
16305,22
16305,11
16306,11
16306,15
16306,32
16307,11
16307,16
16307,21
16308,11
16309,11
16309,15
16310,11
16310,21
16311,11
16311,15
16311,21
16312,11
16313,11
16313,16
16313,21
16314,11
16314,15
16315,11
16315,2
16315,21
16316,11
16316,16
16316,21
16317,11
16317,21
16318,11
16318,21
16318,22
16319,11
16320,11
16320,21
16320,27
16321,11
16321,15
16321,31
16322,11
16322,21
16322,22
16323,11
16323,22
16324,11
16325,11
16326,11
16326,2
16326,16
16327,11
16327,21
16327,19
16328,11
16328,16
16328,21
3374,2
3374,19
16329,11
16329,15
16329,22
16330,11
16330,16
16330,22
16331,11
16331,21
16332,11
16332,7
16333,11
16334,11
16334,16
16335,11
16335,21
16335,24
16336,11
16337,11
16337,16
16338,11
16338,2
16338,15
16339,11
16340,11
16340,16
16340,21
16341,11
16341,15
16341,21
16342,11
16342,2
16342,29
16343,11
16343,16
16343,21
16344,11
16344,21
16344,22
16345,11
16345,21
16346,11
16346,15
16347,11
16348,11
16349,11
16349,26
16349,22
16350,11
16350,16
16350,22
16351,11
16351,2
16351,15
16352,11
16352,21
16352,22
16353,11
16353,15
16353,22
16354,11
16354,16
16354,24
16355,21
16355,2
16355,11
16356,11
16357,11
16357,15
16357,31
16358,11
16358,15
16358,21
11532,16
16359,11
16359,21
16359,7
16360,11
16360,16
16360,21
16361,1
16361,11
16361,26
16362,11
16362,21
16363,11
16363,15
16364,11
16364,2
16364,24
16365,11
16365,19
16366,11
16366,2
16366,16
16367,11
16367,2
16367,24
16368,11
16368,2
16368,15
16369,11
16369,2
16369,21
16370,11
16370,16
16370,21
16371,11
16371,2
16372,11
16372,2
16372,16
16373,11
16373,21
7074,22
16374,1
16374,11
16374,32
16375,11
16376,11
16376,2
16377,11
16378,11
16378,21
16379,11
16379,2
16379,15
16380,11
16380,31
16380,3
16381,11
16381,16
16381,21
1944,16
1944,21
16382,11
16382,22
16383,11
16383,2
16384,1
16384,11
16384,15
16385,11
16385,2
16385,16
16386,11
16386,15
16386,21
16387,11
16387,16
16387,22
16388,11
16388,31
16389,11
16389,21
16389,7
16390,21
16390,11
16390,16
16391,11
16391,2
16392,11
16392,15
16392,16
16393,11
16393,15
16393,26
16394,11
16395,11
16395,2
16395,32
16396,11
16396,7
16396,22
16397,11
16397,2
16397,32
16398,11
16398,21
16399,11
16400,11
16400,21
16400,22
16401,11
16402,11
16403,11
16403,15
16403,14
16404,11
16404,16
16404,21
16405,11
16405,21
16405,22
16406,11
16406,21
16407,11
16408,11
16409,11
16409,2
16409,21
16410,11
16410,16
16410,21
16411,11
16411,16
16412,11
16412,22
16413,11
16413,21
16414,11
16415,11
16415,24
16416,11
16417,11
16417,15
16417,16
16418,11
16418,22
16419,11
16419,16
16419,21
16420,11
16420,15
16421,11
16421,31
16422,11
16422,21
16423,11
16423,2
16423,21
16424,11
16424,16
16425,11
16425,21
16426,11
16426,16
16426,22
16427,11
16427,2
16427,15
16428,11
16428,15
16428,21
16429,11
16429,2
16429,15
10726,16
10726,22
16430,11
16430,21
16431,11
16431,21
16431,19
16432,11
16432,16
16432,21
16433,11
16433,21
16433,14
16434,11
16434,15
16434,10
4004,10
16435,11
16435,21
16435,19
16436,11
16436,21
16437,11
16438,11
16438,22
16439,11
16439,21
16439,22
16440,11
16440,21
16441,11
16441,2
16441,29
16442,11
16443,11
16443,2
16443,21
16444,11
16444,16
16444,21
16445,11
16445,14
16445,24
16446,11
16446,2
16446,21
16447,11
16448,11
16449,11
16449,16
16450,11
16450,15
16450,16
16451,11
16451,15
16451,21
16452,11
16452,21
16452,29
16453,1
16453,11
16453,16
16454,11
16454,16
16455,11
16455,26
16456,11
16456,2
16456,15
16457,11
16457,6
16457,21
16458,11
16459,11
16459,16
16459,22
16460,11
16461,11
16461,19
16462,11
16462,21
16462,24
16463,11
16463,16
16463,21
16464,11
16464,21
16464,24
16465,11
16465,16
16465,21
16466,11
16466,15
16466,16
16467,11
16467,15
16467,31
16468,11
16468,16
16468,21
16469,11
16469,16
16469,21
16470,11
16471,11
16471,2
16472,11
16472,21
16472,29
16473,11
16473,2
16473,21
16474,11
16474,24
16474,21
16475,11
16476,11
16476,16
16476,21
16477,11
16478,11
16478,15
16478,21
16479,11
16479,21
16480,11
16480,21
16480,22
16481,11
11486,16
11486,22
16482,11
16482,2
16482,31
16483,11
16483,31
16483,22
16484,11
16484,26
16484,22
16485,11
16485,22
16486,11
16486,15
16487,11
16487,21
16488,11
16488,21
16489,11
16490,11
16491,11
16491,22
16492,11
16492,15
16492,21
16493,1
16493,11
16493,2
16494,11
16494,15
16494,22
16495,11
16495,15
16495,21
16496,11
16496,2
16496,15
16497,11
16497,22
16498,11
16498,2
16498,29
16499,11
16499,31
16499,26
16500,11
16500,15
16500,26
16501,1
16501,11
16501,15
16502,11
16502,26
16502,22
16503,11
16503,15
16503,24
16504,11
16504,2
16504,14
16505,11
16505,2
16505,21
16506,11
16506,16
16507,11
16507,21
16507,26
16508,11
16508,31
16508,26
16509,11
16509,21
16509,22
16510,11
16510,24
16511,11
16511,2
16511,32
16512,11
16512,21
16513,11
16513,21
16513,24
16514,11
16514,6
16514,7
16515,11
16515,14
16516,11
16516,21
16516,24
16517,11
16517,2
16517,21
16518,11
16518,14
16518,22
16519,11
16519,31
16519,22
16520,11
16520,21
16520,32
16521,11
16521,31
16521,10
16522,11
16522,21
16523,11
16524,21
16524,16
16524,11
11810,21
16525,11
16525,15
16525,21
16526,11
16526,10
16526,22
16527,11
16527,21
11712,21
16528,11
16528,2
16528,19
16529,11
16529,26
16530,11
16530,15
16531,11
16531,32
16531,31
16532,11
16532,16
16532,22
16533,11
16533,2
16533,24
16534,11
16141,2
16141,15
16535,11
16535,2
16535,21
16536,11
16537,11
16537,26
16537,22
16538,11
16538,16
16538,21
16539,11
16539,2
16539,15
16540,11
16540,21
16541,16
16541,11
16541,21
16542,11
16542,2
16542,16
16543,11
16544,11
16544,16
16544,21
16545,11
16545,2
16545,15
16546,11
16546,21
16547,1
16547,11
16547,2
16548,11
16548,21
16548,30
16549,11
16549,15
16549,31
16550,11
16550,26
16551,11
16551,21
16552,11
16552,22
16553,11
16554,11
16554,21
16555,11
16556,11
16556,21
16556,32
16557,11
16557,2
16557,21
16558,11
16558,21
16558,24
16559,11
16560,11
16560,6
16560,16
16561,11
16561,31
16562,11
16563,11
16563,15
16563,21
16564,11
16564,6
16564,21
16565,11
16566,11
16566,21
16567,11
16567,22
16568,1
16568,11
16568,26
16569,11
16569,16
16570,11
16571,11
16571,21
16571,32
16572,11
16572,22
16573,11
16573,22
16574,11
16574,15
16575,11
16575,21
16575,3
16576,11
16576,16
16576,21
16577,11
16578,11
16578,22
16579,11
16580,11
16580,32
16581,11
16581,29
16581,22
16582,11
16583,11
16583,2
16583,32
16584,11
16584,32
16584,31
16585,11
16585,21
16586,11
16586,22
16587,11
16588,11
16588,21
16588,10
16589,11
16589,21
16589,22
16590,11
16591,11
16592,11
16593,11
16593,21
16593,19
16594,11
16594,2
16594,21
16595,11
16595,21
16595,24
16596,11
16596,21
16596,30
16597,11
16598,11
16598,2
16598,16
16599,11
16599,16
16599,21
16600,11
16600,24
16601,11
16601,2
16601,10
16602,11
16602,21
16603,11
16604,11
16604,15
16605,11
16605,22
16606,11
16606,2
16606,32
16607,11
16607,26
16608,11
16608,2
16608,21
16609,11
16610,11
16610,21
16610,30
16611,11
16611,2
16611,21
16612,11
16612,2
16613,11
16613,16
16614,1
16614,11
16614,21
16615,11
16615,15
16615,24
16616,11
16616,15
16616,21
16617,11
16617,21
16617,22
16618,11
16619,11
16619,2
16619,15
16620,11
16620,15
16621,11
16621,32
16622,11
16622,15
16622,3
16623,11
16623,16
16624,11
16624,15
16625,11
16625,2
16626,11
16626,22
16627,11
16627,16
16627,21
16628,11
16628,16
16628,31
16629,11
16629,21
16629,7
16630,11
16630,16
16630,21
16631,11
16631,15
16632,11
16632,16
16632,21
16633,11
16634,11
16634,2
16634,16
16635,11
16635,15
16635,24
16636,11
16637,11
16637,22
16638,11
16638,21
16639,11
16639,2
16639,21
16640,11
16640,16
16640,24
16641,11
16642,11
16642,16
16642,21
16643,11
16643,2
16643,29
16644,11
16645,11
16645,26
16645,22
3318,22
8062,16
8062,21
16646,11
16646,21
16646,32
16647,11
16647,2
16647,16
16648,11
16648,2
16648,22
16649,11
16649,16
16649,21
16650,11
16650,19
2772,32
16651,11
16651,32
16651,31
16652,11
16652,21
16652,7
16653,11
16653,2
16654,11
16655,11
16655,2
16655,24
16656,11
16656,22
16657,11
16657,21
16657,29
16658,11
16659,11
16659,15
16659,21
16660,11
16661,11
16661,21
16662,11
16662,16
16662,21
16663,11
16663,15
16663,16
16664,1
16664,11
16664,2
16665,11
16665,16
16665,21
16666,11
16666,2
16666,27
16667,11
16668,1
16668,11
16668,2
16669,11
16669,16
16669,21
16670,11
16671,11
16671,22
16672,11
16672,2
16672,16
16673,21
16673,11
16673,16
16674,11
16674,24
16675,11
16675,22
16676,11
16676,2
16676,21
16677,11
16677,26
16678,11
16678,21
16678,29
16679,11
16680,11
16680,2
16680,16
16681,11
16681,22
5541,16
16682,11
16683,11
13107,2
16684,11
16684,21
16684,32
16685,11
16685,2
16685,15
16686,11
16686,2
16687,11
16687,2
16687,10
16688,11
16689,11
16689,32
16689,26
16690,11
16691,11
16692,11
16692,16
16692,21
16693,11
16693,21
16693,19
16694,11
16694,16
16694,21
16695,11
16696,11
16696,2
16696,31
16697,11
16697,16
16697,22
16698,11
16698,21
16699,11
16699,16
16700,11
16700,24
16700,3
16701,11
16701,26
16701,22
16702,15
16702,11
16703,11
16703,31
16703,24
16704,11
16704,15
16704,21
16705,11
16705,16
16705,21
16706,11
16706,15
16706,31
16707,1
16707,11
16707,32
16708,11
16708,31
16709,11
16709,15
16710,11
16710,2
16710,32
16711,11
16712,11
16712,2
16713,11
3729,21
16714,11
16715,11
16715,15
16715,21
16716,11
14438,22
16717,11
16717,16
16718,11
16719,11
16720,11
16720,2
16720,21
16721,11
16721,21
16721,24
16722,11
16723,11
16723,16
16723,21
16724,11
16725,11
16725,2
16725,21
16726,11
16726,19
16727,11
10139,24
16728,11
16728,16
16728,21
16729,11
16729,16
16730,11
16730,2
16730,16
16731,11
16731,15
16731,32
16732,11
16732,16
16732,21
16733,11
16733,21
16733,22
16734,11
16734,2
16734,15
16735,11
16735,16
16735,22
16736,11
16736,16
16736,21
16737,11
16738,11
16738,15
16739,11
16739,2
16739,19
16740,11
16740,21
16740,22
16741,1
16741,11
16741,2
16742,1
16742,11
16742,2
16743,11
16744,11
16744,21
16744,29
16745,11
16745,2
16745,29
14668,15
14668,21
16746,11
16747,11
16747,2
16747,22
16748,11
16748,15
16748,21
2180,2
16749,11
16749,21
16749,19
16750,11
16750,16
16750,22
16751,11
16751,31
16752,11
16752,15
16752,21
16753,11
16753,16
16753,21
3378,21
16754,11
16754,16
16754,21
16755,11
16755,22
16756,11
16757,11
16757,6
16757,16
16758,11
16758,15
16759,11
16759,2
16759,26
16760,11
16760,15
16760,16
16761,11
16761,27
16762,11
16762,15
16762,24
16763,11
16763,15
16763,31
16764,11
16765,11
16765,21
16766,11
16766,21
16767,11
16768,11
16768,15
16768,16
16769,11
16769,16
16769,10
16770,11
16770,16
16771,11
16771,6
16771,16
16772,11
16772,16
16772,21
16773,11
16773,15
16774,11
16774,16
16775,11
16775,21
16776,11
16776,16
16776,21
16777,11
16777,2
16777,21
16778,11
16778,24
16778,22
16779,11
16779,24
16779,22
16780,11
16780,21
16780,22
16781,11
16782,11
16783,11
16784,11
16784,16
16784,22
16785,11
16786,11
16787,11
16787,10
16788,1
16788,11
16788,31
16789,11
16790,11
16790,16
16790,22
16791,11
16791,16
16791,21
16792,11
16792,21
16792,22
16793,11
16794,11
16794,16
16794,22
2500,1
2500,15
16795,11
16796,11
16797,11
16798,11
16799,11
16799,15
16800,11
16800,2
16800,19
16801,11
16801,16
16801,24
16802,11
16802,2
16802,26
16803,11
16803,2
16803,21
16804,11
16804,22
16805,11
16805,16
16805,21
16806,11
16806,21
16807,11
16807,21
16808,11
16808,2
16808,32
16809,11
16809,16
16810,11
16811,11
16811,15
16811,21
16812,11
16812,15
16812,32
16813,11
16813,21
16814,11
16814,16
16814,26
16815,11
16815,16
16815,10
16816,11
16816,22
16817,11
16817,21
16818,11
16818,15
16818,21
16819,11
16819,2
16819,16
16820,11
16820,21
16820,24
16821,11
16822,11
16822,2
16822,16
16823,11
16823,16
16823,21
16824,1
16824,11
16824,2
16825,11
16825,2
16825,16
16826,11
16826,21
16827,11
16827,15
16827,21
16828,11
16828,2
16828,21
16829,11
16829,16
16829,22
16830,11
16830,21
16831,11
16832,1
16832,11
16832,2
16833,11
16833,16
16833,21
16834,11
16835,11
16835,22
16836,11
16836,15
16836,21
16837,11
16837,16
16837,21
16838,11
16838,21
16838,19
16839,11
16839,26
16839,22
16840,11
16841,11
16842,11
16842,15
16842,22
16843,11
16844,11
16844,16
16845,11
16846,11
16847,11
16847,14
16847,24
16848,11
16848,2
16848,15
16849,11
16850,11
16850,16
16850,22
16851,11
16851,21
16852,11
16852,15
16853,11
16853,22
16854,11
16854,21
16854,30
16855,11
16856,11
16856,2
16856,16
16857,11
16857,24
16858,11
16858,26
16859,11
16859,21
16860,11
16860,16
16860,21
16861,11
16861,16
16861,21
16862,11
16862,22
16863,11
16863,16
16863,21
16864,11
16864,22
16865,11
16865,21
16866,11
16866,15
16866,16
16867,21
16867,11
16868,15
16868,11
16868,22
16869,11
16869,21
16870,11
16870,22
16871,11
16871,26
16872,11
16872,32
16873,11
16873,15
16873,21
16874,11
16874,15
16875,11
16875,21
16876,1
16876,11
16876,2
16877,11
16877,15
16877,24
16878,11
16878,21
16878,22
16879,11
16880,11
16880,16
16880,21
4781,15
16881,21
16881,10
16881,11
16882,11
16882,21
16882,24
16883,11
16883,32
16883,31
16884,1
16884,11
16885,11
6726,26
16886,11
16886,15
16886,31
16887,11
16887,21
16887,22
16888,11
16888,22
16889,11
16889,31
16889,21
16890,11
16890,21
16890,30
16891,11
16891,15
16892,11
16892,15
16893,11
16893,21
4699,2
16894,11
16894,21
16895,11
16895,16
16895,21
16896,11
16897,11
16898,11
16898,21
16898,7
16899,11
16899,2
16900,11
16900,21
16900,32
16901,11
16901,15
16901,21
16902,11
16902,16
16902,21
16903,2
16903,22
16903,11
16904,11
16905,11
16906,11
16906,31
16907,11
16907,16
16907,21
16908,11
16908,16
16908,21
16909,11
16909,21
16909,32
16910,11
16910,16
16910,21
16911,11
16911,21
16911,29
16912,11
16913,1
16913,11
16913,32
16914,11
16914,31
16915,11
16915,21
16915,3
16916,11
16916,16
16916,21
16917,11
16917,21
16917,22
10935,22
16918,11
16918,16
16918,22
16919,11
16920,11
16920,2
16921,11
16921,16
16921,26
16922,11
16922,21
16922,7
16923,11
16923,16
16923,21
16924,11
16924,31
16924,22
16925,11
16925,7
16926,11
16926,15
16927,11
16927,2
16927,15
16928,11
16928,21
16929,11
16929,2
16930,11
16930,22
16930,26
16931,11
16931,15
16932,11
16932,24
16933,11
16933,22
16934,11
16935,11
16935,21
16935,24
16936,11
16936,21
16936,24
16937,11
16938,11
16938,16
16938,22
16939,11
16940,11
16940,19
16941,11
16941,19
16942,11
16943,11
16943,21
16944,11
16944,15
16944,14
16945,11
16945,15
16945,16
16946,11
16946,15
16946,21
16947,11
16947,22
16948,11
16948,16
16948,21
16949,11
16949,2
16949,21
16950,11
16950,16
16950,21
16951,11
16951,16
16951,21
16952,11
16952,2
16952,21
16953,11
16953,6
16953,7
16954,11
16955,11
16955,16
16955,21
16956,11
16957,11
16957,31
16957,10
16958,1
16958,11
16958,21
16959,11
16959,21
16959,24
16960,11
16961,11
16962,11
16962,15
16963,11
16963,26
16964,11
16964,16
16964,22
16965,11
16965,2
16965,21
16966,11
16966,16
16966,21
16967,11
16967,21
16968,11
16968,2
16968,21
16969,11
16970,11
16970,15
16970,21
16971,1
16971,11
16971,32
16972,11
16972,7
16973,11
16974,11
16974,2
16974,21
16975,11
16975,15
16975,21
16976,11
16977,11
16977,2
16977,15
16978,11
16978,15
16979,11
16980,11
16980,21
16981,11
16981,16
16981,10
16982,11
16982,22
16983,1
16983,11
16983,26
16984,11
16985,11
16985,2
16985,15
16986,11
16986,31
16986,22
16987,11
16988,11
16988,15
16989,11
16989,31
16989,26
16990,11
16990,2
16990,21
16991,11
16992,11
16992,21
16993,11
16993,16
16993,21
16994,11
16994,21
16995,11
16995,21
16996,11
16996,6
16996,21
16997,11
16997,16
16997,21
7361,21
7361,29
16998,11
16999,11
16999,19
17000,11
17000,16
17000,21
17001,1
17001,11
17001,15
17002,11
17002,22
17003,11
17004,11
17005,11
17006,11
17006,15
17007,11
17007,22
17008,11
17008,32
17009,11
11022,3
17010,11
17011,11
17012,11
17012,16
17012,21
17013,11
17013,22
17014,11
17014,15
17014,21
17015,11
17015,21
17016,11
17016,16
17016,10
11363,16
17017,11
17017,2
17017,16
17018,11
17019,11
17019,21
17019,22
17020,11
17020,15
17020,16
17021,11
17021,16
17021,21
17022,1
17022,11
17022,2
17023,11
17023,21
17024,11
17024,15
14670,15
17025,11
17025,21
17026,11
17027,11
17027,2
17027,16
17028,11
17028,16
17028,21
17029,11
17029,15
17029,21
17030,11
17030,21
17030,22
7088,10
17031,11
17031,2
17031,7
17032,11
17032,15
17032,21
5942,22
17033,11
17033,2
17033,21
17034,11
17035,11
17035,15
17035,16
17036,11
17037,11
17037,2
17037,15
17038,11
17038,10
17038,22
17039,11
17039,2
17039,26
17040,11
17040,2
17040,32
17041,11
17041,16
17041,24
17042,11
17042,21
17042,27
17043,11
17043,16
17043,21
17044,11
17044,16
17044,21
17045,11
17045,2
17045,29
17046,31
17046,10
17046,11
17047,11
17048,11
17048,2
17048,24
17049,11
17049,15
17049,16
17050,1
17050,11
17050,2
17051,11
17051,16
17052,11
17053,11
17053,26
17053,22
17054,11
17054,21
17054,22
17055,11
17055,16
17055,21
17056,11
17056,15
17057,11
17057,15
17057,24
17058,22
17058,11
17059,11
17059,21
17059,3
17060,11
17060,21
17060,7
17061,11
17061,21
17061,7
17062,11
17062,2
17063,11
17063,21
17063,22
12925,26
17064,11
17064,2
17064,21
17065,1
17065,11
17065,21
17066,11
17066,16
17066,21
17067,11
17067,26
17067,22
17068,11
17068,15
17069,11
17069,16
17069,21
17070,11
17070,21
17071,11
17071,21
17071,7
17072,11
17072,15
17073,11
17073,16
17073,21
17074,11
17074,2
17074,15
17075,11
17075,32
17075,26
17076,11
17076,15
17077,21
17077,15
17077,11
17078,11
17078,21
17079,11
17079,2
17079,21
17080,11
17080,21
17081,11
17082,1
17082,11
17082,2
17083,11
17083,2
17083,21
17084,11
17084,32
17084,26
17085,11
17085,2
17085,21
17086,11
17086,2
17086,21
17087,11
17088,11
17088,16
17088,21
17089,11
17089,15
17089,10
2997,31
2997,22
17090,11
17090,15
17091,11
17091,2
17091,21
17092,11
17092,16
17092,21
17093,11
17093,21
17093,19
17094,11
17094,2
17095,11
17095,16
17095,21
17096,11
17097,11
17097,16
17098,11
17098,21
17098,26
17099,11
17099,2
17100,11
17100,21
17101,11
17101,15
17101,24
17102,11
17102,16
17102,21
17103,11
17103,21
17103,24
17104,11
17104,2
17104,19
17105,11
17105,21
17106,11
17106,15
17106,32
17107,11
17108,11
17108,22
17109,11
17109,21
17109,22
17110,11
17110,2
17110,21
17111,11
17111,26
17112,11
17112,21
17112,19
17113,11
17113,21
17114,11
13000,16
13000,18
17115,11
17116,11
17116,21
17117,11
17117,26
17117,22
17118,11
17118,10
17118,22
17119,11
17119,21
17120,11
17121,11
17121,2
17121,16
17122,11
17122,2
17122,16
17123,11
17123,2
17123,21
17124,11
17124,15
17124,24
17125,11
17125,2
17125,21
17126,11
17126,22
17127,11
17127,15
17127,21
17128,11
17129,11
17130,11
17130,15
17130,21
17131,11
17132,11
17132,16
17132,21
17133,11
17133,15
17134,11
17134,6
17134,21
1533,32
17135,11
17136,11
17136,22
17137,11
17137,16
17138,11
17139,11
17139,2
17139,32
17140,1
17140,11
17140,2
17141,11
17141,15
17142,11
17142,21
17143,11
17143,31
17143,22
17144,11
17144,16
17144,22
17145,11
17146,11
17146,21
17147,11
17147,16
17147,21
17148,11
17148,16
17148,21
17149,11
17150,11
17150,32
17150,26
17151,11
17152,11
17153,11
17153,21
17154,11
17154,22
17155,11
17155,15
17156,11
17156,2
17156,15
17157,11
17157,16
17157,21
17158,11
17158,2
17158,21
17159,11
17160,11
17160,21
2850,21
17161,11
17161,21
17162,11
17162,15
17163,11
17164,11
17164,31
17164,26
17165,11
17165,26
17166,11
17166,32
17166,26
17167,11
17167,16
17167,21
17168,11
17168,15
17168,21
17169,11
17169,2
17169,16
17170,1
17170,11
17170,2
17171,11
17171,16
17171,21
17172,11
17172,21
17173,11
17173,2
17173,21
17174,11
17174,16
17175,11
17175,21
17175,24
17176,11
17177,11
17177,16
17177,22
17178,11
17178,21
17178,24
17179,11
17179,24
17180,11
17180,21
17180,22
17181,11
17181,31
17181,10
17182,11
17183,11
17183,2
17183,19
17184,11
17184,15
17184,24
17185,1
17185,11
17185,15
17186,11
17186,2
17186,16
17187,11
17187,2
17187,15
17188,11
10483,24
10483,22
17189,11
17189,15
17190,21
17190,15
17190,11
17191,11
17192,11
17192,22
17192,19
17193,11
17193,21
17194,11
17194,2
17195,11
17195,30
17196,11
17196,2
17196,32
17197,11
17197,15
17197,24
17198,11
17198,30
17199,11
17199,21
17199,32
17200,11
17200,22
17201,11
17201,31
17202,11
17202,22
17203,11
17204,11
17204,21
10405,16
17205,11
17206,11
17206,2
17207,11
17207,21
17207,19
17208,11
17208,21
17208,10
17209,11
17209,22
17210,11
17210,24
17210,30
17211,11
17211,2
17211,21
17212,11
17213,11
17213,16
17213,21
17214,11
17215,11
17216,11
17217,11
17217,26
17218,11
17218,22
17219,11
17219,21
17219,24
17220,11
17220,16
17221,11
17221,21
17222,11
17223,11
17223,2
17223,15
17224,19
17224,11
17225,11
17225,2
17225,21
17226,11
17227,11
17227,2
17227,22
17228,11
17229,11
17229,21
17230,11
17230,22
17231,21
17231,11
17232,11
17232,2
17232,22
17233,11
17233,16
17233,21
17234,11
17234,15
5385,16
5385,21
17235,11
17235,15
17236,11
17237,11
17238,11
17238,22
17239,11
17239,15
17239,16
17240,11
17241,11
17241,16
17241,22
17242,11
17242,2
17242,15
17243,11
17243,21
17243,19
17244,11
17244,21
17244,22
17245,11
17246,11
17246,21
17246,3
17247,11
17247,21
17248,11
17248,15
17248,31
17249,11
17249,16
17249,22
17250,15
17250,11
17250,21
17251,11
17251,21
17252,11
17252,15
17253,11
17253,26
17254,11
17254,21
17255,11
17255,22
17256,11
17256,31
17256,22
17257,11
17257,16
17258,11
17258,32
17259,11
17259,15
17259,16
17260,11
17260,15
17261,11
17262,11
17262,15
17262,21
17263,11
17263,16
17263,21
17264,11
17264,22
17265,11
17265,2
17266,15
17266,11
17267,11
17267,21
17268,11
17269,11
17269,21
17269,24
17270,11
17270,2
17270,3
17271,11
17271,16
17271,21
17272,11
17272,2
17273,11
17273,16
17273,22
17274,11
17274,32
17275,11
17276,11
17276,21
17276,31
17277,1
17277,11
17277,32
17278,11
17279,11
17279,21
17280,11
17280,21
17281,11
17281,16
17281,21
17282,11
17282,21
17282,29
17283,11
17283,22
17284,1
17284,11
17284,29
17285,11
17285,32
17285,26
17286,11
17286,16
17286,22
17287,11
17287,16
17287,21
17288,11
17288,2
17289,11
17290,11
17290,21
17291,11
17291,21
17291,14
17292,11
17292,26
17292,22
17293,1
17293,11
17293,15
17294,11
17294,32
17295,11
17295,21
17296,11
17296,2
17296,21
4893,22
17297,11
17297,2
17297,16
17298,11
17298,21
17298,7
17299,11
17299,16
17300,11
17300,21
17300,22
17301,11
17301,2
17301,6
17302,11
17302,16
17302,21
17303,11
17303,15
17303,16
17304,11
17305,11
17305,16
17305,21
17306,11
17306,2
17306,21
17307,11
17307,21
17307,24
17308,11
17308,2
17308,21
10862,16
17309,11
17309,15
17310,11
17310,21
17310,22
17311,11
17312,11
17312,2
17312,21
17313,11
17313,21
17314,11
17314,26
17315,11
17315,26
17316,11
17316,2
17316,32
17317,11
17317,16
17318,11
17318,15
17318,16
17319,11
17319,15
17319,21
17320,11
17320,2
17320,15
17321,11
17321,21
17322,11
17322,22
17323,11
17323,22
17324,11
17324,22
17325,11
17325,22
17326,11
17327,11
17327,31
17327,19
17328,11
17328,27
17328,24
17329,11
17329,2
17329,21
17330,16
17330,21
17330,22
17331,11
17332,11
17332,32
17332,26
17333,11
17333,16
17333,21
17334,11
17334,2
17334,15
17335,21
17335,11
17336,11
17336,2
17336,7
17337,11
17338,11
17338,21
17339,11
17339,21
17340,11
17341,11
17341,15
17341,21
17342,11
17343,11
17344,11
17344,16
17344,21
17345,11
17345,15
17345,16
14194,2
14194,21
17346,11
17346,21
17347,11
17347,21
17347,32
17348,11
17348,15
17348,24
17349,11
17349,2
17349,21
17350,11
17350,16
17350,22
17351,11
17351,2
17351,21
17352,11
5380,32
17353,11
17354,11
17354,21
17354,24
17355,11
17356,11
17356,16
17357,11
17357,21
17358,11
17358,16
17358,21
17359,11
17359,21
17360,11
17360,21
17361,11
17361,16
17361,21
17362,32
17362,2
17362,11
17363,11
17363,2
17363,21
17364,11
17364,15
17364,32
17365,11
17365,2
17365,15
17366,1
17366,11
17366,26
17367,11
17367,22
4479,21
17368,11
17368,21
17369,11
17369,31
17370,11
17370,2
17370,21
3930,21
17371,11
17371,15
17371,16
17372,11
17372,2
17372,32
17373,11
17374,11
17374,22
17375,1
17375,11
17376,11
17376,16
17376,22
17377,11
17377,16
17377,21
17378,11
17378,15
17378,21
17379,11
17380,11
17381,11
17382,11
17382,2
17382,22
17383,11
17384,11
17384,16
17384,21
17385,11
17385,22
17386,11
17387,11
17388,11
17389,11
17390,11
17390,21
17390,19
17391,11
17391,2
17391,15
17392,11
17393,11
17393,21
17394,11
17394,16
17394,21
8624,2
8624,7
17395,11
17395,16
17395,21
17396,11
17396,2
17396,15
17397,11
17397,15
17397,10
17398,11
17398,21
17398,22
17399,11
17400,11
17401,11
17401,6
17401,16
17402,11
17402,26
17403,11
17403,21
17404,11
17404,31
17405,11
17406,11
17406,26
17407,11
17408,11
17408,21
17409,11
17410,11
17410,2
17410,32
17411,11
17411,15
17411,16
17412,11
14922,22
17413,11
17413,21
17414,11
17414,15
17414,16
17415,11
17415,21
8615,32
17416,11
17416,16
17416,21
17417,11
17418,11
17418,32
17418,24
17419,11
5635,16
17420,11
17420,15
17420,21
17421,11
17421,16
17421,21
17422,11
17422,2
17422,15
17423,11
17423,6
17423,21
17424,11
17424,15
17425,11
17425,15
17426,11
17426,21
17426,22
17427,11
17427,2
17427,22
17428,11
17428,21
17429,11
17429,22
17430,11
17431,11
17431,16
17431,21
17432,1
17432,11
17432,2
17433,11
17434,11
17434,15
17434,30
17435,11
17435,16
17436,11
17436,15
17437,11
17437,16
17437,21
17438,11
17438,21
17438,29
17439,1
17439,11
17439,15
17440,11
17440,15
17440,24
17441,11
17441,24
17441,22
2437,19
17442,11
17443,11
17443,16
17443,21
17444,1
17444,11
17444,15
17445,11
17445,15
17445,21
17446,11
17446,2
17446,21
17447,11
17447,2
17447,15
17448,11
17448,15
17449,11
17449,10
17450,11
17450,2
17450,21
17451,11
17451,15
17451,16
17452,11
17452,2
17452,32
17453,11
17454,11
17454,16
17454,21
17455,11
17455,31
17456,11
17457,11
17457,15
17457,14
17458,11
17458,21
17458,31
17459,11
17459,22
17460,11
17460,16
17460,21
17461,11
17461,21
17461,24
17462,11
17462,2
17462,15
17463,11
17464,11
17464,21
17464,22
17465,11
17465,2
17465,19
17466,11
17466,21
17467,11
17467,21
17468,21
17468,11
17469,11
17469,31
17469,10
17470,11
17470,15
17471,11
17471,2
17471,26
17472,11
17472,15
17472,21
17473,11
17474,11
17474,21
17475,11
17475,21
17476,11
17476,2
17476,32
17477,11
17477,21
17477,22
17478,11
17478,16
17478,21
17479,11
17479,16
17479,21
17480,11
5676,22
17481,11
17481,2
17481,15
17482,11
17482,15
17482,16
17483,11
17483,21
17484,1
17484,11
17484,26
17485,11
17485,2
17485,32
17486,11
17486,16
17487,11
17487,32
17487,24
17488,11
17488,21
17489,11
17489,15
17489,16
17490,15
17490,21
17490,11
17368,16
17368,24
17491,11
17492,11
17493,11
17493,2
17493,19
17494,11
17494,21
17494,24
17495,11
17495,26
17496,11
17497,11
17497,21
17497,24
17498,11
17498,16
17498,22
17499,11
17500,11
17500,21
17501,11
17502,11
17502,21
17502,30
17503,11
17503,2
17503,15
17504,11
17504,21
17504,24
12005,15
17505,11
17505,21
17505,24
17506,11
17507,11
17507,15
17507,31
17508,11
17508,16
17509,11
17509,16
17509,21
17510,11
17510,21
17511,11
17511,21
17512,11
17512,21
17513,11
17513,26
17514,11
17514,6
17514,21
17515,11
17515,15
17515,31
17516,11
17516,16
17517,11
17517,16
17517,22
17518,11
17518,24
17519,11
17519,2
17519,21
17520,11
17521,11
17521,2
17521,21
17522,11
17522,21
17523,11
17524,11
17524,16
17525,11
17525,21
17525,22
17526,11
17526,2
17526,22
17527,11
17527,31
17527,22
17528,11
17528,29
17529,11
17529,15
17529,16
17530,11
17530,2
17530,31
17531,11
17532,11
17532,15
7395,24
17533,11
17533,15
17533,16
17534,11
17534,16
17534,21
17535,11
17535,15
17535,21
17536,1
17536,11
17536,21
17537,11
17537,21
17538,11
17539,11
17539,21
17540,11
17541,11
17542,11
17543,11
17543,22
17544,11
17544,16
17544,21
17545,11
17545,16
17545,22
17546,11
17546,21
17547,11
17547,2
17547,21
17548,11
17548,32
17548,31
17549,11
17549,26
17550,11
17550,21
17550,22
17551,11
17551,16
17551,22
17552,11
17552,21
17553,11
17553,16
17553,22
17554,11
17554,16
17555,11
17555,7
17555,22
17556,11
17557,11
17557,21
17557,24
17558,11
17559,11
17559,16
17559,21
17560,11
17560,15
17561,11
17561,10
17561,26
17562,11
17562,15
17563,11
17563,15
17564,11
17564,22
17565,11
17565,31
17565,22
17566,11
17566,21
17566,10
17567,11
17567,16
17567,21
17568,11
17568,2
17568,21
17569,11
17569,2
17569,21
17570,11
17570,21
17570,22
17571,11
17571,15
17571,24
17572,11
17572,26
17572,22
17573,11
17573,15
17573,16
17574,11
17574,2
17575,11
17575,15
17576,11
17576,2
17576,16
17577,11
17577,21
17578,11
17579,1
17579,11
17579,15
17580,11
17580,16
17580,21
17581,11
17581,16
17581,21
17582,11
17582,2
17582,21
17583,1
17583,11
17583,2
17584,11
17585,11
17586,11
17586,15
17586,16
17587,11
17587,16
17587,21
17588,11
17588,2
17589,11
17589,24
17590,1
17590,11
17590,21
17591,11
17591,6
17592,11
17593,11
17593,21
17594,11
17594,29
17595,11
17595,21
17595,32
17596,11
17596,21
17597,11
17597,22
17598,11
17598,31
17599,11
17600,11
17600,15
17600,16
17601,11
17601,21
17601,30
17602,11
17602,16
17602,21
17603,11
17603,26
17604,11
17604,21
17604,22
17605,11
17605,2
17605,15
17606,11
17606,31
17607,11
17607,2
17607,32
17608,11
17608,2
17608,7
17609,11
17609,16
17609,29
17610,11
17610,22
7364,24
17611,11
17612,11
17612,16
17612,21
17613,1
17613,11
17613,2
17614,11
17614,31
17614,30
17615,11
17615,22
17616,11
17616,2
17616,21
17617,11
17617,15
17617,24
17618,11
17618,21
17619,11
17619,15
17619,24
17620,11
17620,16
17620,21
17621,11
17621,16
17621,22
17622,11
17622,21
17622,26
17623,11
17623,15
17623,32
17624,11
17624,21
17624,22
17625,1
17625,11
17625,15
17626,11
17626,3
17627,11
17627,16
17627,21
17628,11
17628,26
17629,11
17629,16
17629,21
17630,11
17631,21
17631,11
17632,11
17632,2
17632,31
17633,11
17633,24
17633,22
17634,11
17634,21
17634,7
17635,11
17635,16
17635,31
17636,11
17636,15
17636,21
17637,11
17638,11
17638,2
17639,11
17639,21
17640,11
17640,15
17641,11
17642,11
17642,32
17642,26
17643,11
17644,11
17644,15
17644,22
17645,11
17646,11
17646,15
17646,21
17647,11
17647,15
17647,3
17648,11
17648,24
17648,19
17649,11
17650,11
6382,16
17651,11
17651,15
17652,11
17652,15
17653,11
17653,15
17654,11
17654,3
17655,11
17655,26
17656,11
17656,21
17657,11
17657,15
17657,16
17658,11
17658,16
17658,21
17659,11
17660,11
17660,15
17660,16
17661,11
17661,31
17661,10
17662,11
17662,21
17662,10
17663,11
17663,2
17663,7
17664,11
17665,11
17665,31
17665,10
17666,11
17667,11
17667,2
17667,21
17668,11
17669,11
17669,16
17669,21
17670,11
17671,11
17671,16
17671,21
17672,11
17672,15
17672,21
17673,11
17673,2
17673,15
17674,11
17674,2
17674,21
17675,11
17675,21
17675,7
17676,11
17676,21
17676,31
17677,11
17677,15
17677,16
17678,11
17678,21
17678,29
17679,11
17679,2
17680,11
17680,2
17680,19
17681,11
17681,15
17681,31
17682,11
17682,21
17683,11
17683,31
17683,10
17684,11
17684,2
17684,15
17685,11
17685,21
17685,24
17686,11
17686,21
17686,2
17687,11
17687,15
17687,21
17688,11
17688,21
17688,22
17689,11
17689,16
17689,22
17690,11
17690,15
17691,11
17691,15
17691,16
17692,11
17692,2
17693,11
17693,31
17694,11
17695,11
17695,21
17695,24
17696,11
17696,2
17696,32
17697,11
17697,16
17697,22
17698,11
17698,2
17698,15
17699,11
17699,16
17699,21
17700,11
17700,15
17700,16
17701,11
17701,15
17701,32
17702,11
17702,10
17702,24
17703,11
17703,2
17703,21
17704,11
17704,31
17704,26
17705,11
17705,22
17706,11
17706,15
17707,11
17707,21
17707,22
17708,11
17708,21
17709,11
17709,15
17709,3
17710,21
17710,22
17710,19
17711,11
17711,15
17711,7
17712,11
17712,16
17712,21
17713,11
17713,2
17714,11
17714,2
17714,15
17715,11
17715,21
17716,11
3304,2
17717,11
17717,2
17717,16
17718,11
17718,21
17719,11
17719,16
17719,15
17720,11
17720,15
17720,16
17721,11
17721,16
17722,11
17722,21
17723,11
17723,21
17724,11
17724,15
17725,11
17726,11
17726,21
17726,30
17727,11
17727,2
17727,16
17728,11
17728,31
17728,10
17729,11
17729,2
17729,16
3776,21
3776,30
17730,11
17731,11
17732,11
17732,15
17732,31
17733,11
17733,2
17733,21
17734,11
17734,21
17735,11
17735,21
17735,24
17736,11
17736,21
17737,11
17738,11
17738,2
17738,16
17739,11
17739,21
17740,11
17740,15
17740,16
17741,16
17741,11
17742,11
17742,16
17742,21
17743,11
17743,22
3189,32
17744,11
17744,2
17744,21
17745,11
17745,15
17746,11
17746,16
17746,22
17747,11
17747,21
17747,22
17748,11
17749,11
17749,22
17750,11
17750,32
17751,11
17751,15
17751,24
17752,11
17753,11
17753,21
17753,22
17754,11
17754,15
17755,11
17755,15
17755,22
11072,2
17756,11
17756,16
17756,22
7459,21
17757,11
17757,2
17757,29
17758,11
17758,16
17758,21
17759,11
17759,15
17759,26
17760,11
17760,15
17760,21
17761,11
17761,15
17762,11
17762,15
17763,21
17763,11
17764,11
17765,11
17765,21
17765,30
17766,11
17766,16
17766,21
17767,11
17767,2
17767,16
17768,11
17768,16
17768,21
17769,11
17769,2
17769,21
17770,11
17770,2
17770,21
17771,11
17771,15
17771,31
17772,11
17772,32
17772,26
17773,21
17773,11
17773,31
17774,1
17774,11
17774,26
17775,11
17775,16
17775,21
17776,11
17776,21
17777,11
17777,15
17777,21
17778,11
17778,21
17778,22
17779,11
17780,11
17780,15
17780,24
17781,11
17781,16
17781,21
17782,11
17782,15
17782,21
5159,2
17783,11
17783,2
17783,21
17784,1
17784,11
17784,2
17785,11
17785,15
17785,21
17786,11
17787,11
17787,15
17787,22
17788,1
17788,11
17788,7
17789,1
17789,11
17789,2
17790,11
17790,16
17790,21
17791,11
17791,2
17791,21
17792,11
17792,19
17792,2
17793,11
17793,21
17793,22
17794,11
17794,15
17794,21
17795,11
17795,15
17795,10
17796,11
17796,16
17796,21
17797,11
17797,2
17797,7
17798,11
17798,16
17798,21
17799,11
17799,16
17799,22
17800,11
17800,16
17800,22
17801,11
17801,16
17801,21
17802,11
17802,16
17802,21
17803,11
17803,2
17804,11
17804,21
17805,11
17806,11
17806,15
17806,32
17807,11
17808,11
17808,22
17808,15
17809,11
17810,11
17810,16
17811,11
17811,22
4226,15
17812,11
17812,31
17812,22
17813,11
17814,11
17814,21
17815,11
17816,11
17817,11
17817,2
17818,11
17818,21
17818,22
17819,11
17819,21
17819,24
17820,11
17821,11
17822,11
17822,16
17822,21
17823,11
17823,21
17823,22
17824,11
17824,2
17824,26
17825,11
17826,11
17826,16
17827,11
17827,16
17827,21
17828,11
17828,15
17828,21
17829,11
17829,21
17829,22
17830,11
17830,21
17831,11
17831,21
17832,11
17832,16
17832,22
17833,11
17833,21
17834,11
17835,11
17836,11
17836,2
17836,24
17837,11
17837,16
17837,22
17838,11
17838,2
17838,15
17839,11
17839,21
17839,24
17840,11
17840,24
17840,22
17841,11
17841,22
4978,26
17842,11
17842,21
17842,31
17843,11
17843,21
17843,22
17844,11
17844,16
17844,21
17845,11
17845,15
17845,21
17846,11
17846,15
17847,11
17848,11
17848,22
17849,11
17849,26
17850,11
17850,16
17850,21
17851,11
17851,32
17852,11
17853,11
17853,15
17854,11
17855,11
17855,15
17855,21
17856,11
17857,11
17857,21
4544,15
17858,11
17858,15
17858,16
17859,11
17859,2
17859,32
17860,11
17860,15
17860,16
17861,11
17861,2
17861,21
17862,11
17863,11
17863,15
17864,11
17865,11
17865,6
17865,21
17866,11
17866,15
17866,16
17867,11
17867,21
17867,24
14157,24
17868,11
17868,15
17868,16
17869,11
17870,11
17870,16
17870,21
17871,11
17871,16
17871,21
17872,11
17872,16
17873,11
17873,2
17874,11
17874,21
17874,30
17875,11
17875,15
17875,21
17876,11
17876,21
17877,11
16224,21
17878,11
17879,11
17880,11
17881,1
17881,11
17881,2
17882,11
17882,15
17882,16
17883,11
17884,11
17884,2
17884,15
17885,11
17885,26
17886,11
17886,16
17886,22
2347,21
2347,24
17887,11
17887,21
17888,11
17888,21
17888,24
17889,11
17890,11
17890,6
17890,15
17891,11
17892,1
17892,11
17892,2
17893,11
17893,7
17894,11
17894,21
17894,24
17895,11
17895,21
17895,10
17896,11
17896,15
17896,21
17897,11
17897,22
17898,11
17898,15
17899,11
17899,15
17900,11
17900,21
17901,11
17901,2
17901,16
17902,11
17902,21
17902,27
17903,11
17903,2
17903,31
17904,11
17904,26
17905,11
17905,24
17905,22
17906,11
17906,32
17906,24
17907,11
17907,21
17907,19
17908,11
17908,2
17908,32
17909,11
17909,15
17910,11
17910,15
17911,11
17911,31
17911,26
17912,11
17913,11
17913,32
8764,2
8764,32
17914,11
17914,21
17915,11
17916,1
17916,11
17916,2
17917,11
17917,15
17917,3
17918,11
17918,22
17918,21
17919,11
17920,11
17920,2
17920,15
17921,1
17921,11
17921,2
17922,11
17922,21
17922,24
17923,11
17924,11
17924,15
17924,24
17925,11
17925,29
17925,22
17926,11
17926,22
17926,19
17927,11
17927,31
17928,11
17928,2
17928,21
17929,11
17929,16
17929,21
17930,11
17930,16
17930,21
17931,11
17931,16
17931,10
17932,11
17932,16
17932,21
17933,11
17933,15
17933,31
17934,11
17935,11
17935,15
17935,22
17936,11
17936,22
17937,11
17937,16
17938,11
17938,21
17938,22
17939,11
17939,2
17939,10
17940,11
17940,26
17940,22
17941,11
17941,24
17941,22
17942,11
17942,15
17942,16
17943,11
17943,21
17944,11
17944,2
17944,15
17945,11
17945,16
17945,22
17946,11
17947,11
17947,21
17948,11
17948,2
17948,26
17949,11
17949,2
17949,24
17950,11
17950,22
17951,1
17951,11
17951,26
17952,11
17952,15
17953,11
17953,2
17953,22
17954,11
17954,16
17954,21
17955,11
17955,2
17955,21
17956,11
17956,22
17957,11
17957,2
17957,24
17958,11
17958,21
17959,11
17959,21
17960,11
17960,15
17961,31
17961,11
17961,2
17962,11
17962,21
17963,11
17964,11
17964,16
17964,29
17965,11
17965,15
17966,11
17966,15
17966,30
17967,2
17967,11
17967,16
17968,11
17968,2
17969,11
17969,2
17969,16
17970,11
17970,2
17971,11
17972,11
17972,15
17972,16
17973,11
17973,21
17974,11
17974,2
17974,15
17975,11
17976,11
17976,16
17976,24
17977,11
17977,16
17978,11
17978,2
17978,16
17979,11
17980,11
17980,16
17980,21
17981,11
17981,2
17982,11
17983,11
17983,21
17983,24
17984,11
17984,21
17984,32
17985,11
17985,15
17985,21
17986,11
17986,16
17986,21
17987,11
17987,2
17988,11
17988,16
17988,21
17989,11
17989,21
17989,22
17990,11
17990,16
17990,21
17991,11
17991,21
17991,26
17992,11
17992,15
17992,16
11823,15
11823,21
10274,22
17993,11
17993,22
17994,11
17994,16
17994,22
17995,11
17996,11
17996,21
17996,22
17997,11
17997,22
17998,11
17998,16
17998,21
17999,11
17999,2
17999,32
18000,11
18000,22
18001,11
18001,31
18001,22
18002,11
18002,16
18002,21
18003,11
18003,2
18003,21
18004,11
18004,30
18005,11
18005,2
18005,15
18006,11
18006,15
18007,11
18007,22
18008,11
18009,11
18010,11
18010,15
18010,24
18011,11
18011,16
10440,24
18012,11
18013,11
18013,16
18013,21
18014,11
18014,16
18014,21
18015,11
18015,2
18015,16
18016,11
18017,11
18018,11
18018,26
18019,11
18019,15
18019,16
18020,11
18020,2
18020,21
18021,11
18021,2
18021,21
18022,11
18022,21
18022,3
18023,11
18024,11
18024,15
18024,24
18025,11
18026,11
18026,2
18026,32
18027,11
18027,10
18028,11
18028,15
18028,3
18029,11
18029,21
18029,19
18030,11
18030,16
18030,22
18031,11
18031,21
18032,11
18032,22
18033,11
18033,15
18033,21
18034,11
18034,21
18035,1
18035,11
18035,2
18036,11
18036,2
18036,16
18037,11
18038,11
18038,2
18038,15
18039,11
18039,21
18040,11
18040,32
18040,2
18041,11
18041,21
18042,11
18042,15
18042,16
18043,11
18043,22
18044,11
18044,22
18045,11
18045,16
18045,21
18046,11
18046,21
18047,11
18047,21
18048,11
18048,21
18048,22
18049,11
18050,11
18050,21
18050,10
18051,11
18052,11
18052,21
18053,11
18054,11
18054,21
18054,22
18055,11
18055,2
18055,15
18056,11
18057,11
18057,21
18057,22
18058,11
18058,15
18058,31
18059,11
18059,2
18059,21
18060,11
18060,2
18060,15
18061,11
18061,22
18062,11
18062,15
18063,11
18063,21
18064,11
18064,32
18064,26
18065,11
18065,16
18065,21
18066,11
18066,16
18066,21
17183,22
18067,11
18068,11
18068,2
18068,29
18069,11
18069,2
18069,21
18070,16
18070,22
18070,11
18071,11
18071,10
18071,22
18072,11
18072,2
18072,19
18073,1
18073,11
18073,2
18074,2
18074,11
18074,29
11912,21
11912,22
18075,11
18076,11
18076,32
18076,31
18077,11
18077,15
18078,11
18078,16
18078,22
14030,24
18079,11
18079,15
18080,11
18081,11
18082,11
18083,11
18084,11
18084,2
18084,15
18085,11
18085,21
18085,24
18086,11
18086,21
18086,22
18087,11
18087,15
18087,21
3832,16
18088,11
18088,16
18088,21
18089,11
18090,11
18090,21
18091,11
18091,21
18092,11
18093,21
18093,22
18093,11
18094,11
18094,24
18095,11
18095,2
18095,26
650,11
650,26
18096,11
18096,22
18096,19
18097,11
18097,2
18097,26
18098,11
18098,2
18099,11
18100,11
18101,11
18101,10
18102,11
18102,2
18102,29
18103,11
18103,2
18103,29
18104,11
18104,21
18104,3
18105,11
18105,16
18105,21
18106,11
18107,11
18107,21
18107,22
18108,11
18108,16
18108,21
18109,11
18110,11
18110,21
18111,11
18111,22
18112,11
18112,16
18113,11
18113,16
18113,21
18114,11
18114,15
18114,31
18115,11
18115,21
18116,11
18117,11
18117,2
18117,15
18118,11
18118,21
18119,11
18119,2
18119,21
18120,11
18120,27
18120,3
18121,1
18121,11
18121,2
18122,11
18122,32
18122,26
18123,11
18123,21
18124,11
18124,2
18124,15
18125,11
18125,15
18125,21
18126,11
18127,11
18127,2
18127,21
18128,11
18128,15
18128,16
18129,11
18130,11
18130,2
18130,15
18131,11
18131,7
18131,19
18132,1
18132,11
18132,26
18133,11
18134,21
18134,11
18134,2
18135,11
18135,21
18135,19
18136,1
18136,11
18136,2
18137,11
18137,16
18137,21
18138,11
18138,2
18138,21
18139,11
18139,22
18140,1
18140,11
18140,30
18141,11
18141,21
18142,11
18143,11
18144,11
18144,22
18145,11
18146,11
18147,11
18147,24
18148,11
18149,11
18149,31
18149,26
18150,11
18150,21
18151,11
18151,2
18151,16
18152,1
18152,11
18152,21
18153,11
18153,22
18154,11
18154,24
18155,11
18155,21
18155,22
18156,11
18156,21
18157,11
18157,21
18158,11
18158,15
18158,26
18159,11
18159,21
18159,26
18160,11
18160,21
18161,11
18161,2
18161,32
18162,11
18162,31
18162,22
18163,11
18163,21
18163,3
18164,11
18165,11
18165,21
18165,24
18166,11
18167,11
18167,19
18168,11
18168,2
18168,15
18169,11
18169,19
18170,11
18170,21
18170,22
18171,11
18171,31
18171,26
18172,11
18172,21
18173,11
18174,11
18174,31
18175,11
18175,32
18176,11
18176,15
18176,32
18177,11
18177,15
18177,24
18178,11
18178,16
18178,21
18179,11
18180,11
18180,21
18180,24
18181,11
18181,21
18181,32
18182,11
18182,16
18182,21
18183,11
18183,15
18183,21
18184,11
18184,21
18184,7
18185,11
18186,11
18187,11
18187,16
18188,11
18188,21
18189,11
18189,31
18189,26
18190,11
18190,2
18190,10
18191,11
18191,2
18191,21
18192,11
18192,21
18193,11
18193,2
18193,32
18194,11
18194,16
18194,21
18195,11
18196,11
18196,21
18197,11
18197,2
18197,15
18198,11
18198,21
18199,11
18199,16
18199,21
18200,11
18200,21
18201,11
18202,11
18202,2
18202,15
18203,11
18204,11
18204,10
18204,22
18205,11
18205,16
18206,11
18206,21
18206,19
18207,11
18207,21
18207,22
18208,11
18208,21
18209,11
18209,24
18210,11
18210,30
18211,11
18211,2
18211,21
18212,11
18213,11
18214,11
18214,7
18214,19
18215,11
18215,21
18215,31
18216,11
18216,21
18216,22
18217,11
18217,2
18217,16
18218,11
18219,11
18219,21
18220,11
18221,11
18222,11
18222,26
18223,11
18224,11
18225,11
18225,26
18225,22
18226,11
18226,22
18227,11
18227,15
18227,16
18228,11
18228,2
18228,22
18229,11
18229,16
18229,22
6137,19
12758,6
12758,16
18230,11
18230,21
18230,7
18231,11
18231,31
18231,26
18232,11
18232,32
18232,10
18233,11
18233,15
18233,26
18234,11
18234,21
18235,11
18235,16
18235,21
18236,11
18237,11
18237,6
18237,21
18238,11
18238,26
18238,22
18239,11
18239,22
18240,11
18240,16
18240,14
18241,11
18241,2
18241,21
16921,15
16921,21
18242,11
18242,15
18242,21
18243,11
18243,16
18244,11
18244,15
18245,11
18245,2
18245,16
18246,11
18246,2
18246,21
18247,11
18247,16
18247,21
18248,11
18249,11
18249,22
18250,11
18250,2
18251,11
18251,19
18252,11
18252,15
18252,21
18253,11
18253,2
18254,11
18254,21
18255,11
18256,11
18256,2
18256,21
10674,16
10674,21
18257,11
18257,2
18257,7
18258,11
18258,15
18258,16
18259,11
18259,3
18260,11
18261,11
18261,21
18262,11
18262,21
18262,24
18263,11
18263,15
18263,16
18264,11
18264,15
18264,32
18265,11
18265,15
18265,31
18266,11
18267,11
18267,21
18267,19
18268,11
18268,21
18269,11
18269,21
4983,21
18270,11
18270,21
18271,11
18271,2
18272,11
18272,2
18272,22
18273,11
18273,2
18273,29
18274,11
18275,11
18275,31
18275,22
18276,11
18277,11
18277,31
18277,26
18278,11
18278,2
18278,15
18279,11
18279,16
18280,1
18280,11
18280,2
18281,11
18281,21
18282,11
18282,15
18283,11
18283,16
18283,21
18284,11
18284,21
18284,24
18285,11
18285,22
18286,11
18286,21
18287,11
18287,26
18288,11
18288,16
18289,11
18289,26
18290,11
18290,21
18291,11
18292,11
18293,11
18293,16
18293,21
18294,11
18294,21
6106,6
18295,11
18295,21
18296,11
18296,15
18296,31
18297,11
18297,16
18297,21
7042,21
7042,22
18298,11
18298,21
18299,11
18299,21
18299,22
18300,11
18300,15
12598,10
18301,11
18301,15
18301,16
18302,11
18303,11
18304,11
18304,21
18305,11
18305,16
18305,21
18306,11
18306,16
18306,22
18307,11
18307,16
18308,11
18309,11
18309,16
18309,22
18310,11
18311,11
18312,11
18312,16
18313,11
18314,11
18315,11
18316,11
18316,2
18316,3
18317,11
18317,15
18317,16
18318,11
18318,15
18319,11
18319,16
18319,10
18320,11
18320,21
18321,11
18321,16
18321,21
18322,11
18322,2
18322,21
18323,11
18324,11
18324,16
18324,21
18325,11
18325,16
18325,21
18326,11
18326,21
18327,11
18327,32
18328,11
18328,6
18328,16
18329,11
18329,2
18329,21
18330,11
18331,11
18331,21
18332,11
18333,11
18333,16
18334,11
18334,15
18335,11
18335,21
18335,30
18336,11
18337,11
18337,2
18337,19
18338,15
18338,11
18339,11
18339,15
18340,11
18340,21
18340,10
18341,11
18341,16
18341,22
18342,11
18343,1
18343,11
18343,26
18344,11
18344,2
18344,21
18345,11
18345,2
18345,21
18346,11
18346,32
18346,26
18347,11
18347,21
18347,32
18348,11
18348,15
18348,31
18349,11
18349,16
18350,11
18350,2
18350,24
18351,11
18351,22
18352,11
18352,2
18352,22
18353,11
18353,21
18353,22
18354,11
18354,31
18355,11
18355,16
18355,22
18356,11
18356,26
18357,11
18357,15
18357,21
18358,11
18358,2
18358,15
18359,1
18359,11
18359,2
18360,11
18360,15
18360,21
18361,11
18362,11
18362,21
18362,7
18363,11
18363,31
18364,11
18365,11
18366,11
18366,15
18366,16
18367,11
18367,16
18367,22
18368,11
18368,2
18368,15
18369,11
18369,21
18370,11
18370,2
18370,16
18371,11
18371,21
18371,22
18372,11
18372,21
18373,11
18373,31
18373,26
18374,11
18375,11
18375,16
18375,22
18376,11
18376,15
18377,11
18377,22
18378,11
18378,15
18378,16
18379,11
18379,22
18380,21
18380,11
18381,11
18381,22
18382,11
18383,11
18383,2
18383,32
18384,11
18384,21
18385,11
18385,15
18385,21
18386,11
18386,15
18386,21
18387,11
18387,16
18387,21
18388,11
18388,15
18388,16
17151,24
18389,11
18389,22
18390,11
18390,21
18390,19
18391,11
18392,11
18392,16
18392,21
18393,1
18393,11
18393,2
18394,11
18395,11
18395,30
18396,11
18396,10
18396,26
18397,11
18398,11
18398,15
18398,32
18399,11
18399,16
18399,21
5136,16
5136,21
18400,11
18401,11
18401,22
18402,11
18402,26
18403,11
18403,21
18403,7
18404,11
18404,15
18404,32
18405,11
18405,2
18405,7
18406,11
18406,21
18406,22
18407,11
18407,2
18407,21
18408,11
18408,2
18408,32
18409,11
18409,21
18410,11
18411,11
18411,31
14379,2
14379,21
18412,1
18412,11
18412,15
18413,11
18413,16
18414,11
18414,21
18414,7
18415,1
18415,11
18415,2
18416,11
18416,2
18416,10
18417,11
18417,16
18418,11
18418,26
18419,11
18419,21
18419,22
18420,11
18421,11
18421,15
18422,11
18422,15
18422,16
18423,11
18424,11
18424,15
18424,31
18425,22
18425,11
18426,11
18426,15
18426,29
18427,11
18428,11
18428,2
18428,15
18429,11
18429,21
18430,11
18431,11
18431,15
5111,16
5111,21
18432,11
18432,22
18433,11
18433,21
18433,24
18434,11
18435,11
18435,16
18435,10
18436,11
18436,16
18436,21
18437,11
18437,2
18437,32
18438,11
18438,21
18438,29
18439,11
18439,21
18440,11
18440,2
18440,15
18441,11
18441,2
18441,31
18442,11
18442,32
18443,11
18443,24
18444,11
18444,21
18444,22
18445,11
18445,21
18445,26
18446,11
18446,2
18446,26
18447,11
18447,21
18448,11
18448,16
18448,21
18449,11
18449,16
18449,21
18450,11
18450,16
18450,31
18451,11
18451,16
18451,21
18452,11
18452,16
18452,21
18453,11
18453,2
18453,21
18454,11
18454,32
18455,11
18455,31
18456,11
18456,21
18457,11
18457,16
18457,21
18458,11
18458,2
18458,21
18459,11
18460,11
18461,11
18461,16
18461,21
18462,11
18462,21
18462,24
2180,32
18463,11
18464,11
18465,11
18466,11
18466,10
18467,11
18467,15
18467,21
18468,11
18468,2
18468,22
18469,11
18469,21
18469,22
18470,11
18470,16
18470,22
18471,11
18471,24
18472,11
18472,21
18472,19
18473,11
18473,24
18474,11
18474,16
18474,22
18475,11
18475,21
18475,22
18476,11
18477,11
18477,15
18478,11
18478,16
18478,21
18479,11
18479,16
18479,21
18480,11
18480,15
18480,21
18481,11
18481,21
18481,24
18482,11
18483,11
18483,16
18483,21
18484,11
18484,2
18484,3
18485,11
18486,11
18487,11
18487,16
18487,21
18488,11
18488,16
18488,22
18489,11
18489,16
18489,21
18490,11
18490,16
18490,22
18491,11
18491,14
18491,24
18492,11
18492,21
18492,22
18493,11
18494,11
18494,2
18494,15
18495,11
18495,26
18495,22
18496,11
18496,21
18497,11
18497,16
18498,11
18498,22
18499,11
18499,26
11623,21
11623,32
18500,11
18500,2
18500,26
18501,11
18501,22
18502,11
18503,11
18503,16
18503,21
18504,11
18504,2
18505,11
18505,2
18505,15
18506,11
18506,15
18506,24
18507,11
18507,16
18507,21
18508,11
18508,16
18508,21
18509,11
18509,16
18509,22
18510,11
18510,15
18511,11
18511,16
18511,22
18512,11
18512,2
18513,11
18513,21
18513,24
18514,26
18514,2
18514,11
18515,3
18515,11
18515,21
18516,11
18516,15
18516,24
18517,11
18518,11
18518,21
18519,11
18519,21
18519,3
18520,11
18520,21
18520,24
18521,11
18521,2
18521,15
18522,11
18522,2
18522,15
18523,11
18523,16
18523,21
18524,11
18524,21
18524,19
18525,11
18525,15
18526,11
13542,16
13542,21
18527,11
18527,15
18528,11
18528,2
18528,16
18529,11
18529,16
18529,21
18530,11
18530,2
18530,21
18531,11
18531,21
18531,3
18532,11
18533,11
18533,22
18533,21
18534,11
18534,21
18534,32
18535,11
18535,29
18536,11
18536,6
18536,7
18537,11
18538,11
18538,2
18538,21
17599,21
17599,24
18539,11
18540,2
18540,11
18541,11
18541,2
18542,11
18542,16
18542,21
18543,11
18544,11
18544,16
18544,21
18545,11
18546,11
18546,32
18546,31
18547,11
18547,15
18548,11
18548,15
18548,21
18549,11
18550,11
18550,2
18550,7
18551,11
18551,22
18552,11
18552,2
18552,16
18553,11
18553,21
18553,26
18554,11
18554,15
18555,11
18555,15
18555,14
18556,11
18556,21
18557,11
18558,11
18558,10
18558,22
18559,11
18560,11
18560,2
18560,26
18561,11
18561,21
18561,22
18562,11
18562,16
18562,10
18563,11
18563,2
18563,21
18564,11
18564,16
18564,21
18565,21
18565,11
18565,16
18566,11
18566,16
18566,22
18567,11
18568,11
18568,21
18569,11
18570,11
18570,21
18570,19
18571,11
18572,11
18572,21
18572,29
18573,11
18574,11
18575,11
18575,15
18575,21
18576,11
18576,3
18577,11
18578,11
18579,11
18579,16
18580,11
18580,15
18580,21
18581,11
18581,21
18582,11
18582,3
18583,11
18583,2
18583,21
18584,11
18585,11
18585,2
18585,21
18586,11
18586,15
18586,22
18587,11
18587,21
18588,11
18588,21
18589,11
18590,11
18590,2
18590,26
18591,11
18591,16
18591,21
18592,11
18592,15
18593,11
18593,21
18593,24
18594,11
18594,2
18594,15
18595,11
18596,11
18596,2
18596,15
11046,21
18597,11
18597,2
18598,11
18598,15
18599,11
18599,15
18599,21
18600,11
18600,2
18600,15
18601,11
18601,15
18601,21
18602,11
18602,21
18602,31
18603,11
18603,24
18603,22
18604,11
18605,11
18606,11
18607,11
18607,21
18608,11
18608,16
18608,10
16567,21
18609,11
18609,31
18609,26
18610,11
18610,2
12833,21
18611,11
18611,2
18612,11
18612,15
18612,16
18613,11
18613,22
18614,11
18614,2
18614,16
18615,11
18615,26
18616,11
18616,16
18616,21
18617,11
18617,31
18617,3
18618,11
18618,16
18619,11
18620,11
18621,11
18621,15
18621,16
5372,21
18622,11
18622,2
18622,7
5125,19
18623,11
18624,11
18624,21
18625,11
18625,21
18626,11
18626,16
18626,10
18627,11
18627,15
18627,21
18628,11
18628,16
18628,21
18629,11
18629,16
18629,27
18630,11
18630,21
18631,11
18631,21
18632,11
18632,21
18633,11
18633,2
18633,15
18634,11
18634,15
18635,11
18635,15
18635,31
18636,11
18636,21
18636,22
18637,11
18638,11
18638,15
18638,16
18639,11
18639,21
18639,31
18640,11
18641,11
18641,21
18642,11
18643,11
18643,16
18643,21
18644,11
18644,2
18645,11
18646,11
18646,15
18646,21
18647,11
18647,16
18647,21
18648,11
18648,2
18648,21
18649,11
18649,24
18649,19
7184,22
18650,11
18650,24
18651,11
18651,16
18651,21
18652,11
18652,2
18652,15
12926,16
12926,10
18653,11
18653,21
18653,24
18654,11
18654,21
18654,10
18655,11
18656,11
13305,24
18657,11
18657,21
18658,11
18658,21
18659,11
18659,22
18660,11
18660,2
18660,16
18661,11
18661,15
18661,24
18662,11
18662,15
18662,21
18663,11
18663,15
18663,16
18664,1
18664,11
18664,2
18665,11
18665,21
18665,22
18666,11
18666,21
18667,11
18668,11
18668,21
18669,11
18669,2
18669,21
18670,11
18670,16
18671,11
18671,15
18672,11
18672,15
18673,11
18673,16
18674,11
18674,16
18674,22
11486,2
11486,21
18675,11
18675,21
18676,11
18677,11
18677,2
18677,15
18678,11
18678,2
18678,15
18679,11
18679,21
18679,7
18680,11
18680,21
18681,11
18681,2
18681,32
18682,11
18683,11
18683,16
18683,21
18684,11
18684,2
18684,21
18685,11
18685,2
18685,24
18686,11
18686,21
18686,24
18687,11
18687,21
18687,22
18688,11
18688,16
18688,21
18689,11
18689,22
18690,11
18690,26
18691,11
18691,2
18691,31
18692,11
18692,16
18692,7
18693,11
18693,21
18693,24
18694,11
18694,16
18694,21
18695,11
18696,11
18696,2
18696,32
18697,11
9905,15
18698,11
18698,16
18698,21
18699,11
18699,10
18700,11
18700,16
18700,21
18701,11
18701,2
18701,21
18702,11
18702,15
18703,11
18704,11
18704,16
18704,21
18705,11
18705,21
18705,29
18706,11
18706,21
18707,11
18707,21
18708,11
18708,21
18709,11
18709,21
18710,11
18710,16
18710,21
18711,11
18711,31
18711,22
18712,11
18712,21
18712,24
18713,11
18713,15
18713,21
18714,11
2814,27
18715,11
18715,21
18716,11
18717,11
18717,16
18717,21
18718,11
18718,15
18718,29
18719,1
18719,11
18720,11
9804,21
9804,22
18721,11
18722,11
18722,31
18722,10
18723,11
18723,15
18724,11
18725,11
18725,22
18726,11
18726,2
18726,15
18727,11
18727,26
18728,11
18728,16
18728,21
18729,1
18729,11
18729,2
18730,11
18730,21
18730,19
18731,11
18731,16
18731,31
18732,11
18732,21
18733,11
18733,16
18733,21
18734,11
18734,19
18735,22
18735,16
18735,11
11357,24
18736,11
18737,11
18737,2
18737,15
18738,11
18738,22
18739,11
18739,21
18740,11
18740,2
18740,3
18741,11
18741,6
18741,21
18742,11
18742,2
18743,11
18743,16
18743,21
18744,11
18744,31
18744,26
18745,11
18746,11
18746,26
18747,11
18748,11
18749,11
18749,21
18750,11
18750,2
18750,21
18751,11
18751,32
18752,11
18753,11
18753,21
18754,1
18754,11
18754,15
18755,11
18756,11
18756,15
18756,21
18757,11
18757,16
18757,21
18758,11
18758,22
18759,11
18759,21
18759,24
18760,11
18760,2
18760,22
18761,11
18761,16
18761,22
18762,11
18762,7
18762,19
18763,11
18763,15
18763,21
18764,11
18764,21
18765,1
18765,11
18765,2
18766,11
18766,30
18767,11
18767,31
18768,11
18768,21
18768,32
18769,11
18769,15
18769,16
18770,11
18770,16
18770,21
18771,11
18772,11
18773,11
18773,22
18774,11
18775,11
18775,16
18775,21
18776,11
18776,2
18776,15
18777,11
18778,11
18778,15
18778,32
18779,11
18779,2
18779,26
18780,11
18780,15
18781,11
18781,2
18781,21
18782,11
18782,21
18783,11
18783,22
18784,11
18784,21
18785,11
18785,16
18785,21
18786,1
18786,11
18786,15
18787,11
18787,16
18787,22
18788,11
18788,26
18789,11
18790,11
18791,11
18791,15
18792,11
18792,15
18792,32
18793,11
18793,21
18793,24
18794,11
18794,21
18795,11
18795,21
18795,19
18796,11
18796,16
18796,22
18797,11
18797,2
18797,21
18798,11
18799,11
18799,2
18800,11
18800,2
18800,26
18801,11
18802,11
18802,16
18803,11
18803,2
18803,6
18804,11
18804,16
18804,21
18805,11
18805,31
18805,26
18806,11
18806,15
18806,21
18807,11
18807,21
18808,11
18808,21
18809,11
18809,10
18809,22
15655,21
18810,11
18810,15
18810,31
18811,11
18812,11
18812,16
18812,21
18813,11
18813,16
18813,15
18814,11
18815,11
18815,2
18815,21
18816,11
18816,15
18816,21
18817,11
18817,21
18818,11
18818,21
18818,22
18819,11
18820,11
18820,21
18821,11
18821,16
18821,22
18822,11
18823,11
18823,26
18824,11
18824,15
18825,11
18825,16
18825,21
18826,11
18826,15
18826,24
18827,11
18827,16
18827,21
18828,11
18828,16
18828,21
18829,11
18829,2
18830,11
18830,21
18831,11
18831,15
18831,16
18832,11
18832,22
18833,11
18833,31
18833,22
18834,11
18834,15
18834,27
18835,11
18835,15
18835,32
18836,11
18836,21
18837,11
18837,16
18838,11
18838,15
18839,11
18839,15
18840,1
18840,11
18840,21
18841,11
18841,15
18842,11
18842,31
18842,22
18843,11
18843,21
18844,11
18844,2
18844,21
18845,11
18845,16
18845,21
18846,11
18846,16
18846,21
18847,11
18847,16
18847,21
18848,11
18849,11
18849,10
18849,24
18850,11
18850,21
18850,22
18851,11
18852,11
18853,11
18853,2
18853,15
18854,11
18854,21
18855,11
18855,16
18855,21
18856,11
18856,2
18856,32
18857,11
18857,16
18858,11
18858,15
18858,21
18859,11
18859,21
18859,22
18860,11
18860,16
18860,31
18861,11
18861,21
18861,14
18862,16
18862,11
18862,15
18863,11
18864,11
18864,15
18864,26
18865,11
18865,16
18865,21
18866,11
18866,21
18866,24
18867,11
18867,2
18867,16
18868,11
18868,15
18868,16
18869,11
18869,2
18869,15
18870,11
18870,15
18871,11
18872,1
18872,11
18872,16
18873,11
18873,16
18873,21
18874,11
18874,15
18875,11
18875,15
18875,16
18876,11
18876,2
18876,15
18877,11
18877,21
18878,11
18878,22
18879,11
18880,11
18880,15
7499,7
18881,11
18881,2
18881,26
18882,11
18882,2
18883,11
18883,32
18883,26
18884,11
18884,2
18884,19
11532,29
18885,11
18885,15
18885,16
18886,11
18886,2
18886,15
18887,11
18887,2
18887,15
18888,11
18888,24
18889,11
18890,11
18890,6
18890,16
18891,11
18892,1
18892,11
18892,26
18893,11
18893,16
18893,21
18894,11
18895,11
18895,2
18895,15
18896,11
18896,22
18897,11
18897,2
18898,11
18898,32
18899,11
18899,22
18900,11
18900,16
18900,21
18901,11
18902,11
18902,31
18902,22
18903,11
18903,16
18903,21
18904,11
18905,11
18905,15
18905,31
18906,1
18906,11
18906,21
18907,11
18907,16
18907,22
18908,11
18909,11
18910,11
18911,11
18912,11
18913,11
18913,22
18914,11
18915,11
18916,11
18916,24
18917,11
18917,21
18918,11
18918,32
18919,11
18920,11
18920,2
18920,7
18921,11
18921,24
18922,11
18922,21
18923,11
18923,21
18924,11
18925,11
18925,26
18926,11
18926,31
18927,11
18927,21
18928,11
18928,32
18928,7
18929,11
18929,15
18929,32
18930,11
18931,11
18932,11
18932,16
18933,11
18933,21
18934,11
18934,22
18935,11
18936,11
18936,22
18937,11
18937,16
18937,21
18938,11
18939,21
18939,24
18939,11
18940,11
18940,22
18941,11
18942,11
18943,11
18943,21
18943,22
18944,11
18944,21
18944,24
18945,11
18945,2
18945,21
18946,11
18946,21
18946,22
18947,11
18948,11
18948,15
18948,32
18949,11
18950,1
18950,11
18950,15
18951,11
18952,1
18952,11
18952,15
18953,11
18954,11
18955,11
18956,11
18956,15
18956,16
18957,11
18957,24
18957,26
18958,11
18958,21
18959,11
18960,11
18960,21
18960,22
18961,11
18961,16
18961,21
18962,11
18962,24
18962,22
18963,11
18963,15
18964,11
18964,16
18964,21
18965,11
18965,21
18966,11
18966,21
18967,11
18967,21
18967,24
18968,11
18968,15
18968,16
18969,11
18969,2
18969,31
18970,11
18970,21
18970,29
18971,11
18971,21
18971,19
18972,11
18973,11
18973,16
18973,21
18974,11
18974,21
18975,11
18976,11
18976,32
18977,11
18977,2
18977,16
18978,11
18978,21
18979,11
18980,11
18980,32
18980,31
18981,11
18981,16
18981,21
18982,11
18982,15
18982,16
5010,31
18983,11
18983,2
18983,15
18984,11
18984,21
18985,11
18985,2
18985,16
18986,22
18986,11
18987,11
18988,11
18989,11
18989,2
18989,7
18990,11
18990,15
18990,21
18991,11
18992,11
18992,21
18993,11
18993,10
18994,11
18994,2
18994,19
18995,1
18995,11
18995,26
18996,11
18997,11
18997,21
18998,11
18998,2
18998,21
18999,11
18999,21
18999,19
19000,11
19000,22
19001,11
19001,21
19001,22
19002,11
19002,15
19003,11
19003,2
19003,32
19004,11
19004,21
19005,11
19005,15
19006,11
19006,21
19007,11
19007,2
19008,11
19008,21
19009,11
19010,11
19010,2
19010,21
19011,11
19011,21
19012,11
19012,15
19012,21
19013,11
19013,16
19013,21
19014,11
19014,32
19014,19
19015,11
19015,16
19015,21
19016,11
19016,2
19016,16
19017,11
19017,15
19018,2
19018,11
19018,21
19019,11
19019,15
19019,21
19020,11
19020,21
19021,11
19022,11
19022,22
19023,11
19023,31
19024,11
19025,11
19025,22
19026,11
19026,21
19026,14
19027,11
19027,21
19027,22
19028,11
19028,16
19029,11
19029,15
19029,24
19030,11
19030,21
19030,24
19031,11
19032,11
19033,11
19033,2
19033,15
16318,16
16318,10
14691,15
19034,11
19034,16
19034,21
19035,11
19035,31
19035,26
19036,1
19036,11
19036,2
19037,11
19037,15
19037,24
19038,11
19039,11
19040,11
19041,11
19041,21
19041,22
19042,11
19042,21
19042,22
19043,11
19043,31
19043,26
19044,11
19044,31
19044,22
19045,11
19046,1
19046,11
19046,2
19047,11
19047,22
19048,11
19048,21
19048,22
19049,11
19049,21
17391,21
19050,11
19050,24
19051,11
19051,15
19051,29
19052,11
19052,2
19052,24
19053,11
19053,2
19053,32
19054,11
19054,21
19054,22
19055,11
19055,22
19056,11
19056,16
19057,11
19057,24
19058,11
19058,16
19058,10
19059,11
19059,21
19059,22
19060,11
19060,29
19061,1
19061,11
19061,2
19062,11
19062,16
19062,21
19063,11
19064,11
19064,19
19065,11
19065,2
19065,21
19066,11
19066,16
19066,21
19067,11
19067,15
19068,11
19068,2
19068,15
19069,11
19069,16
19069,24
19070,11
3328,2
3328,24
19071,11
19071,15
19071,21
19072,11
19072,16
19073,11
19074,11
19075,11
19075,21
19075,22
19076,11
19076,16
19076,22
19077,11
19077,26
19078,11
19078,15
19078,16
19079,11
19079,21
19079,22
19080,11
19080,2
19080,21
4419,2
19081,11
19081,6
19081,21
19082,11
19082,21
19083,11
19083,21
19083,19
19084,11
19085,11
19086,11
19086,2
19086,3
19087,11
19088,11
19088,22
19089,11
19089,22
19090,11
19090,2
19090,15
19091,11
19091,2
19091,15
19092,11
19092,22
19093,11
19094,11
19094,16
19094,21
19095,11
19095,16
19095,21
19096,11
19096,26
19097,11
19098,11
19098,21
19098,7
19099,11
19099,21
19100,11
19100,24
19101,11
19102,11
19102,16
19103,11
8958,15
8958,31
19104,11
19104,2
19104,21
19105,11
19105,21
19105,24
19106,11
19106,16
19106,21
19107,1
19107,11
19107,2
19108,11
19109,11
19109,2
19109,16
19110,11
19110,2
19110,10
19111,11
19111,15
19111,29
19112,11
19112,31
19112,22
19113,11
19113,2
19113,26
19114,11
19114,15
19114,27
19115,11
19115,2
19115,21
19116,1
19116,11
19116,26
19117,11
19117,16
19117,21
19118,11
19118,2
19118,32
11424,15
11424,16
19119,11
19119,16
19119,22
19120,11
19120,32
19121,11
19121,21
19122,11
19122,22
19123,11
19123,16
19123,21
19124,11
19124,15
19125,11
19125,32
19125,26
19126,11
19126,10
19126,24
19127,11
19127,2
19128,11
19128,2
19128,15
19129,11
19129,15
19130,11
19130,15
19130,16
19131,11
19131,16
19131,21
19132,11
19132,2
19132,15
19133,11
19133,21
19134,11
19134,21
19135,11
19135,21
19136,11
19136,21
19136,10
19137,11
19137,2
19137,16
19138,11
19138,2
19138,31
19139,11
19140,11
19140,16
19140,22
6471,21
19141,11
19141,21
19141,22
19142,11
19142,15
19142,32
19143,11
19143,2
19143,24
19144,11
19144,15
19145,11
19145,21
19145,22
19146,11
19147,11
19147,21
19147,26
19148,11
19148,2
19148,21
19149,11
19149,2
19150,11
19151,11
19151,19
19152,11
19152,15
19152,16
19153,1
19153,11
19153,2
19154,11
19155,11
19155,21
19156,11
19156,2
19156,16
19157,11
19157,16
19158,11
19159,11
19159,24
19159,22
19160,11
19160,26
19161,11
19161,21
19161,7
19162,11
19162,16
19162,22
19163,11
19163,15
19164,11
19165,11
19165,24
19166,11
19166,21
19166,26
19167,11
19168,11
19169,11
19169,2
19170,11
19170,22
19171,11
19171,15
19171,16
19172,11
19172,21
19172,2
5794,2
5794,15
19173,11
19173,10
19174,11
19174,2
19174,21
19175,11
19175,15
19176,11
19176,16
19177,11
19177,2
19177,16
19178,11
19178,21
19178,22
19179,11
19179,2
19179,15
19180,11
19180,21
19181,11
19181,21
19181,31
19182,11
19182,16
19182,22
19183,11
19183,21
19183,31
19184,11
19184,15
19185,11
19185,2
19185,7
19186,11
19186,16
19186,21
19187,11
19188,11
19189,11
19189,2
19189,32
19190,11
19190,15
19190,3
19191,11
19191,15
19191,16
19192,11
19192,15
19193,11
19193,21
19194,11
19194,22
19195,11
19195,16
19195,21
19196,11
19196,2
19196,19
19197,11
19197,21
19197,27
19198,11
19198,15
19199,11
19199,21
19200,11
19201,11
19201,2
19202,11
19203,11
19203,21
19203,22
19204,11
19204,21
19204,31
19205,11
19205,2
19205,15
19206,11
19206,7
19207,11
19207,21
19207,30
19208,11
19208,21
19209,11
19209,32
19209,31
19210,11
19210,2
19210,15
19211,11
19211,15
19211,32
19212,11
19212,21
19212,22
19213,11
19213,21
19214,11
19214,2
19214,15
19215,11
19215,16
19215,21
19216,11
19216,16
19216,21
19217,11
19217,2
19217,16
19218,11
19218,21
19218,10
19219,11
19219,2
19219,15
19220,11
19220,16
19220,21
19221,11
19222,11
19222,2
19222,32
19223,11
19223,31
19223,22
19224,11
19225,11
19225,21
19226,11
19227,11
19228,11
19229,11
19229,15
19229,31
19230,11
19231,11
19231,15
19232,11
19232,21
11380,22
2685,31
2685,10
19233,11
19233,15
19234,11
19234,26
19235,11
19235,21
19235,24
19236,11
19236,31
19236,10
19237,11
19238,11
19238,16
19238,22
19239,11
19239,30
19240,11
19240,15
19241,11
19242,11
19242,22
11875,15
19243,11
19244,11
19244,16
19245,11
19245,16
19245,21
19246,11
19246,21
19247,11
19248,11
19248,2
19248,21
19249,11
19250,11
19250,15
19250,16
19251,2
19251,11
19251,21
19252,11
19252,16
19252,21
19253,11
19253,15
19253,32
19254,11
19255,11
19255,21
19256,11
19257,11
19257,15
19258,11
19258,21
19258,22
19259,11
19259,2
19259,15
19260,11
19260,16
19260,24
19261,11
19261,15
19261,24
19262,11
19262,2
19262,24
19263,11
19263,21
19264,11
19264,2
19264,15
19265,11
19265,15
19266,11
19266,26
19266,22
19267,1
19267,11
19267,15
19268,11
19268,15
19269,11
19269,26
19270,11
19271,11
19271,16
19271,21
19272,11
19272,2
19273,11
19273,21
19274,11
19274,15
19275,11
19275,2
19275,21
19276,11
7559,2
19277,11
19277,2
19277,21
19278,11
19278,6
19278,7
19279,11
19279,21
17429,16
17429,21
19280,11
19280,21
19280,26
19281,11
19281,2
19281,15
19282,11
19282,21
19283,11
19284,1
19284,11
19284,30
19285,11
19286,11
19286,16
19286,21
19287,11
19288,11
19288,21
19289,11
19290,11
19290,2
19290,15
19291,11
19291,2
19291,16
19292,11
19292,16
19292,24
19293,11
19293,16
19293,21
19294,11
19294,15
19294,27
19295,11
19296,11
19296,16
19296,21
19297,11
19297,2
19297,21
19298,11
19298,21
19299,11
19299,16
19299,31
19300,11
19300,24
19301,11
19301,2
19302,11
19302,2
19302,21
19303,11
19303,15
19303,16
19304,11
19304,21
19304,24
19305,11
19305,15
19305,21
19306,11
19306,2
19306,16
19307,11
19308,1
19308,11
19308,2
19309,11
19309,21
19309,29
19310,11
19310,16
19310,21
19311,11
19312,11
19313,11
19313,16
19313,21
19314,11
19314,16
19314,21
19315,11
19315,16
19315,21
19316,11
19316,6
19316,21
19317,11
19317,15
19317,24
19318,11
19319,11
19319,32
19320,11
19320,7
19321,11
19321,16
19321,21
19322,11
19323,11
19323,15
19323,21
19324,11
19325,11
19325,15
19326,11
19327,11
19327,15
19327,32
19328,21
19328,11
19328,24
19329,11
19329,16
19329,22
19330,11
19330,16
19331,11
19331,2
19331,15
19332,11
19332,21
19332,10
19333,11
19333,22
19334,11
19335,11
19335,16
19335,21
19336,11
19336,3
19337,11
19338,11
19338,15
19338,16
19339,11
19340,11
19340,21
19341,11
19341,16
19341,21
19342,11
19342,26
19343,11
19343,2
19343,21
19344,11
19344,21
19344,15
19345,11
19346,11
19346,2
19346,10
19347,11
19347,24
19348,21
19348,11
19348,16
19349,11
19349,21
19349,24
19350,11
19350,15
19350,16
19351,11
19351,2
19352,11
19352,32
19352,31
19353,11
19354,11
19354,21
19355,11
19355,19
7977,15
7977,22
19356,11
19356,3
19357,11
19357,2
19357,16
19358,11
19359,11
19359,2
19359,19
19360,11
19360,22
19361,11
19361,16
19361,21
19362,11
19362,15
19363,11
19363,16
19364,11
19364,15
19364,31
19365,11
19365,15
19365,21
19366,11
19366,21
19367,11
19367,2
19367,3
19368,11
19368,2
19368,21
7457,16
7457,31
19369,11
19369,21
19369,19
19370,11
19371,11
19371,21
19371,22
19372,11
19372,21
19373,11
19374,11
19374,21
19374,7
19375,11
19375,16
19376,11
19376,21
19377,11
19378,11
19378,21
19379,11
19379,21
19380,21
19380,2
19380,11
19381,11
19381,21
19381,31
19382,11
19382,2
19382,15
19383,11
19383,15
19383,14
19384,11
19384,2
19385,11
19385,16
19385,32
19386,1
19386,11
19386,2
19387,11
19387,21
19388,11
19388,15
19388,26
19389,11
19389,21
19389,22
19390,11
19390,2
19390,32
19391,11
16670,15
16670,21
19392,11
19392,2
19392,16
19393,11
19393,16
19393,21
19394,11
19394,2
19394,16
19395,1
19395,11
19395,21
19396,11
19397,11
19397,15
19397,16
15196,2
19398,11
19399,11
19399,16
19399,22
19400,11
19400,16
19400,21
19401,11
19402,11
19402,31
19403,11
19403,2
19403,26
19404,11
19404,26
19405,11
19405,21
19405,7
9214,16
9214,22
19406,11
19406,21
14643,15
14643,22
19407,11
19407,15
11013,15
19408,11
19408,16
19408,21
19409,11
19409,31
19409,24
19410,11
19411,11
19411,15
19411,16
19412,11
19412,15
19413,11
19413,16
19413,21
19414,11
19415,11
19415,21
19415,30
19416,11
19416,15
19416,19
19417,11
19417,2
19417,16
19418,11
19418,21
19419,11
19419,21
19420,11
19420,16
19420,21
19421,11
19421,21
19421,26
19422,11
19423,11
19423,16
19423,21
19424,11
19425,11
19425,15
19425,31
19426,11
10437,22
19427,11
19427,21
19428,11
19428,2
19428,15
4692,16
4692,21
19429,11
19429,16
19429,21
19430,11
19431,11
19431,15
19431,16
19432,11
19433,11
19434,11
19434,21
19434,22
19435,11
19435,2
19435,15
19436,11
19436,2
19436,32
19437,11
19438,11
19439,11
19439,21
17851,2
19440,11
19440,15
19440,32
19441,11
19441,2
19441,15
19442,11
19442,16
19442,21
19443,11
19444,11
19444,15
19444,21
19445,11
19445,15
19445,16
19446,11
19446,21
19447,11
19447,22
19448,11
19448,15
19448,31
19449,11
19449,21
19450,11
19450,16
19450,22
19451,11
19452,11
19452,21
19453,11
19454,11
19454,21
19455,1
19455,11
19455,2
19456,11
19456,15
19456,31
19457,11
19458,11
19458,21
19459,11
19460,11
19460,15
19461,11
19461,24
19461,3
19462,11
19462,21
19462,24
19463,1
19463,11
19463,26
19464,11
19464,16
19465,11
19466,11
19466,21
19466,31
19467,11
19467,16
19467,10
19468,11
19468,2
19468,16
19469,11
19469,31
19469,22
19470,11
19470,15
19471,11
19471,2
19471,27
19472,11
19472,22
19473,11
19473,21
19474,11
19474,19
19475,11
19475,16
19475,21
19476,11
19476,32
19476,31
19477,11
19477,26
19477,22
19478,11
19478,15
19478,16
19479,11
19479,21
19480,11
19480,16
19480,21
19481,11
19481,24
19482,11
19482,15
19483,11
19483,16
19484,11
19484,3
19485,11
19485,21
19485,32
19486,11
19486,2
19486,21
19487,11
19487,2
19488,11
19488,16
19489,15
19489,11
19489,2
19490,11
19490,15
19490,21
19491,11
19492,11
19492,16
19492,21
19493,14
19493,11
19493,21
19494,11
19494,31
19495,11
19495,16
19496,11
19496,21
19496,31
19497,11
19497,31
19497,26
19498,11
19498,10
19498,22
19499,11
19499,2
19499,21
19500,11
19500,22
19501,11
19501,2
19501,21
19502,11
19502,21
19502,3
19503,11
19503,21
19503,19
19504,11
19505,11
19505,15
19505,24
19506,11
19506,22
19507,11
19508,11
19508,21
19509,11
19509,21
19509,24
19510,11
19510,16
19510,21
19511,11
19511,16
19511,21
19512,11
19512,21
19512,19
19513,11
19513,21
19514,11
19514,2
19514,22
19515,11
19515,21
19515,30
19516,11
19516,15
19516,21
19517,11
19517,15
19517,21
19518,11
19518,31
19518,22
19519,11
19519,15
17449,14
17449,22
19520,11
19520,2
19520,16
19521,11
19521,26
19522,11
19522,15
19522,24
19523,11
19523,16
19523,21
19524,11
19524,32
19525,11
19525,15
19526,11
19526,2
19527,11
19527,2
19527,21
19528,11
19528,22
19529,11
19530,11
19530,2
19530,15
19531,11
19531,15
19531,16
19532,11
19532,16
19533,11
19534,11
19534,2
19534,21
19535,11
19535,2
19535,21
19536,11
19536,21
19536,24
19537,11
19537,21
19537,22
19538,2
19538,11
19539,11
19540,11
19540,15
19541,11
19541,21
19542,11
19542,21
19542,14
19543,11
19543,24
19544,11
19544,21
19545,11
19545,16
19545,22
19546,11
19547,11
19547,21
19548,11
19548,2
19548,32
19549,11
19549,16
19549,22
19550,11
19550,16
19550,21
19551,11
19552,11
19552,16
19552,21
19553,11
19553,2
16684,31
19554,11
19554,2
19554,16
19555,11
19555,16
19555,21
19556,11
19556,21
19557,11
19557,2
19557,15
19558,11
19558,2
19559,11
19559,15
19559,32
19560,11
19560,21
19561,11
19561,2
19561,19
19562,11
19562,16
19562,21
19563,11
19563,2
19564,15
19564,11
19565,11
19565,26
19565,3
19566,11
19566,24
19567,11
19567,2
19567,32
19568,11
19568,16
19568,21
10203,16
19569,11
19569,7
19570,11
19571,11
19571,32
19571,31
19572,11
19573,11
19573,26
19574,11
19574,2
19574,15
19575,11
19576,21
19576,11
19577,11
19577,15
19577,24
19578,11
19578,21
19578,22
19579,11
19580,11
19580,15
19581,11
19581,29
19581,26
19582,11
19582,15
19582,21
19583,21
19583,11
19583,15
5466,16
5466,21
19584,11
19584,21
19585,11
19585,2
19585,15
19586,11
19586,15
19586,24
19587,11
19587,16
19587,21
19588,11
19588,21
19588,22
19589,11
19590,11
19590,2
19590,15
19591,11
19592,11
19592,15
19593,11
19594,11
19594,22
19595,11
19595,2
19596,11
19596,21
19596,24
2136,32
2136,15
19597,11
19597,22
19598,11
19598,26
19599,11
19599,31
19599,24
19600,11
19600,21
19600,22
19601,11
19601,32
19601,31
19602,11
19602,21
19603,11
19604,11
19605,11
19606,11
19606,2
19606,32
19607,11
19607,29
19607,24
19608,11
19608,21
19608,15
19609,11
19609,16
19609,31
19610,11
19610,16
19611,11
19611,19
19612,11
19613,11
19613,2
19613,15
19614,11
19614,15
19614,22
19615,11
19615,22
19616,11
19616,21
19616,22
19617,11
19617,16
19618,11
19618,32
19618,22
19619,11
19620,11
19620,16
19620,10
19621,11
19621,2
19621,26
19622,11
19622,16
19622,21
19623,11
19623,2
19623,29
19624,11
19624,21
19624,29
19625,11
19626,11
19626,2
19627,11
19627,21
19628,11
19629,11
19630,11
19630,21
19631,11
19631,2
19631,16
19632,11
19632,16
19632,21
19633,11
19634,11
19634,2
19634,15
19635,11
19635,16
19635,22
19636,11
19637,11
19638,11
19638,31
19638,22
19639,11
19639,21
19639,31
19640,11
19640,15
19640,26
19641,11
19641,15
19642,11
19643,11
19643,2
19643,15
19644,11
19644,2
19644,32
19645,11
19645,2
19645,15
19646,11
19646,2
19646,15
19647,11
19647,16
19647,22
19648,11
19649,11
19649,2
19649,15
19650,11
19650,15
19651,11
19652,11
19653,11
19653,21
19653,19
19654,11
19654,24
19655,11
19655,16
19655,10
19656,11
19656,16
19656,31
19657,11
19657,21
19658,11
19658,21
19658,32
19659,11
19659,2
19659,21
19660,11
19661,2
19661,11
19661,3
19662,11
19662,2
19663,11
19663,2
19663,21
19664,11
19665,1
19665,11
19665,26
19666,11
19667,11
19667,22
19668,11
19669,11
19670,11
19671,11
19671,21
19672,11
19672,22
19673,11
19674,11
19674,15
19674,16
19675,11
19676,11
19676,16
19676,22
19677,11
19677,21
19678,1
19678,11
19678,2
19679,11
19680,11
11808,24
19681,11
19681,16
19682,11
19682,15
19682,16
19683,11
19683,22
19684,11
19684,15
19684,10
19685,11
19685,15
19685,21
19686,11
19686,31
19687,11
19687,16
19687,22
19688,31
19688,11
19689,11
19689,22
19690,11
19691,1
19691,11
19691,26
19692,11
19692,21
19692,32
19693,11
19694,11
19694,16
19694,21
19695,11
19695,16
19695,21
19696,11
19696,2
19697,11
19697,2
19697,32
19698,11
19699,11
19699,15
19699,16
19700,11
19700,31
19701,16
19701,11
19702,11
19702,15
19703,11
19703,29
19703,32
19704,11
19704,2
19704,24
19705,11
19705,22
19706,11
19706,15
19707,11
19708,11
19708,15
19708,16
19709,11
19710,11
19710,21
19711,11
19711,2
19711,21
19712,11
19712,16
19712,21
19713,11
19714,11
19714,16
19714,22
19715,11
19716,11
19716,16
19716,7
19717,11
19717,32
19717,31
19718,11
19719,11
19719,15
19720,11
19720,21
19720,22
19721,11
19721,26
19722,11
19722,15
19723,11
19724,11
19725,11
1988,21
1988,24
19726,11
19727,11
19727,24
19728,11
19728,15
19728,21
19729,11
19729,21
19730,11
19730,21
19731,11
19732,11
19732,16
19732,21
19733,11
19733,16
19733,21
19734,11
19734,21
19734,3
19735,11
19735,21
19735,24
19736,11
19736,16
19736,21
19737,11
19737,15
19737,21
19738,11
19738,2
19739,11
19739,16
19739,21
19740,11
19741,11
19742,11
19742,2
19743,11
19743,21
19743,24
19744,11
19744,21
19745,11
19745,15
19745,16
19746,11
19746,3
19747,11
19748,21
19748,11
19749,11
19749,16
19749,21
19750,11
19751,11
19751,15
19751,16
19752,11
19752,31
19752,22
19753,1
19753,11
19753,2
19754,11
19754,15
19755,11
19755,15
19756,1
19756,11
19756,2
19757,11
19757,21
19758,11
19758,15
19759,11
19759,16
19760,11
19760,32
19760,31
19761,11
19761,21
19761,19
19762,11
19762,15
19762,2
19763,11
19763,31
19763,22
19764,11
19764,15
19764,21
19765,11
19765,15
19766,11
19766,16
19766,31
19767,11
19767,21
19767,24
19768,11
19768,16
19768,24
19769,11
19769,15
19769,31
19770,11
19771,11
19771,15
19771,32
19772,11
19772,32
19773,11
19773,21
19773,22
19774,11
19774,21
19774,22
19775,11
19775,16
19775,21
19776,11
19776,15
19776,16
19777,11
19778,1
19778,11
19778,2
19779,11
19780,11
19780,16
19780,21
19781,11
19782,11
19782,2
19783,11
19783,2
19783,21
19784,11
19785,11
19785,24
19785,22
19786,11
19786,21
19787,11
19787,16
19787,21
19788,11
19788,21
19788,24
19789,11
19789,2
19789,15
19790,1
19790,11
19791,11
19791,31
19792,11
19792,21
19792,7
19793,11
19793,21
19794,11
19794,31
19795,11
19795,26
19796,11
19796,15
19797,11
19797,21
19798,11
19798,21
19798,22
19799,11
19799,24
19799,3
19800,11
19800,2
19800,21
19801,11
19801,21
19802,11
19802,2
19802,21
19803,11
19804,11
9056,21
9056,19
19805,11
19805,22
19806,11
19806,16
19806,21
19807,11
19807,2
19808,11
19809,11
19809,2
19810,11
19811,11
19812,11
19812,21
19812,24
19813,11
19813,2
19813,16
19814,11
19814,15
19814,21
19815,11
19815,15
19815,24
19816,11
19816,22
19817,11
19817,21
19818,11
19818,15
19819,11
19819,16
19819,21
19820,11
19820,16
19820,21
19821,11
19822,11
19822,2
19823,11
19823,15
19823,21
19824,11
19824,7
19825,11
19826,11
19826,3
19827,11
19827,16
19827,21
19828,11
19828,26
16847,2
16847,15
19829,11
19829,21
19830,11
19830,6
19830,21
19831,1
19831,11
19831,2
19832,11
19832,2
19832,15
19833,11
19833,15
19833,16
19834,11
19835,11
19835,15
19836,11
19837,11
19837,21
19837,24
19838,11
19838,16
19838,21
19839,11
19839,15
19839,24
19840,11
19840,21
19841,11
19841,15
19841,21
19842,11
19842,2
19842,15
19843,11
19843,2
19843,16
19844,11
19844,32
19845,21
19845,11
19846,11
19847,11
19848,11
19848,2
19848,21
19849,11
19849,16
19849,22
19850,11
19850,16
19850,21
19851,11
19851,15
19852,11
19852,21
19852,22
10634,16
10634,21
19853,11
19854,11
19854,32
19854,31
19855,11
19855,32
19856,11
19857,11
19858,11
19858,16
19858,21
19859,11
19859,16
19859,21
19860,11
19860,2
19860,27
19861,11
19861,16
19861,24
19862,11
19862,21
19862,32
19863,11
19864,11
19865,11
19865,16
19865,21
19866,11
19866,2
19867,11
19868,11
19868,21
19869,11
19869,32
19870,11
19870,22
19871,21
19871,19
19871,11
19872,11
19873,11
19873,2
19873,21
19874,11
19875,11
19875,16
19876,11
19876,29
19877,11
19877,24
19878,11
19879,11
19880,11
19880,21
19881,11
19881,21
19882,11
19882,16
19882,21
19883,11
19883,16
19883,26
19884,11
19884,32
19884,31
19885,11
19885,2
19885,21
19886,11
19886,24
19887,11
19887,15
19887,27
19888,11
19888,19
19889,11
19889,15
19889,21
19890,11
19890,16
19890,14
19891,11
19891,15
19892,1
19892,11
19892,2
19893,11
19893,2
19893,29
19894,11
19894,21
19894,22
19895,11
19896,11
19896,24
19896,22
19897,11
19897,15
19897,16
14179,22
19898,11
19898,2
19898,16
19899,11
19899,22
19900,11
19900,15
19900,31
11212,16
19901,11
19902,11
19902,21
19903,11
19903,2
19904,11
19904,2
19904,15
19905,11
19905,16
19905,21
19906,11
19906,21
19906,26
19907,11
19907,27
19907,3
19908,11
19908,21
19909,11
19909,16
19909,21
19910,11
19910,21
19910,27
19911,11
19911,2
19911,32
19912,11
19912,22
19913,11
19913,15
19913,29
19914,11
19915,11
19915,15
19915,29
19916,11
19916,15
19916,21
19917,11
19917,15
19918,11
19919,11
19919,16
19919,21
19920,11
19921,11
19921,2
19921,15
19922,11
19922,15
19922,21
19923,11
19923,21
19923,22
19924,11
19924,16
19924,22
19925,11
19925,15
19926,11
19927,11
19927,16
19927,27
19928,11
19928,16
19928,21
19929,1
19929,11
19929,21
19930,11
19930,21
19931,21
19931,16
19931,11
19932,11
19932,32
19932,31
19933,11
19933,2
19933,21
19934,11
19934,2
19934,21
19935,11
19936,11
19936,21
19936,14
19937,11
19937,21
19937,22
19938,11
19938,2
19938,16
19939,11
19940,11
19940,16
19940,21
19941,1
19941,11
19941,26
19942,11
19942,16
19942,21
19943,11
19943,22
19944,11
19944,16
19944,22
19945,11
19946,11
19946,16
19946,21
19947,11
19947,2
19947,21
19948,11
19948,31
19948,22
19949,11
19950,11
19950,21
19951,11
19951,24
19952,11
19952,21
19952,22
11924,16
19953,11
19953,16
19953,22
19954,11
19954,15
19954,24
19955,11
19955,2
19955,21
19956,11
19956,15
19956,10
19957,11
19958,11
19958,15
19958,32
19959,11
19959,15
19959,29
19960,11
19960,2
19960,16
19961,11
19961,21
19961,22
19962,11
19962,21
19963,11
19963,21
19964,11
19964,21
19965,11
19966,11
19966,24
19966,3
19967,1
19967,11
19967,2
19968,11
19968,21
19968,14
19969,11
19970,11
19970,31
19970,22
19971,11
19971,2
19971,6
19972,11
19972,2
19972,22
19973,11
19973,16
19973,21
19974,11
19975,11
19975,21
19975,22
19976,11
19976,21
19976,22
19977,11
19977,21
19977,26
19978,11
19978,16
19979,11
19980,11
19980,16
19980,21
19981,11
19981,2
19981,26
19982,11
19983,11
19984,11
19985,11
19985,31
19986,11
19986,15
19986,32
19987,11
19987,2
19987,24
19988,11
19988,21
19988,31
19989,11
19989,15
19989,21
19990,11
19990,21
19991,11
19991,32
19991,26
19992,11
19992,16
19992,21
19993,11
19993,21
19993,24
19994,11
19994,15
19995,11
19995,2
19995,32
19996,11
19996,15
19996,27
19997,11
19997,16
19997,21
19998,11
19998,32
19999,11
19999,15
20000,11
20000,2
20000,21
20001,11
20001,21
20002,11
20003,1
20003,11
20003,21
20004,11
20004,16
20004,21
20005,11
20006,11
20006,15
20007,11
20007,31
20007,10
20008,14
20008,21
20008,15
20009,11
20009,21
20009,24
20010,11
20010,21
20010,24
20011,11
20011,2
20011,10
20012,11
20012,32
20012,31
20013,11
20013,14
20013,22
20014,11
20014,16
20014,22
20015,21
20015,19
20015,11
20016,11
20016,21
20016,19
20017,11
20017,22
20018,11
20018,21
20019,11
20020,11
20020,16
20020,21
20021,11
20021,31
20021,10
20022,11
20022,15
20023,11
20023,2
20023,15
20024,11
20025,1
20025,11
20025,21
20026,11
20026,2
20026,15
20027,11
20027,22
20028,11
20028,21
20028,22
20029,11
20030,11
20031,11
20032,11
20032,21
20032,24
20033,1
20033,11
20033,15
20034,11
20034,16
20034,21
20035,11
20036,11
20036,21
20037,11
20037,30
20037,22
20038,11
20038,16
20039,11
20039,21
20040,11
20040,16
20041,11
20042,11
20042,16
20043,11
20044,11
20044,31
20044,26
20045,11
20045,16
20045,22
20046,11
20046,21
20047,11
20047,21
20048,11
20048,24
20049,11
20050,11
20050,19
15772,2
15772,22
20051,11
20051,32
20052,11
20052,16
20052,21
20053,11
20053,2
20053,26
20054,11
20054,16
20054,22
20055,11
20055,21
20055,24
20056,11
20056,16
20057,11
20057,15
20057,31
20058,11
20058,6
20058,7
20059,11
20059,21
20060,11
20060,22
20061,11
20061,15
20061,16
20062,11
20063,11
20063,21
20064,11
20064,16
20064,22
20065,11
20066,11
20066,21
20066,24
20067,11
20067,21
20068,11
20068,16
20068,22
20069,11
20069,21
20070,11
20070,15
20070,32
18176,2
20071,11
20071,16
20071,21
20072,11
20072,2
20073,11
20074,11
20075,11
20075,16
20075,21
20076,11
20076,2
20076,22
20077,11
20077,15
20078,11
20078,22
20079,11
20079,15
20080,11
20081,11
20081,16
20081,21
20082,11
20082,15
20082,26
20083,11
20083,21
20084,11
20084,16
20084,21
20085,11
20085,31
20085,10
20086,1
20086,11
20086,26
20087,11
20087,21
20087,24
20088,11
20088,21
20089,11
20089,10
20089,26
20090,11
20090,15
20091,11
20091,2
20092,11
20093,11
20093,16
20093,21
20094,11
20094,31
20095,11
20096,11
20096,26
20097,11
20098,11
20098,31
20098,22
20099,11
20099,15
20099,22
20100,11
20101,11
20101,15
20101,32
20102,11
20102,16
20102,21
20103,11
20103,2
20103,19
20104,11
20104,15
20105,11
20106,11
20106,2
20106,15
20107,11
20107,2
20108,11
20108,32
20108,31
20109,11
20109,27
20109,24
20110,11
20110,2
20110,26
20111,11
20111,15
20112,11
20112,15
20113,11
20114,11
20114,21
20114,31
20115,11
20116,11
20116,2
20116,21
20117,11
20117,31
20118,11
20119,11
20120,11
20120,21
20120,24
20121,11
20121,21
20121,24
20122,11
20122,21
20123,11
20124,11
20124,2
20125,11
20126,11
20126,21
20127,11
20128,11
20129,11
20130,1
20130,11
20130,26
20131,11
20131,16
20131,31
20132,1
20132,11
20132,2
20133,11
20133,6
20133,21
20134,11
20134,2
20134,15
20135,11
20135,16
20135,21
20136,11
20136,15
20137,11
20137,15
20137,7
20138,11
20139,11
20139,2
20140,11
20140,16
20141,11
20142,11
20142,21
20142,29
20143,11
20143,21
20143,7
20144,11
20144,16
20144,22
20145,11
20145,21
20146,11
20146,15
20146,16
20147,11
20147,22
20148,11
20148,32
20149,11
20149,21
20149,24
20150,11
20150,22
20151,11
20151,16
20151,21
20152,11
20152,21
20153,11
20153,24
20154,11
20155,11
20155,2
20155,15
20156,11
20157,11
20158,11
20158,21
20158,22
20159,11
20160,11
20160,21
20160,24
20161,1
20161,11
20161,2
20162,11
20163,11
20163,21
20164,11
20164,21
20165,11
20166,11
20167,11
20168,11
20169,11
20170,11
20170,21
20170,24
20171,11
20171,2
20171,15
20172,11
20173,11
20173,21
20174,11
20174,21
20175,11
20176,11
20177,11
20177,2
20177,16
3113,22
20178,11
20178,15
20178,32
20179,11
20179,16
20179,21
20180,11
20180,2
20180,24
14129,2
20181,11
20181,16
20182,11
20182,21
20183,11
20183,21
20183,26
20184,1
20184,11
20184,26
20185,11
20185,32
20186,11
20186,2
20186,21
20187,11
20187,21
20187,24
20188,11
20188,26
20189,11
20190,21
20190,11
20190,29
20191,11
20191,2
20191,15
20192,11
20192,16
20192,22
20193,11
20194,11
20194,15
20194,24
20195,11
20195,21
20196,11
20196,21
20196,29
20197,11
20197,21
20197,7
20198,11
20199,11
20199,15
20199,21
20200,11
20200,24
16686,15
20201,1
20201,11
20201,21
20202,11
20202,15
20202,24
20203,11
20203,15
20204,11
20204,2
20204,15
20205,11
20205,32
20205,31
20206,1
20206,11
20206,15
20207,11
20207,32
20208,11
20209,11
20209,32
20210,11
20210,15
20210,16
20211,26
20211,11
20211,15
20212,11
20212,2
20212,16
20213,11
20213,21
20213,24
20214,11
20214,2
20214,15
20215,11
20215,16
20215,10
20216,11
20216,16
20216,22
20217,11
20217,32
20218,11
20219,11
20219,22
20220,11
20220,15
20220,16
20221,11
20222,11
20223,11
20223,26
20224,11
20224,2
20225,11
20225,2
20225,15
20226,11
20226,21
20227,11
20227,15
20227,21
20228,11
20228,15
20228,16
20229,11
20229,2
20229,15
20230,11
20231,11
20231,16
20232,11
20232,15
20232,14
20233,11
20234,11
20234,15
20234,16
20235,11
20235,2
20235,15
20236,11
20237,1
20237,11
20237,32
20238,1
20238,11
20238,21
20239,11
20239,26
20239,3
20240,11
20240,21
20240,22
20241,11
20242,11
20242,2
20243,11
20243,15
20243,21
20244,11
20245,11
20245,21
20246,11
20246,21
20247,11
20248,11
20248,21
20249,11
20249,21
20250,11
20250,2
20250,32
20251,11
20251,15
20252,11
20253,11
20253,21
20254,11
20254,16
20254,22
20255,11
20255,21
20255,22
20256,11
20256,21
20257,11
20257,2
20257,21
20258,11
20258,24
20259,11
20259,2
20259,15
20260,11
20260,32
20260,31
20261,11
20261,16
20261,22
20262,11
20263,11
20263,16
20263,21
20264,11
20264,31
20264,22
20265,11
20265,16
20266,11
20266,22
20267,11
20268,21
20268,11
20269,11
20269,15
20269,16
20270,11
20271,11
20271,16
20271,21
20272,11
20272,2
20272,27
20273,11
20273,2
20274,11
20274,15
20274,30
20275,11
20275,26
20276,11
20276,15
20277,11
20277,15
20277,21
20278,11
20278,15
20278,21
20279,11
20279,16
20279,21
20280,11
20281,1
20281,11
20281,21
20282,11
20283,11
20283,16
20283,21
20284,11
20284,21
20285,11
20285,22
3922,16
3922,21
20286,11
20286,21
20286,3
20287,11
20287,15
20288,11
20288,16
20288,19
20289,1
20289,11
20289,2
20290,11
20291,11
20291,2
20291,3
20292,11
20292,16
20292,21
20293,11
20294,11
20294,2
20294,22
20295,11
20295,16
20295,21
20296,11
20296,21
20296,24
20297,11
20297,10
13684,21
20298,11
20299,11
20299,22
20300,11
20300,21
20301,11
20301,16
20301,21
20302,11
20302,15
20302,32
20303,11
20303,16
20304,11
20304,2
20304,21
20305,11
20305,2
20305,15
20306,11
20306,26
20307,11
20307,16
20307,21
20308,11
20308,1
20308,21
20309,11
20309,15
20310,11
20310,2
20310,21
20311,1
20311,11
20311,2
20312,11
20312,16
20313,11
20313,7
20314,21
20314,11
20314,16
20315,11
12995,2
20316,11
20316,21
20317,11
20317,21
20318,11
20319,11
20320,11
20320,2
20320,16
20321,11
20321,16
20321,21
20322,11
20322,21
20322,24
20323,11
20324,11
20324,32
20325,11
20325,21
20325,24
20326,11
20326,21
20326,32
20327,11
20327,2
20327,16
7589,15
20328,11
20328,2
20328,21
20329,11
20329,16
20329,21
20330,11
20330,21
20330,32
20331,11
20331,21
20332,11
20333,11
20333,21
20334,11
20334,2
20334,21
20335,11
20335,2
20335,3
20336,11
20336,15
20336,10
20337,11
20337,15
20338,11
20339,11
20339,21
20339,22
20340,11
20340,21
20341,11
20341,15
20342,11
20342,2
20342,16
20343,11
20343,16
20343,22
20344,11
20344,15
20344,24
20345,11
20345,15
20346,11
20347,11
20348,11
20348,31
20349,11
20349,15
20349,21
20350,11
20350,22
20351,11
20352,11
20352,16
20352,21
20353,11
20353,15
20353,16
20354,11
20354,15
20355,11
20355,32
20355,26
20356,11
20357,11
20357,21
20358,11
20359,11
20359,16
20359,21
20360,11
20361,2
20361,21
20361,14
20362,11
20362,2
20362,22
20363,11
20363,16
20363,24
20364,11
20365,11
20365,16
20365,21
20366,11
20366,16
20366,22
20367,11
20367,16
20367,21
20368,11
20368,16
20368,21
20369,11
20369,16
20369,22
20370,11
20370,6
20370,21
20371,11
20371,21
20372,11
20372,2
20372,21
20373,11
20373,2
20373,21
20374,11
20374,16
20374,21
20375,11
20376,11
20376,2
20376,24
20377,11
20377,15
20378,11
20379,11
20379,16
20379,21
20380,11
20380,21
20380,10
20381,11
20382,11
20382,15
20383,11
20384,11
20384,21
20384,22
999,11
20385,11
20385,16
20385,21
20386,11
20386,15
20386,21
20387,11
20387,21
20388,11
20388,6
20388,21
3318,24
20389,11
20389,16
20389,21
20390,11
20390,15
20390,16
20391,11
20391,2
20391,21
20392,11
20392,2
20392,32
20393,11
20393,15
20393,32
20394,15
20394,11
20395,11
20395,16
20395,22
20396,11
20397,1
20397,11
20397,26
20398,11
20398,2
20398,32
20399,11
20400,11
20400,21
20401,11
20401,2
20401,21
20402,11
20403,11
20404,11
20404,2
20404,32
6833,3
20405,21
20405,11
20405,15
20406,11
20407,11
20407,15
20407,24
20408,11
20408,16
20408,21
20409,11
20409,16
20409,21
20410,11
20410,19
20411,11
20411,21
20412,11
20413,11
20413,21
20414,11
20414,21
20415,21
20415,11
20416,11
20416,15
20417,11
20417,15
20417,27
20418,11
20418,16
20418,21
20419,11
20419,22
20420,11
20420,15
20420,21
20421,11
20421,21
20421,7
20422,11
20422,32
20422,31
20423,11
20423,14
20423,24
7809,16
20424,11
20424,31
20425,11
20425,22
20425,31
20426,11
20426,16
20426,21
20427,11
20428,11
20428,21
20428,22
20429,11
20429,2
20429,15
20430,11
20430,15
20431,1
20431,11
20431,32
20432,11
20433,11
20433,21
20434,11
20434,21
20435,11
20435,16
20435,21
20436,11
20436,15
20437,11
20437,15
20437,21
17207,2
17207,16
20438,11
20438,16
20438,21
20439,11
20439,15
20440,11
20440,16
20440,21
20441,11
20441,2
20441,16
20442,11
20442,16
20442,21
20443,11
20444,11
20445,11
20445,15
20445,31
20446,11
20446,31
20446,10
20447,11
20448,11
20448,16
20448,21
20449,11
20450,11
20450,31
13285,22
20451,11
20451,21
20451,22
20452,11
20453,11
20453,16
20453,21
20454,11
20454,22
20455,11
20455,16
20455,22
20456,11
20456,21
20456,10
20457,11
20457,2
20457,15
20458,11
20458,2
20458,21
20459,11
20460,11
20460,15
3126,16
20461,11
20461,16
20461,21
20462,11
20462,2
20462,32
20463,11
20464,11
20464,16
20464,21
20465,11
20465,31
20465,22
20466,11
20466,16
20466,21
20467,11
20468,11
20468,15
20468,16
20469,11
20469,15
20470,11
20470,21
20470,7
20471,11
20471,21
20471,19
20472,11
20472,21
20473,11
20473,16
20473,21
20474,11
20474,16
20475,11
20476,11
20476,21
20477,11
20477,21
20477,26
20478,11
20478,15
20478,21
20479,11
20480,11
20480,21
20481,11
20481,15
20481,16
20482,11
20482,21
20483,11
20484,11
20484,16
20484,22
20485,11
20486,11
20486,21
20487,11
20487,2
20487,16
20488,11
20488,21
20488,27
20489,11
20490,11
20490,2
20490,16
20491,11
20491,15
20492,11
20492,31
20492,22
20493,11
20493,32
20493,2
20494,11
20494,10
20494,26
20495,11
20495,15
20496,11
20496,21
20496,19
20497,11
20497,16
20497,21
20498,11
20499,11
20500,11
20500,2
20500,21
20501,11
20501,16
20501,22
20502,11
20503,11
20503,29
20504,11
20504,15
20504,21
20505,11
20505,21
20506,11
20506,16
20506,21
20507,11
20507,16
20507,21
20508,11
20508,16
20508,22
20509,11
20509,15
20509,21
20510,11
20510,15
20510,21
20511,11
20511,16
20511,22
20512,11
20512,15
20512,16
20513,11
20513,2
20513,15
3730,22
20514,11
20514,26
20515,11
20515,26
20516,11
20516,16
20516,22
20517,11
20517,21
20517,22
20518,11
20518,16
20518,21
20519,11
20519,32
20520,11
20520,22
20520,19
20521,11
20521,15
20521,21
20522,11
20522,21
20523,11
20523,2
20523,15
20524,11
20524,21
20525,11
20526,11
20527,11
20528,11
20528,16
20528,22
20529,11
20529,15
20529,24
20530,11
20530,2
20530,26
20531,11
20531,31
20531,10
20532,11
20532,2
20532,16
20533,11
20533,22
20534,11
20534,2
20534,16
20535,11
20535,21
20535,24
20536,11
20536,2
20536,16
20537,11
20537,16
20537,21
20538,11
20538,32
20538,14
20539,11
20539,16
20539,22
20540,11
20540,21
20540,24
20541,11
20541,26
20542,11
20542,16
20542,21
20543,11
20543,21
20544,11
20544,21
20544,7
20545,11
20545,15
20545,16
20546,11
20546,24
20546,26
20547,11
20547,15
20547,14
20548,11
20548,32
20549,11
20549,21
20549,19
20550,11
20550,2
20551,11
7332,16
20552,11
20552,21
20552,22
20553,11
20553,16
20554,11
20554,21
20555,11
20555,21
20556,11
20556,2
20556,21
20557,11
20557,16
20557,21
20558,11
20558,21
20559,11
20559,2
20559,21
20560,11
19625,2
19625,32
20561,11
20561,2
20561,21
20562,11
20563,1
20563,11
20563,2
20564,11
20564,7
20564,22
20565,11
20565,21
20566,1
20566,11
20566,15
20567,11
20567,2
20567,15
20568,11
20568,21
20568,32
20569,11
20569,21
20570,11
20570,16
20570,21
20571,11
20572,11
20572,16
20572,24
20573,11
20573,22
20574,11
20574,2
20574,21
20575,11
20575,2
20575,21
20576,11
20577,11
20577,2
20577,21
20578,11
20579,11
20580,11
20580,21
20580,32
20581,11
20581,31
20581,26
20582,11
20582,21
20583,11
20583,21
20583,3
20584,11
20584,22
20585,11
20585,21
20586,11
20586,15
20587,11
20587,10
20588,11
20588,21
20589,11
20589,2
20589,32
20590,11
20590,16
20590,21
20591,11
20592,11
20593,11
20593,2
20593,21
20594,11
20595,11
20595,15
20595,19
20596,11
20596,31
20596,22
20597,11
20597,21
20597,7
20598,11
20598,21
20599,11
20599,2
20599,21
20600,11
20601,11
20601,2
20601,10
20602,11
20603,11
20603,16
20603,22
20604,11
20604,16
20604,21
20605,11
20605,21
20606,11
20606,16
20606,22
20607,11
20607,21
20608,1
20608,11
20608,10
20609,11
20609,16
20609,21
20610,11
20610,21
20610,7
20611,11
20611,21
20611,7
20612,1
20612,11
20612,15
20613,11
20613,31
20613,10
20614,11
20614,21
20615,11
20615,19
20616,11
20617,11
20617,26
20618,11
20619,11
20620,11
20621,11
20621,31
20621,26
20622,11
20622,21
20623,11
20624,11
20624,2
3885,2
20625,11
20625,21
20626,11
20627,11
20627,21
20628,11
20628,24
20629,11
20629,15
20629,16
20630,11
20630,26
20631,11
20632,11
20632,16
20632,21
20633,11
20633,26
20633,22
20634,11
20634,16
20634,21
20635,11
20636,11
20636,15
20637,11
20637,21
20637,22
20638,11
20638,16
20638,21
20639,11
20640,11
20640,2
20640,22
20641,11
20642,15
20642,11
20643,11
20644,11
20644,16
20644,22
20645,11
20645,15
20645,16
20646,11
20647,11
20647,16
20647,21
20648,11
20648,15
20648,24
20649,11
20649,21
20649,29
20650,11
20650,21
20650,24
13587,16
13587,24
20651,11
20651,15
20651,21
3434,16
3434,22
20652,11
20652,16
20652,21
20653,11
20654,11
4207,24
20655,11
20655,15
20655,16
20656,11
20656,22
20656,3
20657,11
20657,15
20658,11
20658,15
20659,11
20660,11
20660,16
20661,11
20661,21
20662,11
20662,15
20663,11
20663,15
20663,22
20664,16
20664,11
20664,15
20665,11
20665,16
20665,21
11355,29
20666,11
20666,16
20666,21
20667,11
20667,16
20668,11
20668,21
20668,3
20669,11
20669,16
20669,21
7560,21
7560,3
20670,11
20670,21
20671,11
20671,2
20672,11
20672,21
20673,11
20674,11
20674,2
20674,22
20675,11
20675,6
20675,16
20676,11
20677,11
20677,16
20677,21
20678,11
20678,15
11022,16
20679,11
20679,16
20679,24
20680,11
20680,15
20680,16
20681,11
20681,2
20681,15
20682,11
20682,10
20683,11
20683,15
20684,11
20684,2
20684,16
20685,11
20685,21
20686,11
20687,11
20688,11
20688,2
20688,16
20689,11
20690,11
20691,11
20691,21
20692,11
20692,2
20692,16
20693,11
20693,21
20694,11
20694,21
20694,3
20695,11
20695,21
7876,21
20696,11
20697,11
20698,11
20698,26
20699,11
20699,15
20699,22
20700,11
20701,11
20701,2
20701,26
20702,11
20703,11
20704,11
20704,15
20704,16
20705,21
20705,11
20706,11
20706,21
20706,19
20707,11
20707,21
20708,11
20708,16
20708,21
20709,11
20709,16
20709,21
20710,11
20710,21
20710,7
20711,11
20711,31
20712,11
20712,15
20712,21
20713,11
20713,16
20713,21
20714,11
20714,16
20714,26
20715,11
20715,26
20715,22
20716,11
20716,16
20716,21
20717,11
20717,15
20717,14
20718,16
20718,11
20718,21
20719,11
20720,11
20720,15
20720,16
20721,11
20721,24
20722,11
20722,31
20723,11
20723,2
20723,31
7822,26
20724,11
20724,2
20724,16
20725,11
20725,15
20726,11
20727,11
20727,21
20727,7
20728,11
20728,21
20728,24
20729,11
20730,11
20731,11
20731,22
20731,19
20732,11
20732,16
20733,11
20733,29
20734,1
20734,11
20734,2
20735,11
6431,16
6431,21
20736,11
20736,21
4540,16
20737,11
20738,11
20738,22
20739,21
20739,15
20739,11
20740,11
20740,15
20740,32
20741,11
20741,16
20741,22
20742,11
20742,22
20743,11
20743,16
20743,21
20744,11
20744,15
20744,31
20745,11
20746,11
20746,21
20746,10
20747,11
20747,16
20747,21
20748,11
20748,15
20749,11
20749,21
20750,11
20750,21
20751,11
20751,10
20752,11
20752,16
20752,21
20753,11
20753,2
20753,16
20754,11
20754,22
20755,11
20755,21
20755,31
20756,11
20756,21
20757,11
20757,15
20757,21
20758,11
20758,2
20758,21
20759,11
20760,11
20761,11
20761,16
20761,21
20762,11
20762,24
20762,26
20763,11
20764,11
20764,22
20765,11
20765,16
20765,21
20766,11
20767,11
20767,15
20768,11
20768,21
20769,11
20769,16
20770,11
20770,22
20771,11
20771,15
20771,24
20772,11
20772,15
20773,11
20774,11
20774,16
20774,21
20775,11
20775,16
20775,21
20776,11
20776,2
20776,32
20777,11
20778,11
20779,11
20780,11
20780,3
20781,11
20781,2
20781,15
2979,16
20782,11
20782,21
20783,11
20784,11
20784,21
20785,11
20785,15
20785,16
20786,11
20786,15
20786,21
20787,11
20787,21
20787,16
20788,11
20789,11
20789,26
20790,11
20790,21
20790,22
20791,11
20791,21
20791,30
20792,11
20792,16
20793,11
20794,11
20794,16
20795,11
20795,21
19313,24
20796,11
11019,24
20609,22
20797,11
20798,11
20798,21
20799,11
20800,1
20800,11
20800,21
20801,11
20802,11
20802,15
20802,29
20803,11
20803,21
20803,27
20804,11
20804,32
20804,31
20805,11
20805,31
20806,11
20806,22
20807,11
20807,21
20807,10
20808,11
20808,21
20808,22
20809,11
20810,11
20810,16
20811,1
20811,11
20811,2
20812,11
20812,15
20812,26
20813,11
20813,16
20814,11
20814,2
20814,16
20815,11
20816,11
20816,21
20816,22
20817,11
20817,16
20818,11
20818,15
20818,21
20819,11
20820,11
20820,2
20820,21
20821,11
20821,15
20821,16
20822,11
20822,21
20823,11
20823,15
20824,11
20824,16
20824,21
20825,11
20826,11
20826,21
20827,11
20827,2
20827,21
20828,11
20828,16
20828,21
20829,11
20829,21
20829,19
20830,11
20830,24
20830,3
20831,11
20831,21
20832,11
20832,2
20832,15
20833,11
20834,11
20834,16
20834,21
20835,11
20835,2
20835,32
20836,11
20837,11
20837,27
20838,11
20838,2
20838,21
20839,11
20840,11
20841,11
20842,11
20842,15
20843,11
20843,22
20844,11
20844,2
20844,24
20845,11
20846,11
20846,2
20847,11
20847,2
20847,21
20848,11
20848,31
20848,26
20849,11
20849,16
20850,11
20850,16
20851,11
20852,11
20852,21
20853,11
20853,15
20853,16
20854,11
20854,22
20855,1
20855,11
20855,2
20856,11
20856,16
20856,22
20857,11
20858,11
20858,15
20858,21
20859,11
20860,11
20861,11
20861,21
20861,24
20862,11
20863,11
20863,15
20863,21
20864,11
20864,15
20865,11
20866,11
20867,11
20867,21
20867,24
20868,11
20869,11
20869,2
20869,15
20870,11
20870,2
20871,11
20871,16
20872,11
20873,11
20874,11
20874,2
20874,22
20875,11
20876,11
20876,21
20876,19
20877,11
20877,21
20878,11
20878,16
20879,11
20879,2
20879,21
20880,11
20881,11
20882,11
20882,26
20883,11
20883,21
20883,22
20884,11
20884,16
20885,11
20885,2
20885,16
20886,11
20886,16
20886,10
20887,11
20887,2
20887,26
20888,11
20888,15
20889,11
20889,29
20890,11
20890,15
20890,21
20891,11
20891,15
20891,16
20892,11
20892,16
20892,21
20893,11
20893,2
20893,7
20894,11
20895,11
20896,11
20896,2
20897,11
20897,2
20897,21
20898,11
20898,16
20898,22
20899,11
20899,16
20899,21
20900,11
20900,21
20900,22
20901,11
20901,15
20902,11
20903,11
20904,11
20904,16
20904,21
20905,11
20905,15
20905,32
20906,1
20906,11
20906,2
20907,11
20908,11
20908,2
20909,11
20909,21
20909,22
20910,11
20911,11
20911,16
20911,21
20912,21
20912,11
20913,11
20913,16
20914,11
20914,21
20915,11
20915,15
20916,11
20917,11
20917,15
20918,11
20918,10
20919,11
20919,2
20919,3
20920,11
20921,11
20921,21
20921,22
20922,11
20922,32
20923,11
20923,2
20923,21
20924,11
20924,21
20924,22
20925,11
20925,10
20925,22
20926,11
20926,21
20927,11
20927,21
20928,11
20928,2
20928,16
20929,11
20930,11
20930,29
20931,11
20931,21
20931,24
20932,11
20932,16
20932,21
20933,11
20933,16
20933,21
20934,11
20934,21
20934,22
20935,11
20935,26
20936,11
20936,15
20936,16
20937,11
20937,6
20937,21
20938,11
20938,16
20938,22
20939,11
20940,11
20940,21
20941,11
20941,2
20941,15
20942,11
20942,21
20943,11
20943,15
20944,11
20944,15
20944,16
20945,11
20946,11
20946,21
20947,11
20947,21
20947,24
20948,11
20948,15
20948,16
20949,11
20949,2
20949,16
20950,11
20951,11
20951,7
20952,11
20953,11
20953,21
20953,22
20954,11
20954,21
20955,11
20955,7
20956,11
20956,31
20956,24
20957,11
20957,2
20957,21
20958,11
20958,21
20958,22
20959,11
20959,16
20959,21
20960,11
20960,21
20961,11
20961,2
20961,21
20962,11
20962,16
20962,21
20963,11
20963,16
20963,22
20964,11
20964,16
20964,21
20965,11
20965,16
20966,11
20966,2
20966,21
20967,11
20967,21
20968,11
20969,11
20969,26
20969,3
20970,11
20970,31
20971,11
20971,21
20971,22
20972,11
20972,26
20972,22
20973,11
20973,26
20974,26
20974,11
20974,2
20975,11
20976,11
20976,16
20976,21
20977,11
20977,2
20977,22
20978,11
20978,16
20978,22
20979,11
20979,16
20979,21
20980,11
20980,15
20981,11
20981,21
20982,11
20982,15
20982,21
20983,11
20983,22
20984,11
20984,16
20984,22
20985,11
20985,21
20985,24
2340,16
2340,21
20986,11
20987,11
20987,16
20987,22
20988,11
20989,11
20989,2
20990,11
20990,21
20990,2
20991,11
20992,1
20992,11
20992,21
20993,11
20993,2
20993,26
20994,11
20994,15
20995,11
20995,16
20995,22
20996,11
20996,2
20996,22
20997,11
20997,2
20997,21
20998,11
20998,2
20998,32
20999,11
20999,16
20999,21
21000,11
21000,16
21001,11
21002,11
21002,16
21002,21
21003,11
21003,21
21004,11
21004,7
21004,19
21005,11
21006,11
21007,11
21007,2
21007,31
21008,11
21008,16
21008,21
21009,11
21010,11
21010,22
11852,26
11852,22
2976,15
21011,11
21011,16
21011,31
21012,2
21012,21
21012,11
21013,11
21013,2
21013,32
21014,11
21014,16
21014,21
21015,11
21016,11
21016,16
21016,22
20814,1
20814,15
21017,11
21017,16
21017,10
21018,11
21018,26
21019,11
21020,11
21021,11
21022,11
21022,15
21023,11
21024,11
21024,16
21024,21
21025,11
21025,15
21026,11
21027,11
21027,30
21028,11
21029,11
21029,15
21030,11
21030,16
21030,21
14683,22
21031,11
21032,11
21032,2
21032,15
21033,11
21033,21
21034,11
21034,15
21034,32
21035,11
21035,2
21035,32
21036,11
21036,15
21036,22
21037,11
21037,15
21038,11
21039,11
21039,32
21040,11
21041,11
21042,11
21043,1
21043,11
21043,2
21044,11
21044,2
21044,16
21045,11
21045,16
21045,21
21046,11
21046,21
21047,11
21047,16
21048,11
21048,15
21048,24
21049,11
21049,15
21050,11
21050,21
21050,10
21051,11
21052,11
21053,11
21054,11
21055,11
21056,11
21056,2
21056,16
21057,11
21057,2
21057,21
21058,11
21058,2
21058,21
21059,11
21059,16
21060,11
21060,21
21061,11
21061,16
21062,11
21062,15
21062,31
21063,11
21063,16
21063,21
21064,11
21065,11
21065,16
21066,11
21066,22
21067,11
21067,21
21067,24
21068,11
21068,15
21069,11
21069,16
21069,21
21070,11
21070,31
21071,11
21071,2
21072,11
21073,1
21073,11
21073,32
21074,11
21074,2
21074,15
21075,11
21075,24
21076,11
21077,11
21077,2
21077,21
21078,11
21078,32
21078,7
21079,11
21079,15
21079,16
21080,11
21080,15
21081,11
21081,32
21081,26
21082,11
21082,21
21083,11
21083,21
21083,10
21084,11
21084,15
21084,7
21085,11
21085,21
21086,11
21086,16
21086,21
21087,11
21087,15
21087,16
21088,11
21088,15
21088,16
21089,11
21089,2
21089,16
21090,15
21090,11
21090,2
21091,11
21091,21
21091,32
21092,11
21092,15
21092,32
21093,11
21094,11
21094,16
21095,11
21095,2
21095,15
21096,11
21097,11
21097,21
21098,11
21099,11
21100,11
21100,21
21101,11
21101,22
21102,11
21102,15
21102,3
21103,11
21103,15
21103,31
21104,11
21104,2
21104,16
21105,11
21105,2
21105,21
21106,11
21106,2
21106,31
21107,11
21107,16
21107,21
21108,11
21108,15
21108,21
21109,11
21109,16
21109,21
21110,11
21110,21
21110,30
21111,11
21111,21
21111,32
21112,11
21112,2
21112,32
21113,11
21113,2
21113,21
21114,11
21114,2
21115,11
21115,16
21115,21
3590,21
21116,11
21116,32
21117,11
21117,15
21117,16
21118,11
21119,11
21120,1
21120,11
21120,2
21121,11
21121,21
21122,11
21123,1
21123,11
21123,2
21124,11
21124,16
21124,21
21125,11
21125,31
21125,26
21126,11
21126,2
21126,21
21127,11
21128,11
21129,11
21129,16
21129,21
21130,1
21130,11
21130,2
21131,11
21131,2
21131,22
21132,11
21132,24
21133,15
21133,32
21133,11
21134,11
21135,11
21135,15
21135,24
21136,11
21136,21
21137,11
21137,16
21138,11
21138,24
21139,11
21139,21
21139,31
21140,11
21140,16
21140,22
21141,11
21142,11
21142,2
21143,11
21143,6
21144,11
21144,15
21145,11
21145,16
21146,11
21146,21
21146,32
21147,11
21147,15
21147,24
21148,11
21148,31
21148,22
21149,11
21149,2
21149,15
21150,11
21150,16
21151,11
21152,11
21152,2
21152,16
21153,11
21154,11
21154,2
21155,11
21155,21
21156,11
21157,11
21157,2
21157,19
21158,11
21158,15
21158,21
21159,11
21159,15
21159,31
21160,11
21160,15
21160,24
21161,11
21161,2
21161,16
20193,31
21162,11
21162,21
21162,22
21163,11
21163,16
21164,11
21164,15
21164,21
21165,11
21165,21
21166,11
21167,11
21167,16
21167,21
21168,11
21168,21
21168,32
21169,11
21169,2
21169,21
21170,11
21170,2
21170,24
21171,11
21171,21
21172,11
21172,2
21173,11
21173,15
21173,22
21174,11
21174,16
21174,24
21175,11
21175,2
21175,15
21176,11
21176,15
21177,11
21177,15
21178,11
21178,7
21178,19
21179,11
21179,16
21179,21
21180,11
21181,11
21181,21
21181,22
21182,11
21182,2
21182,22
21183,11
21183,21
21184,11
21184,15
21184,32
21185,11
21185,15
21186,11
21186,21
21187,11
21187,21
21188,11
21189,11
21189,21
18278,21
21190,11
21190,16
21190,21
21191,11
21192,11
21192,2
21192,21
21193,11
21194,11
21195,11
21195,2
21196,11
21197,11
11162,16
11162,10
21198,11
21198,21
21199,21
21199,22
21199,11
21200,11
21200,21
21200,24
21201,11
21201,21
21202,11
21202,22
21203,11
21203,31
21203,26
21204,11
21204,21
21205,11
21205,2
21205,15
21206,11
21206,2
21207,11
21208,11
21208,15
21209,11
21209,21
21210,11
21210,15
21210,16
21211,11
21212,11
21212,16
21213,11
21214,11
21215,11
21215,31
21216,11
21216,32
21217,11
21217,16
21217,21
21218,11
21218,22
21218,19
21219,11
21220,11
21220,15
21221,11
21221,2
21221,21
21222,11
21222,22
21223,11
21224,11
21224,15
21224,21
21225,11
21225,16
21225,24
21226,11
21226,16
21226,21
21227,11
21227,22
21228,11
21228,2
21228,21
21229,11
21230,1
21230,11
21230,26
21231,1
21231,11
21232,11
21233,11
21234,11
21235,11
21235,22
21236,11
21236,21
21236,22
21237,11
21237,15
21238,11
21238,15
21238,3
21239,1
21239,11
21239,2
21240,11
21241,11
21241,15
21241,16
21242,11
21242,21
21242,3
21243,11
21244,11
21244,2
21244,10
21245,11
21245,15
21246,11
21246,22
21246,3
21247,11
21247,21
21247,10
21248,11
21248,16
21249,11
21249,16
21249,21
21250,11
21250,2
21250,16
21251,11
21252,11
21252,22
21253,11
21253,15
21254,11
21254,15
21254,24
21255,11
21255,16
21255,24
21256,11
21256,2
21256,26
21257,11
21258,11
21259,11
21259,26
21259,22
21260,11
21260,21
21260,32
21261,11
21261,16
21261,21
21262,11
21262,2
21262,16
21263,11
21263,15
21264,1
21264,11
21264,26
21265,11
21265,21
21265,24
21266,11
21266,21
21267,1
21267,11
21267,15
21268,11
21268,16
21268,22
21269,11
21269,2
21270,11
21270,21
21270,24
21271,11
21271,30
21272,2
21272,11
21272,15
21273,11
21273,21
21273,24
21274,11
21274,15
21274,21
21275,11
21275,16
21275,21
21276,11
21276,19
21277,11
21278,11
21278,2
21278,26
21279,11
21280,11
21280,29
21281,11
21281,21
21281,24
21282,11
21282,16
21282,21
21283,11
21283,2
21283,15
21284,11
21284,21
21285,1
21285,11
21285,21
21286,11
21286,15
21286,16
21287,11
21288,11
21288,21
21288,19
21289,11
21289,16
21289,21
21290,11
21290,15
21290,21
21291,11
21291,2
21291,21
21292,11
21292,16
21292,21
21293,11
21294,11
21295,11
21295,7
21296,11
21297,11
21297,22
21298,11
21298,21
21298,3
21299,11
21299,31
7197,2
7197,21
21300,11
21300,2
21300,21
21301,11
21301,21
21301,3
21302,11
21303,11
21303,21
21304,11
21305,11
21306,11
21307,11
21307,16
21307,21
21308,11
21308,21
21309,11
21309,15
21310,11
21311,11
21311,16
21311,22
21312,11
21312,27
21312,24
15442,2
21313,11
21313,2
21313,7
21314,11
21314,21
21314,24
21315,11
21315,2
21315,32
21316,11
21317,11
21317,16
21317,21
21318,11
21318,2
21318,21
21319,11
21319,21
21320,11
21320,15
21320,31
21321,21
21321,10
21321,22
21322,11
21323,11
21323,26
21324,11
21324,16
21324,21
21325,11
21326,11
21326,2
21326,21
21327,11
21327,15
21327,21
21328,11
21328,2
21328,15
21329,11
21330,11
21331,11
21331,15
21332,2
21332,15
21332,11
21333,11
21334,11
21334,16
21334,22
21335,11
21335,21
21335,22
21336,11
21336,31
21336,10
21337,11
21337,2
21337,10
21338,11
21338,15
21339,11
21339,21
21339,24
21340,11
21340,16
21340,21
21341,11
21341,21
21341,24
21342,11
21342,16
21342,21
21343,11
21343,15
21343,26
21344,11
21344,15
21344,16
21345,11
21345,16
21346,11
21346,16
21346,21
21347,11
21347,16
21347,21
21348,11
21349,11
21350,11
21350,21
21351,11
21351,15
21351,10
21352,11
21352,21
21353,11
21353,21
21353,26
21354,21
21354,11
21354,15
21355,11
21355,16
21355,21
21356,11
21356,21
21357,11
21357,15
21357,14
21358,11
21358,21
21358,24
21359,11
21359,21
21359,31
3991,22
21360,11
21360,15
21361,11
21362,11
21363,11
21363,29
21363,21
21364,11
21364,16
21364,21
21365,11
21365,2
21365,15
10915,22
21366,11
21366,32
21367,14
21367,11
21367,16
21368,11
21368,21
21369,11
21369,21
21369,7
21370,11
21370,15
21370,16
21371,11
21371,22
21372,11
21372,16
21372,24
21373,1
21373,11
21373,15
21374,11
21374,21
21375,11
21376,11
21376,15
21376,16
21377,11
21378,11
21378,15
21378,24
21379,11
21379,21
21379,24
15267,16
15267,24
21380,11
21380,21
21380,22
21381,11
21382,11
21382,21
21383,11
21383,15
21383,16
21384,11
21385,11
21385,16
21385,22
21386,2
21386,11
21386,21
21387,11
21388,11
21389,11
21389,22
21390,11
21391,11
21391,2
21391,15
21392,11
21392,2
21392,32
21393,11
21393,21
21394,11
21394,26
21395,11
21395,15
21395,21
21396,11
21396,21
21397,11
21397,16
21397,21
21398,11
21398,16
21398,22
4228,2
21399,11
21399,22
21400,11
21400,24
21400,3
21401,11
21401,2
21401,21
21402,11
21402,2
21402,21
21403,11
21403,21
21403,24
21404,11
21404,16
21404,21
21405,11
21405,21
21405,22
21406,21
21406,11
21407,11
21407,16
21407,21
21408,11
21408,2
21409,11
21409,15
14129,21
21410,11
21410,21
21411,11
21411,16
21411,21
21412,11
21412,2
21412,26
21413,11
21414,1
21414,11
21414,26
21415,11
21415,22
21416,11
21416,22
21417,11
21417,2
21418,11
21418,22
21419,11
21420,11
21421,11
21421,15
21421,21
21422,11
21422,2
21422,21
21423,11
21423,15
21424,11
21425,11
21425,2
21425,21
21426,11
21426,2
21426,22
21427,11
21428,11
21428,15
21428,22
21429,11
21429,21
21429,27
21430,11
21430,16
21430,21
21431,11
21431,2
21431,21
21432,11
21433,11
21434,1
21434,11
21434,16
21435,11
21435,15
21435,21
21436,11
21436,2
21436,21
21437,11
21437,32
21438,11
21438,21
21438,26
21439,11
21439,21
21439,24
21440,11
21440,21
21440,24
21441,11
21441,15
21442,11
21442,16
21442,21
21443,11
21443,16
21444,11
21444,21
21445,11
21445,21
21446,11
21446,16
21447,11
21447,2
21447,15
21448,11
21448,16
21448,21
21449,11
21449,24
21449,3
21450,11
21451,11
21451,15
21452,11
21452,21
21452,22
21453,11
21454,11
21454,2
21454,26
21455,11
21456,11
21456,15
21456,31
21457,11
21457,2
21457,21
21458,11
21458,15
21459,11
21459,16
21459,22
21460,11
21460,21
21460,7
21461,11
21461,2
21461,21
21462,11
21462,21
21463,11
21463,15
21463,16
21464,11
21464,2
21464,15
21465,1
21465,11
21465,2
21466,11
21466,2
21466,21
21467,11
21467,2
21467,32
21468,11
21468,7
21469,11
21469,2
21469,31
21470,11
21470,21
21471,11
21472,11
21472,16
21472,21
21473,1
21473,11
21473,2
21474,11
21474,3
21475,11
21476,11
21476,2
21476,15
21477,11
21477,15
21477,22
21478,11
21479,11
21479,15
21480,11
21480,16
21480,21
21481,11
21482,11
21482,21
21483,1
21483,11
21483,32
21484,11
21484,16
21485,11
21486,11
21486,19
21487,11
21487,22
21488,11
21488,21
21489,11
21490,11
21490,21
21491,11
21492,11
21492,15
21492,16
4924,32
4924,22
21493,11
21493,21
21494,11
21495,11
21495,2
21495,15
21496,11
21496,15
21496,31
21497,11
21497,2
21498,11
21498,15
21498,16
21499,11
21499,32
21499,26
21500,11
21501,11
21501,15
21502,11
21502,2
21502,31
15888,2
15888,14
21503,11
21503,16
21503,26
21504,11
21505,11
21505,16
21505,31
21506,11
21507,11
21507,2
21507,21
21508,11
21508,15
21508,24
21509,11
21510,11
21510,21
21510,24
21511,11
21511,15
21511,21
21512,11
21512,3
21513,11
21514,11
21515,11
21515,16
21515,21
21516,11
21517,11
21517,21
21517,24
21518,11
21519,11
21520,11
21521,11
21521,24
21522,11
21523,11
21524,1
21524,11
21524,15
21525,11
21525,16
21525,21
21526,11
21526,21
21527,11
21527,15
21528,11
21528,22
17169,22
21529,11
21529,16
21529,21
21530,11
21530,2
21530,31
21531,11
21531,15
21531,21
21532,11
21532,16
21533,11
21533,16
21533,21
21534,11
21535,11
21535,32
21535,7
21536,11
21536,26
21537,11
21537,21
21537,31
21538,11
21539,11
21540,11
21540,21
21540,10
21541,1
21541,11
21541,16
21542,11
21543,11
21543,2
21544,11
21545,11
21545,15
21545,16
21546,11
21546,16
21546,21
21547,11
21547,16
21547,21
21548,11
21548,24
21549,11
21550,11
21550,21
21550,22
21551,11
21552,11
21552,21
21552,32
21553,11
21553,16
21553,22
21554,11
21554,2
21555,11
21555,21
21555,29
21556,11
21556,21
21557,11
21558,11
21558,15
21559,11
21559,2
21559,21
21560,11
21560,27
21560,24
21561,11
21561,15
21562,11
21562,21
21563,11
21563,16
21564,11
21564,15
21565,11
21565,21
21566,11
21566,21
21567,11
21568,11
21569,31
21569,22
21569,11
21570,11
21570,2
21570,3
21571,11
21571,21
21571,32
21572,11
21572,21
21573,11
21573,16
21573,3
21574,11
21574,22
21575,11
21575,2
21575,21
21576,11
21576,16
21576,21
21577,11
21577,22
21578,11
21578,2
21578,15
21579,11
21579,32
21580,11
21580,16
21580,21
21581,11
21581,26
21581,22
21582,11
21582,21
21583,11
21583,16
21583,21
21584,11
21584,32
21585,11
21586,11
21586,16
21586,21
21587,11
21587,2
21587,21
21588,11
21588,31
21588,10
21589,11
21589,2
21589,15
21590,11
21591,11
21591,32
21592,11
21593,11
21594,11
21594,21
21595,11
21596,11
21596,21
21596,32
21597,11
21597,2
21597,21
21598,11
21598,24
21599,11
21599,15
21600,11
21601,11
21602,11
21602,16
21602,21
21603,11
21603,10
21603,22
21604,11
21604,16
21604,21
21605,11
21605,31
21606,11
21606,21
21606,27
21607,11
21607,21
21607,22
21608,11
21608,15
21609,11
21609,21
21609,32
21610,11
8261,16
21611,11
21611,2
21611,21
21612,11
21613,11
21613,6
21613,21
21614,11
21614,2
21615,11
21615,16
21615,21
21616,11
21616,15
21616,21
21617,11
21617,2
21617,7
5099,16
21618,11
21618,31
21618,22
21619,11
21619,31
21619,26
21620,11
21621,11
21621,32
21621,31
21622,11
21622,16
21623,11
21624,11
21624,2
21624,29
21625,11
21625,21
21626,11
21626,2
21626,29
8600,2
8600,14
21627,1
21627,11
21627,15
21628,11
21628,2
21628,16
21629,11
21629,2
21629,21
21630,11
21630,32
21630,26
21631,11
21632,11
21632,16
21632,22
21633,11
21634,11
21634,15
21634,16
21635,11
21635,2
21636,11
21636,21
21637,11
21637,21
21637,24
21638,11
21638,21
21638,10
21639,11
21639,16
21640,11
21640,2
21640,21
21641,11
21642,11
21642,15
21643,11
21644,1
21644,11
21644,2
21645,1
21645,11
21645,2
21646,11
21647,11
21647,22
21648,11
21648,2
21648,32
21649,11
21649,15
21650,16
21650,11
21651,11
21651,16
21651,21
21652,11
21652,16
21653,11
21653,2
21653,26
2567,22
21654,11
21654,16
21654,21
21655,11
21655,16
21655,21
21656,11
21656,2
21656,21
21657,11
21657,16
21657,31
21658,11
21658,2
21659,11
21659,21
21660,11
21661,11
21662,11
21662,21
21662,22
21663,11
21663,2
21663,31
21664,11
21664,2
21664,15
21665,11
21665,21
21665,24
21666,11
21667,11
21667,15
21667,16
21668,11
21668,2
21668,24
14775,21
21669,11
21669,22
21670,11
21671,11
21672,11
21672,15
21672,16
21673,11
21673,21
21673,10
21674,11
21675,11
21675,21
21675,22
21676,11
21677,11
21677,21
21678,11
21679,11
21680,11
21680,21
21681,11
21681,21
21682,11
21683,11
21683,21
21684,1
21684,11
21684,2
21685,11
21685,15
21685,24
21686,11
21686,16
21686,21
21687,11
21687,15
21687,21
21688,11
21689,11
21690,11
21690,21
21691,11
21691,21
21692,11
21692,16
21692,21
21693,11
21693,19
21694,11
21695,11
21695,15
21695,29
21696,11
21696,15
21697,11
21697,27
21697,24
21698,11
21699,11
21700,11
21701,11
21701,21
21701,29
21702,11
21702,3
21703,11
21703,10
21703,22
21704,11
21705,11
21705,7
21706,1
21706,11
21706,26
21707,11
21707,24
21708,11
21708,22
21709,11
21709,21
21710,11
21710,15
21711,11
21711,15
21712,11
21712,15
21713,11
21714,11
21714,21
21714,32
21715,11
21715,21
21715,22
21716,11
21716,32
21716,31
21717,11
21717,16
21717,21
21718,11
21718,2
21718,21
21719,11
21719,16
21719,21
21720,11
21720,15
21720,21
21721,11
21721,2
21721,32
21722,11
21722,15
21722,16
21723,11
21723,16
21724,11
21724,2
21724,21
21725,11
21725,2
21725,15
21726,11
21726,16
21727,11
21727,14
21728,11
21729,11
21729,15
21729,31
21730,11
21730,21
21730,22
21731,11
21731,21
21732,11
21732,2
21732,21
21733,11
21733,16
21733,22
21734,11
21735,11
21736,11
21737,11
21737,2
21737,16
21738,11
21739,11
21740,11
21740,21
21740,16
21741,11
21741,22
21742,11
21742,21
21743,11
21743,2
21743,16
21744,11
21744,15
21745,11
21745,16
21745,30
21746,11
21746,2
21746,15
21747,11
21748,11
21748,16
21749,11
21749,2
21749,15
21750,11
21750,21
21750,7
21751,11
21752,11
21752,32
21753,11
21753,15
21753,29
21754,11
21754,21
21755,11
21755,21
21756,11
21756,2
21756,16
21757,11
21757,15
21757,16
21758,11
21759,11
21759,21
21760,11
21760,31
21761,11
21762,11
21762,21
21763,2
21763,11
21763,21
21764,11
21764,15
21764,21
21765,11
21765,21
21765,22
21766,11
21766,16
21767,11
21767,2
21767,15
21768,11
21769,11
21769,2
21769,21
21770,11
21770,26
21770,22
10139,22
21771,11
21772,11
21773,11
21773,21
21774,21
21774,11
21775,11
21776,11
21776,7
21776,24
21777,11
21777,22
21778,11
21778,21
21778,19
21779,11
21779,21
21779,3
21780,11
21780,2
21780,21
21781,11
21782,21
21782,11
21782,32
21783,11
21783,16
21783,21
21784,11
21785,1
21785,11
21785,2
21786,11
21786,2
21786,22
21787,11
21787,2
21787,21
21788,11
21788,2
21788,21
21789,11
21789,21
21789,7
21790,11
21790,21
21791,11
21791,16
21791,21
21792,11
21792,21
21793,11
21794,11
21795,11
21796,11
21796,2
21796,10
21797,11
21798,11
21798,16
21798,21
21799,11
21799,21
21799,10
21800,11
21800,10
21801,11
21801,16
21801,21
21802,11
21803,11
21803,24
21803,22
21804,11
21804,21
21805,11
21805,24
21806,11
21806,16
21806,22
21807,11
21807,21
21808,11
21808,21
21808,7
21809,11
21810,11
21810,2
21810,15
21811,11
21811,2
21811,32
21812,11
21813,11
21814,11
21814,16
21814,21
21815,11
21815,16
21815,21
21816,11
21816,15
21816,31
21817,11
21818,11
21818,21
21819,11
21820,11
21820,16
21820,22
21821,11
21821,21
21821,27
21822,11
21823,11
21823,32
21823,26
21824,11
21824,21
21824,26
21825,11
21825,2
21825,32
21826,11
21826,16
21826,21
21827,11
21827,16
21827,21
21828,31
21828,11
21828,26
21829,11
21829,2
21829,6
21830,11
21830,21
21831,11
21831,21
21831,24
21832,11
21833,11
21833,16
21833,21
21834,11
21834,16
21834,10
21835,21
21835,11
21836,11
21836,21
21837,11
21837,21
21837,24
21838,11
21838,15
21839,11
21840,11
21840,16
21840,21
21841,11
21842,29
21842,11
21842,2
21843,11
21843,2
21843,15
21844,11
21844,2
21844,21
21845,11
21845,16
21845,21
21846,11
21847,11
21847,21
4050,2
21848,11
21848,16
21848,21
21849,11
21850,11
21851,11
21851,21
4093,21
4093,24
21852,11
21852,21
21853,11
21853,2
21853,15
21854,11
21854,2
21854,15
21855,11
21855,15
21856,11
21856,16
21857,11
21857,15
21857,19
21858,11
21858,24
21859,11
21859,31
21859,22
21860,11
21861,11
21861,6
21861,21
21862,11
21862,16
21862,21
21863,11
21863,16
21863,24
21864,11
21864,15
21864,16
21865,11
21865,15
21865,16
21866,21
21866,11
21866,22
21867,11
21867,21
8670,15
21868,11
21869,11
21869,2
21870,11
21870,2
21870,22
21871,11
21871,31
21872,11
21873,11
21873,16
21873,10
21874,11
21874,15
21874,22
21875,11
21875,21
21875,10
21876,11
21876,2
21877,11
21877,2
21877,26
21878,11
21879,11
21879,15
21879,21
21880,11
21880,21
21880,26
21881,11
21882,11
21883,11
21884,11
21885,11
21885,16
21885,21
21886,11
21886,21
21886,10
21887,11
21887,16
21887,21
21888,11
21889,11
21889,22
21890,11
21890,15
21890,22
21891,11
21891,21
21892,11
21892,2
21892,15
21893,11
21893,2
21894,11
21894,2
21894,15
21895,11
21895,15
21896,11
21896,22
21897,11
21897,15
21898,11
21898,6
21899,11
21899,2
21899,32
21900,1
21900,11
21900,2
21901,11
21901,16
21901,21
21902,11
21902,2
21902,21
21903,11
21904,11
21904,31
21904,26
21905,11
21906,11
21906,16
21906,21
21907,11
21907,16
21907,22
21908,11
21908,21
21908,16
21909,11
21910,11
21911,11
21912,11
21913,11
21913,21
21913,22
21914,11
21915,11
21915,16
21915,21
21916,11
21916,22
21917,11
21917,24
21917,22
21918,11
21919,11
21920,11
21920,21
21920,22
21921,11
21922,11
21922,2
21922,21
21923,11
21923,22
21924,11
21925,21
21925,11
21925,2
21926,11
21926,21
21927,11
21927,16
21927,21
21928,11
21928,21
21928,7
21929,11
21929,2
21930,11
21930,21
21931,11
21931,21
21931,27
21932,11
21932,21
21933,11
21933,15
21933,21
21934,11
21934,21
21935,11
21936,11
21937,11
21937,16
21937,22
21938,11
21938,2
21938,32
21939,11
21940,11
21940,21
21941,11
21942,11
21942,15
21942,21
21943,11
21943,2
21943,15
21944,21
21944,11
21945,11
21945,26
21946,11
21946,15
21947,11
21947,21
21947,10
21948,11
21948,21
21949,11
21950,11
21950,21
21951,11
21951,21
21952,11
21952,15
21952,16
21953,16
21953,11
21953,21
21954,11
21954,22
21955,11
21955,26
21956,11
21956,22
21957,11
21957,21
21957,31
21958,15
21958,11
21959,11
21959,2
21959,15
21960,11
21960,21
21960,22
21961,11
21962,11
21962,22
21963,11
21964,11
21964,2
21964,16
21965,11
21965,21
21965,31
21966,11
21966,15
21967,11
21967,6
21968,11
21968,2
21968,7
17214,16
17214,22
21969,11
21970,11
21971,11
21971,21
21972,11
21973,11
21973,15
21973,24
21974,11
21974,21
4899,31
21975,11
21975,21
21975,22
21976,11
21976,15
21977,11
21977,7
21978,11
21979,11
21979,22
2921,21
2921,24
21980,11
21981,11
21981,2
21981,10
21982,11
21982,22
21983,21
21983,11
21984,11
21985,11
21985,21
21985,3
21986,11
21987,11
21987,2
21987,15
21988,11
21988,31
21989,11
21990,11
21990,21
21991,11
21991,16
21991,21
21992,11
21992,15
21993,11
21993,15
21993,21
21994,11
21994,21
21995,11
21995,16
21996,11
21996,21
21997,11
21997,21
21998,11
21998,16
21998,24
21999,11
21999,21
21999,22
22000,11
22000,21
22001,11
22001,22
22002,11
22002,22
22003,11
22004,11
22004,26
22004,22
22005,11
22005,16
22005,22
22006,11
22006,22
22006,19
22007,11
22007,16
22007,22
22008,11
22008,16
22008,21
22009,11
22009,16
22009,21
22010,11
22010,15
22010,16
22011,11
22011,21
22011,3
22012,11
22012,16
22013,11
22013,21
22014,11
22014,21
22014,32
22015,11
22015,21
22016,11
22016,2
22016,3
22017,11
22017,15
22018,11
22018,16
22019,11
22019,21
22020,11
22020,16
22021,11
22022,11
22022,2
22022,10
22023,11
22023,21
22023,22
22024,11
22024,21
22024,7
22025,11
22026,11
22027,11
22028,11
22028,2
22029,11
22030,11
22030,15
22030,24
22031,11
22032,11
22032,15
22032,16
2347,15
22033,11
22033,15
22033,16
22034,11
22034,2
22034,19
22035,11
22035,16
22036,11
22037,11
22038,11
22038,21
22039,11
22040,11
22040,15
22041,11
22041,15
22041,16
22042,11
22042,2
22042,15
22043,11
22044,11
22044,31
22044,10
22045,11
22045,16
22045,21
22046,11
22046,2
22046,15
22047,11
22048,11
22048,15
22049,11
22050,11
22050,2
22050,3
22051,11
22051,15
22051,31
22052,11
22052,15
22052,21
22053,11
22054,11
22055,11
3378,2
3378,32
22056,11
22056,2
22056,24
6235,15
22057,11
22057,2
22057,3
22058,11
22058,16
22058,21
22059,11
22059,16
22060,11
22060,16
22060,21
22061,11
22061,2
22061,15
22062,11
22062,21
22062,24
22063,11
22064,11
22065,11
22066,11
22066,15
22067,11
22067,21
22067,24
20620,21
22068,11
22069,11
22069,2
22070,11
22070,2
22070,21
22071,11
22071,16
22071,21
22072,11
22072,15
22073,11
22073,21
22073,10
22074,11
22074,15
22074,32
22075,11
22075,15
22075,24
22076,11
22076,21
22076,24
22077,21
22077,11
22077,24
22078,11
22079,11
22079,2
22079,21
22080,11
22081,11
22081,21
22082,11
22082,21
22083,11
22083,16
22083,21
22084,11
22084,16
22085,11
22085,21
22086,11
22086,21
22086,24
22087,11
22087,15
22087,10
22088,11
22088,2
22089,11
22089,15
22090,11
22090,2
22090,16
22091,11
22091,2
22091,21
22092,11
22092,21
7318,21
9762,2
22093,11
22093,24
22094,11
22095,11
22095,21
22096,11
22096,16
22096,21
22097,11
22097,16
22097,21
22098,16
22098,11
22098,21
22099,11
22100,11
22100,19
22101,11
22101,21
22102,21
22102,29
22102,11
22103,11
22103,15
22104,21
22104,11
22104,19
22105,11
22105,2
22105,3
22106,11
22106,21
22106,19
22107,11
22107,2
22107,26
22108,11
22108,21
22109,11
22109,15
22109,31
22110,11
22111,11
22111,16
22111,21
22112,11
22113,11
22114,11
22114,16
22114,22
22115,11
22116,11
22116,2
22116,15
22117,11
22118,11
22118,2
22118,15
22119,11
22120,11
22120,21
22121,11
22121,21
22122,11
22122,21
22123,11
22123,21
22123,22
22124,11
22124,16
22124,21
22125,11
22125,15
22125,32
22126,11
22126,21
22127,11
22127,16
22127,21
22128,11
22128,21
22129,11
22129,15
22129,16
22130,11
22131,11
22132,11
22132,21
22133,11
22133,21
22133,22
22134,11
22134,15
22134,21
22135,11
22135,15
22135,31
22136,11
22136,16
22136,21
22137,11
22137,16
22137,21
22138,11
22139,11
22139,15
22140,11
22141,11
22141,21
22142,11
22142,21
22143,11
22143,15
22144,11
22144,2
22145,11
22145,22
22146,11
22146,21
22146,24
22147,11
22147,31
22147,26
22148,11
22149,11
22149,31
22150,11
22150,2
22150,32
22151,11
22151,10
22151,22
22152,11
22153,11
22153,16
22153,21
22154,11
22155,21
22155,11
22156,11
22156,16
22156,21
22157,16
22157,11
22158,11
22158,21
22159,11
22159,2
22159,15
22160,2
22160,11
22160,3
22161,11
22161,2
22161,15
22162,11
22163,11
22163,31
22164,11
22165,11
22165,32
22166,11
22166,2
22166,21
22167,11
22167,21
22167,22
22168,11
22168,2
22169,11
22169,21
22169,22
22170,11
22170,21
22171,11
22171,16
22171,21
22172,11
22172,21
22172,19
22173,11
22173,15
22174,11
22174,15
22175,11
22176,1
22176,11
22176,26
22177,11
22177,16
22177,22
22178,11
22179,11
22179,16
3730,21
22180,11
22180,2
22180,15
22181,11
22182,1
22182,11
22182,2
22183,11
22184,11
22184,24
22184,3
22185,11
22185,24
22185,22
22186,11
22186,2
22187,11
22187,22
22188,11
22188,21
22188,22
22189,11
22189,16
22189,22
22190,11
22191,11
22191,2
22192,11
22192,22
22193,11
22193,21
22193,14
22194,11
22194,15
22194,21
22195,11
22195,16
22195,21
22196,11
22197,11
22197,2
22197,15
22198,11
22198,16
22198,21
22199,11
22199,21
4075,22
22200,11
22201,11
22201,21
22201,31
22202,11
22203,11
22203,22
22204,11
22204,2
22204,16
22205,11
22205,16
22205,21
22206,11
22207,11
22207,16
22207,21
7729,21
22208,11
22208,21
22209,11
22209,16
22209,22
22210,11
22210,21
22210,19
22211,11
22211,2
22211,15
22212,11
22212,15
22212,16
22213,11
22214,11
22214,2
22214,16
22215,11
22215,21
22216,11
22216,26
22217,11
22217,2
22217,16
22218,11
22219,11
22219,21
22220,11
22220,21
22220,31
22221,11
22221,15
22221,16
6688,22
22222,11
22222,22
22223,11
22224,11
22224,22
22225,11
22226,11
22226,2
22226,7
22227,11
22227,15
22227,16
22228,11
22228,16
22229,11
22230,11
22230,24
22230,22
22231,11
22231,16
22231,21
22232,11
22232,15
22233,11
22234,11
22234,21
22234,16
22235,11
22236,11
22236,2
22236,15
22237,11
22237,15
22238,11
22238,21
22239,11
22239,2
22239,26
22240,11
22240,21
22241,11
22241,21
22241,7
22242,11
22243,11
22243,16
22244,11
22244,15
22245,11
22246,11
22246,16
22246,21
22247,21
22247,11
22247,3
22248,11
22248,22
22249,11
22249,2
22250,11
22250,21
22251,11
22252,11
22252,22
22253,11
22253,24
22253,22
22254,11
22254,2
22254,21
22255,11
22255,16
22255,21
22256,11
22257,11
22258,11
22258,15
22258,16
22259,11
22259,32
22259,24
22260,11
22260,22
22261,11
22261,16
22261,21
22262,11
22262,31
22262,26
4825,26
4825,22
22263,11
22263,15
22263,32
22264,11
22264,16
22265,11
22265,16
22265,21
22266,11
22266,21
22266,24
22267,11
22267,16
22267,21
22268,11
22268,16
22268,21
22269,11
22270,11
22270,15
22271,11
22271,22
22272,11
22272,21
22273,11
22273,27
22273,3
22274,11
22274,21
22274,10
22275,11
22275,24
22276,11
22276,21
22277,11
22277,15
22278,11
22279,11
22280,11
22281,11
22281,16
22281,21
22282,11
22282,31
22282,22
22283,11
22283,15
22283,22
22284,11
22284,15
22284,21
22285,11
22286,1
22286,11
22286,2
22287,11
22287,15
22288,11
22289,11
22290,11
22290,2
22290,27
22291,11
22291,2
22291,16
22292,11
22293,11
22293,15
22293,32
22294,11
22295,11
22296,11
22296,2
22296,21
22297,11
22297,21
22297,29
22298,11
22298,2
22298,21
22299,11
22299,16
22299,21
22300,11
22300,15
22300,21
22301,11
22301,16
22302,11
22302,24
22303,11
22303,16
22304,11
22305,11
22305,22
22306,11
22306,2
22306,29
22307,11
22308,11
22308,16
22309,11
22309,15
22310,11
22310,21
22311,11
22311,2
22311,32
22312,11
22312,21
22313,11
22314,11
22314,21
22315,11
22315,21
22316,11
22316,15
22316,21
22317,11
22317,16
22317,22
22318,11
22318,2
22318,15
22319,11
22319,21
22319,10
22320,11
22321,11
22321,21
22321,31
22322,1
22322,11
22322,21
22323,11
22323,16
22323,22
22324,11
22324,31
22324,22
22325,11
22325,15
22325,26
22326,11
22326,22
22327,11
22327,21
22328,11
22329,11
22329,32
22329,31
22330,11
22331,11
22331,2
22332,11
22333,21
22333,2
22333,11
22334,11
22334,2
22334,7
22335,11
22335,21
22335,32
22336,11
22336,15
22337,11
22337,21
22337,22
22338,11
22338,31
22339,11
22339,15
22339,16
22340,11
22341,11
22341,16
22341,21
22342,11
22342,15
22342,21
22343,11
22344,11
22344,32
22345,11
22345,26
22345,22
22346,11
22347,11
22347,21
22348,11
22349,11
22349,21
22350,11
22350,16
22350,21
22351,11
22351,15
22352,11
22352,16
22352,21
22353,21
22353,11
22354,11
22354,21
22354,24
22355,11
22356,11
22356,2
22356,21
22357,11
22357,21
22357,22
22358,11
22359,11
22359,2
22359,24
22360,11
22360,21
22361,11
22362,11
22362,2
22362,24
22363,21
22363,11
22363,16
22364,11
22365,11
22365,2
22365,16
22366,11
22366,16
22367,11
22367,29
22368,11
22368,21
22368,22
22369,11
22369,15
22369,16
22370,11
22370,21
22371,11
22371,2
22371,15
22372,11
22372,2
22372,21
22373,11
22373,16
22373,22
22374,11
22374,15
22375,11
22375,31
22376,11
22376,15
22376,16
22377,11
22377,16
22377,10
22378,2
22378,11
22378,24
22379,11
22379,21
22379,24
22380,11
22380,21
22381,11
22381,21
22382,11
22382,21
22383,11
22383,22
22384,11
22384,2
22384,15
22385,11
22385,21
22386,11
22386,21
22386,24
22387,11
22387,10
22388,1
22388,11
22388,31
22389,11
22389,16
22389,10
22390,11
22390,19
22391,11
22391,2
22391,21
22392,11
22392,2
22392,16
22393,11
22394,11
22395,11
22396,16
22396,21
22396,11
22397,11
22398,11
22398,16
22398,21
22399,11
22400,11
22400,16
22400,21
20036,2
20036,22
6058,2
22401,11
22401,21
22401,22
22402,11
22402,15
22402,21
22403,11
22403,2
22403,32
22404,11
22404,21
22405,11
22405,16
22405,32
22406,11
22406,15
22406,21
22407,11
22407,15
22407,21
22408,11
22408,21
22409,11
22409,16
22409,21
22410,11
22410,21
22411,11
22411,22
22412,11
22413,11
22413,16
22414,11
22414,2
22414,16
22415,11
22415,3
22416,11
22416,21
22417,11
22417,21
22417,7
22418,11
22418,26
22418,22
22419,11
22420,11
22421,11
22421,21
22422,11
22422,15
22423,11
22423,15
22423,31
22424,11
22424,31
2926,21
22425,11
22426,11
22427,11
22428,11
22428,31
22429,11
22429,14
22429,26
22430,11
22430,2
22430,16
3105,2
22431,11
22431,16
22431,21
22432,11
22432,15
22432,22
22433,11
22433,24
22434,11
22434,24
22435,11
22435,31
22435,10
22436,11
22436,15
22436,22
22437,11
22438,1
22438,11
22438,32
22439,11
22439,2
22439,21
7891,2
7891,21
22440,11
22440,2
22440,16
22441,11
22441,21
22441,24
22442,11
22442,21
22442,19
22443,11
22443,16
22444,11
22444,21
22444,30
22445,11
22445,15
22445,16
22446,11
22446,16
22446,21
22447,11
22448,11
22448,2
22448,21
17524,21
17524,31
22449,11
22449,2
22449,3
22450,11
22450,16
22450,21
22451,11
22451,21
22451,32
22452,11
22452,16
22452,21
22453,11
22453,2
22453,21
22454,11
22454,22
22455,11
22455,16
22455,21
22456,11
22456,16
22456,21
22457,11
22457,2
22457,15
22458,11
22458,2
22458,15
22459,11
22459,16
22459,21
19071,24
22460,11
22460,15
22460,16
22461,11
22461,21
22462,11
22462,22
22463,11
22463,16
22463,10
22464,11
22465,11
22466,11
22466,31
22466,22
22467,11
22467,16
22467,21
22468,11
22468,32
22468,26
22469,11
22469,2
22469,21
22470,11
22470,15
22470,21
22471,11
22471,22
22472,11
22472,21
22472,24
22473,11
22473,15
22474,11
22475,11
22475,21
22476,11
22476,22
22477,19
22477,11
22477,21
22478,11
22478,2
22478,15
22479,11
22479,15
22479,19
22480,11
22480,21
22481,11
22481,16
22482,11
22483,11
22484,11
22485,11
22485,21
22485,24
22486,11
22486,21
22487,11
22487,2
22487,24
22488,11
22488,16
22488,21
22489,11
22489,21
22489,24
22490,11
22490,21
22491,11
22492,11
22492,2
22492,10
22493,11
22493,24
22493,22
22494,11
22494,2
22494,21
22495,11
22495,21
22495,30
22496,26
22496,11
22496,2
22497,11
22497,2
22497,19
22498,11
22498,15
22499,1
22499,11
22500,11
22501,11
22501,16
22501,21
22502,11
22503,11
22503,21
22503,14
22504,2
22504,31
22504,11
22505,11
22505,15
22505,21
22506,11
22507,11
22507,16
22507,21
22508,11
22508,21
22509,11
22510,11
22510,16
22510,22
22511,11
22512,11
22512,21
22513,11
22513,21
22513,24
22514,11
22514,16
22514,21
22515,11
22516,11
22516,21
22517,11
22517,16
22517,21
22518,11
22519,11
22519,21
22519,7
22520,11
22520,2
22520,21
22521,11
22521,15
22521,16
22522,11
22523,11
22524,11
22524,21
22525,11
22525,2
22526,11
22527,11
22527,21
22527,19
22528,11
22528,2
22528,32
22529,11
22529,22
22530,11
22531,11
22531,16
22531,31
22532,11
22533,11
22533,15
22533,22
22534,11
22534,31
22535,11
22535,2
22535,15
22536,11
22537,11
22537,2
22537,26
22538,11
22539,11
22539,2
22539,3
22540,11
22541,11
22541,15
22542,11
22542,21
3905,31
22543,11
22543,2
22543,15
10317,21
22544,11
22544,2
22544,15
22545,11
22545,22
22546,11
22546,15
22546,31
22547,11
22548,11
22548,16
22548,21
22549,11
22549,15
22550,1
22550,11
22550,2
22551,11
22551,16
22552,11
22553,11
22553,15
22553,14
22554,11
22554,16
22554,21
10422,22
22555,11
22555,2
22555,15
22556,11
22556,2
22556,21
22557,11
22558,11
22558,16
22559,11
22559,15
22560,11
22560,21
22561,11
22561,16
22561,24
21911,15
21911,16
22562,11
22562,31
22562,24
22563,11
22563,21
22563,24
22564,11
22564,15
22564,24
22565,11
22565,15
22565,21
22566,11
22566,16
22566,22
22567,11
22567,16
22567,22
22568,11
22568,16
22568,21
22569,11
22569,15
22570,11
22570,15
22571,11
22571,21
22571,22
22572,11
22572,21
22572,22
22573,11
22574,11
22575,11
22575,2
22575,15
22576,11
22577,11
22578,11
22578,21
22579,11
22579,16
22580,11
22580,15
22580,29
22581,11
22581,16
22581,30
22582,11
22582,15
22582,16
22583,11
22583,2
22584,11
22584,2
22584,32
22585,11
22586,11
22586,16
22586,21
22587,11
22587,15
22588,11
22588,21
22589,11
22589,21
22590,11
22590,22
22591,11
22591,2
22591,21
22592,11
22592,16
22592,21
7111,21
22593,11
22594,11
22594,19
22595,11
22595,2
22595,26
22596,11
22596,32
22596,19
22597,11
22597,2
22597,32
22598,11
22598,24
22598,3
22599,11
22599,21
22599,15
22600,11
22601,11
22601,24
22602,11
22603,11
22603,21
22604,11
5509,24
22605,11
22606,11
22607,11
22607,21
22607,7
22608,11
22608,21
22609,11
22609,2
22610,11
22610,21
22611,11
22611,2
22612,11
22612,22
22613,11
22613,21
22614,11
22614,2
22614,32
22615,11
22616,11
22617,11
22617,15
22618,11
22618,15
22618,16
22619,11
22619,10
22619,26
22620,11
22620,22
22621,11
22622,11
22622,15
22622,22
22623,11
22623,16
22623,21
8202,21
20400,15
22624,11
22624,16
22624,22
22625,11
22626,11
22626,2
22626,21
22627,11
22627,15
22627,32
22628,11
22628,21
22628,26
22629,11
22630,11
22630,22
22631,11
22631,15
22631,16
22632,11
22632,16
22632,21
22633,11
22633,10
22633,22
22634,11
22634,21
22635,11
22635,21
22635,22
22636,11
22636,21
22636,22
22637,11
22637,2
22637,16
22638,11
22638,16
22638,21
22639,11
22639,21
22640,11
22640,21
22641,11
22642,11
22642,31
22642,30
22643,11
22643,2
22643,16
12798,16
22644,11
22645,11
2880,10
2880,26
22646,11
22646,22
22646,3
22647,11
22647,21
22648,11
22648,2
22648,31
22649,11
22649,15
22649,16
22650,11
22650,31
22650,3
22651,14
22651,21
22651,11
22652,11
22652,16
22652,21
22653,11
22653,19
4113,29
4113,32
22654,11
22654,16
22655,11
22655,21
22656,11
22656,19
22657,11
22657,21
22657,31
22658,11
22658,21
22659,11
22659,16
22659,21
22660,11
22660,16
22661,11
22661,16
22661,22
22662,11
22662,15
22663,11
22663,15
22663,16
22664,11
22665,11
22665,22
22666,11
22666,16
22666,22
22667,21
22667,11
22668,11
22668,21
22669,11
22669,15
22670,11
22670,26
22671,11
22672,11
22672,2
22672,19
22673,11
22673,2
22673,21
22674,11
22675,11
22676,11
22676,16
22676,21
22677,11
22677,21
22677,19
22678,11
22679,11
22679,21
22679,29
22680,11
22680,21
22680,7
22681,11
22681,16
22681,21
22682,11
22682,30
22683,11
22683,21
22683,14
22684,11
22684,16
22684,21
22685,11
22685,24
22686,11
22686,2
22687,11
22687,22
22688,11
22688,16
22688,22
22689,11
22689,16
22689,10
22690,11
22690,16
22690,21
22691,11
22691,21
22692,11
22692,15
22692,21
22693,11
22693,32
22694,11
22694,2
22694,26
22695,11
22696,11
22696,2
22696,32
22697,11
22697,16
22697,21
22698,11
22698,16
22698,21
22699,11
22700,11
22700,6
22700,21
22701,11
22701,15
22701,29
22702,11
22702,32
22703,11
22703,22
22704,11
22704,22
22705,11
22705,21
22705,22
22706,11
22707,11
22707,2
22707,24
22708,11
22709,11
22709,21
22709,32
22710,11
22711,11
22711,16
22711,21
22712,11
22712,16
22713,11
22713,2
22713,15
22714,11
22714,15
22715,11
22716,11
22716,21
22716,32
22717,11
22718,11
22718,22
22719,11
22719,15
22720,11
22720,2
22721,11
22722,11
22722,2
22723,11
22723,2
22723,16
22724,11
22724,16
22724,21
22725,11
22726,11
22726,16
22726,24
22727,11
22727,22
22728,11
22729,11
22729,21
22729,32
22730,11
22730,16
22730,21
22731,11
22731,21
22732,11
22732,21
22732,26
22733,11
22733,21
22733,32
22734,11
22734,21
22734,14
22735,11
22735,21
22736,11
22736,2
22736,15
22737,11
22737,16
22737,21
22738,11
22738,2
22738,15
22739,11
22740,11
22741,11
22741,16
22742,11
22742,2
22742,16
22743,1
22743,11
22743,2
22744,11
11394,16
11394,22
22745,11
22746,11
22746,21
22746,22
22747,11
22747,2
22747,24
22748,11
22749,11
22749,19
22750,11
22750,2
22750,26
22751,15
22751,11
22752,11
22753,11
22753,15
22753,16
22754,1
22754,11
22754,2
22755,11
22755,15
22756,11
22757,11
22757,2
22757,21
22758,11
22758,21
22759,11
22760,11
22760,2
22760,32
22761,11
22761,21
22761,19
22762,11
22762,2
22762,15
22763,11
22763,2
22763,21
22764,11
22764,15
22764,32
22765,11
22765,16
22766,11
22766,21
22766,27
22767,11
22767,32
22768,11
22768,21
22769,11
22769,2
22769,24
22770,11
22770,21
22771,11
22771,2
22771,21
22772,11
22772,15
22772,21
22773,11
22773,21
22773,19
22774,11
22774,15
22775,11
22775,16
22775,21
22776,11
22776,26
22776,22
22777,11
22777,21
22777,26
22778,11
22778,22
22779,11
22779,16
22779,22
22780,11
22780,15
22780,21
22781,11
22782,11
22782,2
22782,21
22783,11
22783,21
22784,11
22784,15
22784,16
22785,11
22785,21
22785,24
22786,11
22786,21
22786,22
22787,11
22788,11
22788,15
22788,16
22789,11
22789,16
22789,21
22790,11
22790,15
22791,11
22791,21
22792,11
22793,11
22793,22
22794,11
22794,16
22794,22
22795,11
22795,2
22795,21
22796,11
22796,24
22796,22
22797,11
22797,2
22797,16
22798,11
22799,11
22799,21
22799,24
22800,11
22801,11
22801,21
22802,11
22803,11
22803,15
22804,11
22804,2
22804,21
22805,11
22805,22
22806,11
22807,11
22808,11
22809,11
22809,15
22809,21
22810,11
22810,16
22811,11
22811,2
22811,21
22812,1
22812,11
22812,2
22813,11
22813,16
22813,21
22814,11
22814,21
22815,11
22815,21
22816,11
22816,21
22817,11
22817,2
22817,21
22818,11
22819,11
22820,11
22821,11
22821,21
22822,11
22822,2
22822,21
22823,11
22824,11
22824,2
22824,15
22825,11
22826,11
22826,15
22827,11
22827,15
22827,16
22828,11
22828,16
22829,11
22829,24
22830,11
22831,11
22832,11
22832,2
22832,21
22833,26
22833,11
22833,2
22834,11
22834,6
22834,21
22835,11
22835,16
22835,22
22836,11
22836,16
22837,11
22837,21
22838,11
22838,15
22839,11
22839,16
22839,21
22840,11
22840,7
22840,19
22841,11
22841,26
22841,22
22842,11
22842,21
22843,11
22843,2
22844,11
22844,16
22845,11
22845,21
22846,11
22846,2
22847,11
22847,31
22847,26
22848,11
22848,16
22848,21
22849,11
22849,31
22849,22
22850,11
22850,32
22851,11
22851,21
22852,11
22852,21
22853,11
22853,15
22854,11
18371,7
22855,11
22855,15
22855,31
22856,11
22856,21
22857,11
22857,16
22857,21
22858,11
22858,21
22859,11
22860,11
22860,26
22861,11
22861,15
22861,16
22862,11
22862,15
22863,11
22863,21
22864,11
22864,21
22864,19
22865,11
22865,2
22865,3
22866,11
22867,11
22867,16
22867,21
22868,11
22868,16
22868,22
22869,11
22869,16
22869,21
22870,11
22870,6
22870,16
22871,11
22871,2
22871,15
22872,11
22872,2
22872,15
22873,11
22874,11
22874,21
22875,11
22875,31
22876,11
22876,26
22877,11
22877,10
22877,31
22878,11
22879,11
22879,16
22880,11
22880,19
22881,11
22881,2
22881,3
22882,11
22882,21
22882,10
22883,15
22883,11
22883,21
22884,11
22884,24
22885,11
22885,15
22885,21
22886,11
22886,21
22887,11
22888,11
22888,21
22888,22
22889,11
22889,16
22889,21
22890,11
22890,2
22890,21
22891,11
22891,21
22892,11
22892,21
22892,24
22893,11
22893,15
7890,22
22894,11
22894,15
22894,22
22895,11
22895,21
22895,29
22896,11
22896,2
22896,21
22897,1
22897,11
22897,15
22898,11
22898,21
22898,24
22899,11
22900,11
22900,22
22901,11
22902,11
22903,11
22904,11
22904,16
22904,21
22905,11
22906,11
22906,15
22907,11
22907,29
22907,10
22908,11
22908,21
22909,11
22910,11
22910,2
22910,31
22911,11
22911,2
22911,21
22912,11
22913,11
22913,16
22913,21
22914,11
22914,2
22914,22
22915,11
22916,11
22916,16
22916,22
22917,11
22917,21
22917,2
22918,11
22918,21
22919,11
22920,11
22920,6
22921,11
22921,2
22922,11
22922,15
22922,16
22923,11
22923,22
22924,11
22925,11
22925,16
22926,11
22926,21
22926,10
22927,11
22927,22
22928,11
22929,11
22929,16
22929,21
22930,11
22930,26
22931,11
22931,15
22931,27
22932,11
22932,21
22933,11
22933,2
22933,10
22934,11
22934,15
22934,16
22935,11
22935,31
22936,11
22936,21
22936,10
22937,11
22937,16
22937,21
22938,11
22938,22
22939,11
22940,11
22940,16
22941,11
22941,21
22942,11
22942,21
22943,11
22943,24
22944,11
22944,2
22944,3
22945,11
13587,21
13587,22
22946,11
22947,11
22947,15
22948,11
22948,21
22948,24
22949,11
22949,2
22949,16
2338,22
22950,11
22950,31
22950,22
22951,11
22951,10
22952,11
22952,16
22952,21
22953,11
22954,11
22954,16
22954,21
22955,11
22955,6
22955,21
22956,11
22956,21
22957,11
22957,27
22957,3
22958,11
22958,22
22959,11
22960,11
22960,16
22961,11
22961,10
22962,11
22963,11
22963,21
22963,32
22964,11
22964,21
22964,22
22965,11
22965,16
22966,11
22967,11
22967,2
22967,16
22968,11
22968,21
22969,11
22969,21
22969,24
22970,11
22970,15
22971,11
22971,15
22972,11
22972,16
22973,11
22973,24
22974,11
22974,21
22974,27
22975,11
22976,11
22977,11
22977,2
22977,15
22978,11
22978,21
22979,11
22979,15
22979,21
22980,11
22981,11
22981,2
22981,21
22982,11
22982,15
22983,11
22984,11
22985,11
22985,21
22985,22
22986,11
22986,15
22986,16
22987,11
22987,16
22987,21
22988,11
22988,16
22988,21
22989,11
22989,15
22989,16
22990,11
22990,21
22991,11
22991,15
22991,21
22992,11
22992,2
22992,15
22993,11
22994,11
22994,2
22994,26
22995,11
6031,22
22996,11
22996,16
22996,24
22997,11
22997,21
22997,31
22998,11
22998,21
22998,22
22999,11
22999,2
22999,21
13194,14
23000,11
23000,16
23001,2
23001,11
23001,21
23002,11
23002,2
23002,21
23003,11
23003,2
23003,32
23004,11
23004,22
23005,11
23005,15
23006,11
23006,2
23006,32
23007,11
23008,11
23008,26
23009,11
23009,21
23010,11
23010,16
23010,22
23011,11
23011,21
23011,22
23012,11
23012,24
23013,11
23013,2
23013,24
23014,11
23014,15
23014,21
23015,11
23015,21
23015,24
23016,11
23016,31
23017,11
23018,11
23018,2
23018,16
23019,11
23019,3
23020,11
23021,11
23022,11
23022,21
23022,31
23023,11
23024,11
23024,31
23025,11
23025,21
23026,11
23027,11
23028,11
23028,22
23029,11
23029,15
23029,24
23030,11
23030,21
23031,11
23031,15
23032,11
23032,16
23032,22
23033,11
23033,29
23033,32
23034,11
23034,2
23034,16
23035,11
23035,15
23036,11
23036,21
23036,22
23037,11
23037,16
23037,22
23038,11
23039,11
23039,2
23039,32
23040,22
23040,11
23040,15
23041,11
23041,16
23041,21
23042,11
23043,11
23043,26
23044,11
23044,2
23044,16
23045,11
23045,2
23045,26
23046,11
23046,21
23047,11
23047,15
23048,11
23048,15
23048,16
23049,11
23050,11
23050,32
23050,31
23051,11
23051,15
23051,21
23052,11
23052,21
23052,29
23053,11
23053,15
23054,11
23054,2
23054,15
23055,11
23055,21
23056,11
23056,15
23056,16
23057,11
23057,22
23058,11
23058,15
23058,16
23059,11
23060,1
23060,11
23061,11
23061,2
23062,11
23063,11
23063,2
23063,16
23064,11
23064,21
23065,11
23065,21
23066,11
23066,16
23066,21
23067,11
23068,11
23068,21
23069,11
23069,26
23070,11
23070,16
23070,21
23071,11
23072,11
23073,11
23073,21
23074,11
23074,2
23074,15
23075,11
23076,11
23076,15
23077,11
23078,11
23078,21
23078,3
23079,11
23079,21
23080,11
23080,16
23080,21
23081,11
23081,2
23082,11
23082,16
23082,21
23083,1
23083,11
23083,2
23084,11
23084,16
23084,21
23085,11
23085,2
23086,11
23086,16
23086,21
23087,11
23087,6
23087,21
23088,11
23088,15
23088,21
23089,11
23089,2
23089,16
23090,11
23090,15
23090,26
23091,11
23091,3
23092,11
23093,11
23093,21
23094,11
23094,26
23095,11
3176,22
23096,11
23096,16
23096,22
23097,11
23097,22
23098,11
23098,32
23098,31
23099,11
23099,16
23099,21
23100,11
23101,11
23101,16
23101,22
23102,11
23103,11
23103,2
23103,15
23104,11
23105,11
23105,21
23106,1
23106,11
23106,2
23107,11
23107,6
23107,21
23108,11
23108,22
23109,11
23110,11
19642,2
19642,3
23111,11
23112,11
23113,3
23113,11
23114,11
23114,26
23115,11
23116,11
23116,15
23116,16
23117,11
23117,2
23117,21
23118,11
23118,15
23118,31
23119,11
23120,11
16806,22
23121,11
23121,16
23121,22
23122,11
23122,21
23123,11
23123,15
23123,24
23124,11
23124,2
23125,11
23125,16
23125,22
23126,11
23126,21
23126,19
23127,11
23127,22
23128,11
23128,16
23128,21
23129,11
23129,21
23130,11
23130,6
23130,21
23131,11
23131,15
23131,32
23132,11
23132,21
23133,11
23133,21
23133,24
23134,11
23134,21
23135,11
23135,32
23135,22
23136,11
23136,2
23136,16
23137,11
23137,15
23137,31
23138,11
23139,11
23139,2
23139,26
23140,11
23141,1
23141,11
23141,2
23142,11
23142,27
23142,24
23143,11
23143,2
23143,21
23144,11
23144,16
23144,21
23145,11
23145,21
23145,24
23146,11
23146,22
23147,11
23148,11
23149,11
23149,15
23150,11
23150,22
23151,1
23151,11
23151,7
23152,11
23152,2
23152,31
23153,11
23153,2
23153,26
23154,11
23154,16
23154,21
23155,1
23155,11
23155,21
23156,11
23156,15
23157,11
23157,16
23157,21
23158,11
23158,2
23159,11
23159,21
23159,10
23160,11
23161,11
23161,21
23162,11
23162,21
23162,7
23163,11
23163,16
23163,21
23164,11
23165,16
23165,22
23165,21
23166,11
23166,21
23166,22
23167,11
23168,11
23168,16
23168,21
23169,11
23169,21
23170,11
23171,11
23172,11
23172,2
23173,11
23174,11
23175,11
23175,2
23175,7
23176,11
23176,15
23177,11
23177,15
23177,21
23178,11
23178,2
23178,21
5010,16
23179,11
23179,2
23179,15
23180,11
23180,21
23181,11
23181,10
23182,11
23182,2
23183,11
23183,16
23183,21
23184,11
23184,15
23184,16
23185,11
20780,15
20780,16
23186,1
23186,11
23186,2
23187,11
23187,21
23187,24
23188,11
23188,21
23189,15
23189,21
23189,11
23190,11
23190,2
23190,26
23191,11
23192,11
23193,11
23193,26
23194,11
23194,16
23194,21
23195,11
23195,2
23195,32
23196,11
23196,15
23196,16
23197,11
23198,11
23198,15
23198,22
20045,2
23199,11
23199,2
23199,26
23200,11
23200,2
23200,3
23201,11
23202,11
23202,16
23203,11
23203,26
23204,11
23204,24
23205,11
23205,16
23205,21
11756,15
14573,21
23206,11
23206,19
23207,11
23207,16
23207,21
23208,11
23208,16
23208,22
23209,11
23209,15
23210,11
23210,15
23210,16
23211,11
23211,2
23212,11
23212,21
23212,24
23213,11
10803,24
23214,11
23215,11
23215,16
23216,11
23216,15
23217,11
23217,2
23217,21
23218,11
23219,11
23220,11
23220,21
23220,32
23221,11
23222,11
23222,21
23222,7
23223,11
23224,11
23225,11
23225,31
23226,11
23226,21
23226,24
23227,11
23227,21
23228,11
23229,11
23229,15
23229,30
23230,11
23230,16
23230,24
23231,11
23231,15
23232,11
23232,15
23233,11
23234,11
23235,11
23235,16
23236,11
23236,21
23237,11
23237,16
23238,11
23238,16
23238,21
23239,11
23239,6
23239,21
23240,11
23240,16
23240,22
23241,11
23241,6
23241,15
23242,11
23243,11
23243,22
23244,11
23245,11
23245,21
23245,24
23246,11
23246,15
23246,32
23247,11
23247,15
23248,11
23248,2
23248,31
23249,11
23249,15
23250,11
23251,11
23251,21
23251,24
23252,11
23252,2
23252,21
23253,11
23254,11
23254,15
23254,21
23255,11
23255,15
23255,31
23256,11
23256,26
23256,22
23257,11
23258,11
23258,21
23258,27
23259,11
23260,11
23260,21
23261,11
23261,21
23262,11
23262,32
23262,31
23263,11
23263,32
23263,31
23264,11
23265,11
23265,21
23265,24
23266,11
23266,31
23266,26
23267,11
23267,2
23267,15
23268,11
23269,11
23270,11
23270,16
23270,21
23271,11
23271,16
23271,21
23272,11
23272,16
23272,22
23273,11
23273,16
23273,21
23274,11
23274,15
23274,31
23275,11
23275,22
23275,3
23276,11
23276,16
23277,11
23277,2
23277,26
23278,11
23278,24
23278,3
23279,11
23280,11
23281,11
23282,11
23282,21
23282,7
23283,11
23283,16
23283,22
23284,11
23285,11
23286,11
23286,22
23287,11
23287,31
23288,11
23288,26
23289,11
23289,27
23289,3
23290,11
23290,32
23290,22
23291,1
23291,11
23291,2
23292,11
23293,11
23293,32
23294,11
23294,21
23294,22
23295,11
23296,1
23296,11
23296,2
23297,11
23298,11
23299,11
23299,21
23299,24
23300,11
23300,21
23300,24
23301,11
23301,16
23301,21
23302,11
23302,15
23302,21
23303,11
23304,11
23304,21
23305,11
23305,15
23305,21
23306,11
23307,11
23307,15
23307,21
23308,11
23309,11
23309,16
23310,11
23310,16
23311,10
23311,22
23311,11
23312,11
23313,11
23313,26
23314,11
23314,22
23315,11
23315,2
23316,11
23316,21
23317,11
23318,11
23318,16
23318,21
23319,11
23319,2
23320,11
23321,11
23321,21
23322,11
23322,29
23323,11
23323,32
23324,11
23324,21
23324,3
23325,11
23326,11
23326,16
23327,11
23327,15
23328,11
23329,11
23329,2
23329,21
23330,11
23331,11
23331,21
23331,14
23332,11
23332,2
23332,3
23333,11
23333,21
23334,11
23335,11
23335,21
23335,27
23336,11
23336,16
23337,11
23337,15
23337,22
23338,11
23338,21
23339,11
23339,26
23340,11
23340,21
23341,11
23342,11
23342,15
23343,11
23343,2
23343,15
23344,11
7830,16
23345,11
23346,11
6160,22
23347,11
23347,15
23347,21
23348,11
23348,21
23348,24
23349,11
23349,15
23350,11
23351,11
23351,16
23351,21
23352,11
23353,11
23353,2
23354,11
23354,2
23354,15
23355,11
23355,2
23355,15
23356,11
23356,2
23357,11
23358,11
23358,21
23359,11
23360,11
23361,11
23361,21
23361,24
23362,11
23362,2
23362,21
23363,11
23363,15
23364,11
23364,7
23365,11
23365,22
23366,11
23367,11
23367,16
23367,22
23368,11
23369,11
23369,21
23370,11
23370,2
23370,24
23371,11
23372,11
23372,2
23372,29
23373,11
23374,15
23374,21
23374,11
23375,11
23375,22
23376,11
23376,21
23377,11
23377,16
23377,22
23378,11
23378,15
23378,27
23379,11
23380,11
23381,11
23381,16
23381,22
23382,11
23382,15
23383,11
23384,11
23384,15
23384,21
23385,1
23385,11
23385,2
23386,11
23386,15
23386,21
23387,11
23387,16
5065,21
23388,11
23388,2
23388,15
23389,11
23389,15
23390,11
23390,2
23390,7
23391,11
23391,2
23392,11
23392,22
23393,11
23394,11
23394,26
23395,11
23395,15
23395,24
23396,11
23396,15
23397,11
23397,21
23397,31
23398,11
23398,14
23398,24
23399,11
23399,22
23400,11
23400,15
23400,21
23401,11
17958,16
23402,21
23402,11
23402,22
23403,11
23403,16
23404,11
23404,21
23404,22
23405,11
23405,22
23406,11
23406,21
23407,11
23407,15
23408,11
23408,2
23408,21
23409,11
23409,15
23409,21
23410,11
23410,2
23410,3
23411,11
23412,11
23413,11
23414,11
23414,30
23415,11
23416,11
23416,21
23416,32
23417,11
23418,11
23418,31
23418,22
23419,11
23419,31
23419,22
19726,2
23420,11
23421,11
23422,11
23423,11
23423,26
23423,22
23424,11
23424,21
23425,11
23425,21
23426,11
23426,2
23426,21
23427,11
23427,21
23428,11
23429,2
23429,11
23430,11
23430,22
23431,11
23431,21
23432,11
23432,21
23433,11
23434,11
23434,16
23434,21
23435,21
23435,11
23436,11
23436,21
7361,16
7361,22
23437,11
23438,11
23438,2
23438,32
23439,11
23439,21
23439,22
23440,11
23440,16
23441,11
23442,11
23442,32
23442,26
23443,11
23443,15
23443,24
23444,11
23445,11
23446,11
23447,11
23448,11
23448,31
23449,11
23449,19
23450,11
23450,21
23451,11
23451,21
23451,32
23452,11
23452,16
23453,11
23453,21
23454,11
23454,21
23455,11
23455,16
23455,21
23456,11
23456,21
23456,24
23457,11
23457,27
23457,24
23458,11
23459,11
23460,11
23461,11
23461,21
23461,31
23462,11
23462,21
23463,11
23463,2
23463,32
23464,11
23464,15
23465,11
23465,21
23465,19
23466,11
23467,11
23467,22
23468,11
23468,16
23469,11
23469,10
23470,11
23470,2
23470,21
23471,11
23472,11
23472,21
23472,29
23473,11
23474,11
23474,16
23474,21
23475,11
23475,15
23476,11
23476,32
23476,26
23477,11
23477,15
23477,16
23478,11
23478,16
23478,21
23479,11
23480,11
23480,16
23481,11
23481,21
23482,11
23482,2
23482,21
23483,11
23483,32
23484,11
23485,1
23485,11
23485,21
23486,11
23486,16
23486,21
23487,11
23487,15
23488,11
23488,22
23489,11
23489,21
23489,22
23490,11
23491,11
23492,11
23493,21
23493,11
23493,2
23494,11
23495,1
23495,11
23496,11
23496,31
23496,24
23497,11
23497,21
23497,10
23498,11
23498,16
23498,21
23499,11
23499,2
23499,15
23500,11
23500,21
23501,11
23501,2
23501,24
23502,1
23502,11
23502,2
23503,11
23503,2
23503,26
23504,11
23504,21
23505,11
23505,16
23505,21
18701,16
23506,11
23507,11
23507,15
23507,16
23508,11
23509,11
23509,2
23509,21
23510,11
23510,2
23510,15
23511,2
23511,11
23512,11
23512,2
23513,11
23514,11
23514,22
23515,11
23515,2
23516,11
23516,15
23516,16
23517,11
23518,11
23518,16
23518,21
23519,11
23519,21
23520,11
23520,21
23520,14
23521,11
23521,2
23521,21
23522,11
23522,21
23230,21
23523,11
23523,26
23524,11
23525,11
23525,31
23525,26
23526,11
23526,24
23527,16
23527,11
23528,11
23528,16
23528,21
23529,11
23530,11
23530,16
23530,21
23531,11
23531,2
23531,21
23532,11
23533,11
23533,15
23534,11
23534,15
23535,11
23535,21
23536,11
23536,31
23536,10
23537,11
23537,31
23537,3
23538,11
23539,11
23539,2
23539,16
23540,11
23540,2
23540,21
23541,11
23541,15
23541,21
23542,11
23542,21
23542,30
23543,11
23543,16
23543,21
23544,11
23544,15
23544,21
23545,11
23545,2
23545,29
23546,11
23546,32
23546,26
23547,11
23547,16
23548,11
23548,21
23549,11
23550,11
23550,21
10009,26
23551,11
23552,11
23552,2
23552,16
23553,11
23553,21
23553,22
23554,11
23554,15
23554,31
14775,2
23555,11
23555,27
23555,24
23556,11
23557,11
23557,21
23558,11
23558,21
23559,11
23560,11
23561,11
23562,11
23562,2
23562,21
23563,11
23563,2
23563,16
23564,11
23564,16
23564,21
23565,11
23565,21
23566,11
23566,15
23566,26
23567,11
23568,11
23568,2
23569,11
23570,11
23570,21
23570,19
23571,11
23572,11
23573,11
23573,21
23574,11
23574,2
23574,21
23575,11
23575,15
23575,21
23576,11
23577,11
23577,16
23578,11
23578,15
23578,31
11004,16
23579,11
23579,21
23580,11
23580,15
23581,11
23581,21
23581,22
23582,11
23582,2
23582,26
23583,11
23583,2
23583,15
23584,11
23584,2
23585,11
23585,16
23585,24
23586,11
23586,15
23587,11
23588,11
23588,16
23588,21
23589,11
23589,32
23589,22
23590,11
23591,11
23591,21
6617,2
6617,24
23592,1
23592,11
23592,21
3287,21
23593,11
23593,21
23593,7
23594,11
23595,11
23595,15
23595,22
23596,11
23596,31
23597,11
23597,16
23597,21
23598,11
23598,21
23598,7
23599,11
23599,16
23599,21
3794,16
23600,11
23600,15
23600,31
23601,11
23602,11
23602,2
23603,11
23603,22
23603,3
23604,11
23604,21
14843,2
23605,11
18685,21
23606,11
23606,22
23607,11
23607,21
23608,11
23609,11
23609,2
23609,21
23610,11
23610,16
23610,21
23611,11
20262,21
23612,11
23612,21
23613,11
23614,11
23614,15
23614,16
23615,11
23615,15
23615,16
23616,11
23617,11
23618,11
23618,31
21299,21
23619,11
23620,11
23621,11
23622,11
23622,15
23622,21
23623,11
23623,2
23623,22
23624,11
23624,16
23624,21
23625,11
23625,15
23626,11
23626,21
23626,29
23627,11
23627,21
23628,11
23628,2
23628,15
23629,11
23629,15
23629,22
23630,11
23631,11
23631,16
23631,26
23632,11
23633,11
23633,2
23634,11
23634,2
23635,11
23635,2
23635,22
23636,11
23636,32
23636,24
11714,22
23637,11
23638,11
23639,11
23639,16
23639,21
23640,11
23640,21
23641,11
23641,32
23641,26
20528,21
23642,11
23642,21
23642,22
23643,11
23644,11
23645,11
23645,2
23645,31
23646,11
23647,11
23647,16
23648,1
23648,11
23648,2
23649,11
23649,2
23649,3
23650,11
23650,16
23650,22
23651,11
23651,2
23652,11
23653,11
23654,11
23655,11
23655,16
23655,21
23656,11
23657,11
23657,2
23657,15
23658,1
23658,11
23658,21
23659,11
23659,15
23659,16
23660,11
23661,11
23661,31
23661,22
23662,11
23663,11
23664,11
23664,2
23664,10
23665,11
23665,15
23665,21
23666,11
23666,2
23666,21
23667,11
23668,11
23668,2
23668,21
23669,11
23669,2
23669,21
23670,11
23671,2
23671,3
23671,11
23672,11
23672,2
23672,15
23673,11
23673,2
23673,15
23674,11
23675,11
23675,21
23675,22
23676,11
23676,24
23677,11
23677,19
23678,11
23679,11
23679,2
23679,15
23680,11
2989,21
23681,11
23681,2
23681,15
23682,11
23683,11
23683,24
23684,11
23684,2
23684,15
23685,11
23686,11
23686,15
23686,21
23687,11
23687,16
23687,21
23688,11
23689,11
23689,21
23690,11
23690,31
23691,11
23691,22
23692,11
23692,21
23692,22
23693,11
23694,11
23694,16
23694,21
23695,11
23695,21
23696,11
23696,2
23696,15
23697,11
23698,11
23698,16
23699,11
23699,15
23699,16
23700,1
23700,11
23700,15
23701,11
23701,21
23701,29
23702,11
23703,11
23703,21
23704,11
23704,26
23705,11
23705,22
23706,11
23706,2
23706,15
23707,11
23707,32
23708,11
23709,11
23709,21
23710,11
23710,15
23710,21
23711,11
23711,2
23712,11
23712,21
23713,11
23713,21
23714,11
23714,15
23714,16
23715,11
23715,21
23715,22
23716,11
23716,21
23717,11
23718,11
23719,11
23719,15
23719,21
23720,11
23720,24
23720,22
23721,11
23722,11
23723,11
23723,21
23723,22
23724,11
23725,11
23725,15
23725,21
23726,11
23726,2
23726,15
23727,11
23728,11
23728,2
23728,16
23729,1
23729,11
23730,11
23730,21
23730,3
23731,11
23731,2
23731,21
23732,11
23733,11
23733,31
23733,3
23734,11
23734,15
23734,16
23735,11
23736,11
23737,11
23737,19
23738,11
23739,11
23740,11
23740,22
23741,11
23741,21
23741,22
23742,11
23742,15
23742,21
23743,11
23743,21
23743,10
23744,11
23745,11
23745,31
23746,11
23746,21
23746,30
23747,11
23747,21
23748,11
23749,11
23749,16
23749,21
23750,11
23750,21
23750,24
23751,11
23751,21
23751,3
23752,11
23752,16
23752,22
23753,11
23753,16
23753,21
23754,11
23754,16
23755,11
23755,16
23755,21
23756,21
23756,11
23757,11
23758,11
23758,2
23759,11
23759,2
23759,32
23760,11
23760,21
23760,22
23761,11
23761,2
23761,15
23762,11
23762,29
23762,32
23763,11
23764,11
23764,26
2788,15
2788,21
23765,11
23765,2
23765,22
23766,11
23766,2
23766,32
23767,11
23768,11
23768,21
23769,11
23770,11
23771,11
23772,11
23773,11
23773,21
23773,24
23774,11
23774,2
23775,11
23776,11
23777,11
23778,11
23778,21
23778,22
23779,11
23779,21
23780,11
23780,15
23780,24
23781,11
23782,2
23782,11
23782,16
23783,11
23783,19
23784,11
23785,11
23785,31
23786,11
4711,16
4711,21
23787,11
23787,22
23788,11
23788,16
23788,21
23789,11
23789,22
23790,11
23790,16
23790,21
23791,11
23791,24
23791,22
23792,11
23792,21
23793,11
23793,3
23794,11
23795,11
23796,11
23796,15
23796,21
23797,11
23798,11
23798,15
23799,11
23800,11
23800,31
23801,11
23801,21
23801,19
23802,11
23803,11
23804,11
23805,11
23805,19
23806,11
23806,16
23806,21
23807,11
23808,11
23808,16
23808,21
23809,11
23809,21
23810,11
23810,21
23810,24
23811,11
23811,15
23812,11
23812,2
23812,21
23813,11
23814,11
23814,15
23814,16
8527,16
23815,11
23816,11
23816,15
23816,16
23817,11
23817,2
23817,21
23818,11
23818,21
23818,24
23819,11
23820,11
23820,21
23821,11
23821,16
23821,21
23822,11
23823,11
23823,21
23823,22
23824,11
23824,2
23825,11
23825,31
23825,10
23826,11
23826,16
23826,21
23827,11
23827,16
23827,21
23828,11
23828,15
23828,16
23829,11
23829,2
23829,22
23830,11
23831,11
23832,11
23833,11
23833,22
23834,11
23834,21
23834,22
23835,11
23835,21
23836,11
23836,16
23836,21
23837,11
23837,15
23837,24
23838,11
23838,21
23838,29
23839,11
23839,22
23840,11
23840,2
23840,32
23841,11
23842,1
23842,11
23842,2
23843,11
23843,22
23844,11
23844,16
23844,21
23845,11
23845,21
23845,29
23846,11
23847,11
23848,11
23848,2
23848,21
23849,11
23849,16
23850,11
23850,24
23851,11
23851,32
23852,21
23852,11
23852,19
23853,11
23854,11
23854,2
23854,29
23855,1
23855,11
23855,21
23856,11
23856,16
23856,22
23857,11
23858,11
23858,32
23858,22
23859,11
23859,21
23860,11
23860,21
23861,11
23861,15
23861,32
23862,11
23862,2
23862,32
23863,11
23863,21
23864,11
23864,21
23865,11
23865,22
23866,11
23867,11
23867,21
23867,22
23868,11
23868,15
23868,16
23869,11
23869,16
23869,21
23870,11
23870,16
23870,21
23871,11
23871,21
23872,11
23872,21
23872,22
23873,11
23873,16
23873,26
23874,11
23874,2
23874,15
23875,16
23875,11
23875,21
23876,11
23876,21
23876,22
23877,11
23877,21
23878,11
23879,11
23879,26
23880,1
23880,11
23880,24
23881,11
23881,2
23881,16
23882,1
23882,11
23882,2
23883,11
23883,2
23884,11
23884,16
23884,21
23885,11
23885,15
23885,21
23886,11
23886,21
23886,26
23887,11
23888,11
23888,2
23888,22
23889,11
23889,15
3399,32
23890,11
23891,11
23891,15
23891,21
23892,11
23892,2
23893,11
23893,6
23893,21
23894,11
23894,16
23894,10
23895,11
23895,16
23895,21
23896,11
23896,16
23896,21
23897,11
23898,11
23899,11
23899,21
23900,11
23900,7
23900,19
23901,11
23901,2
23902,11
23902,15
23902,16
23903,11
23903,2
23903,19
23904,11
23904,15
23905,11
23905,15
23905,16
23906,11
23906,26
23906,22
23907,11
23907,19
23908,11
23908,26
23909,11
23909,16
23910,11
23911,11
23911,16
23911,21
23912,11
23912,26
16033,22
23913,11
23913,22
23914,11
23915,11
23916,11
23916,15
23917,11
23917,2
23917,27
23918,11
23918,15
23918,16
23919,11
23919,22
23920,11
23920,21
23920,32
23921,11
23921,21
23922,11
23922,16
23922,21
23923,11
23923,15
23923,3
23924,11
23924,2
23924,21
23925,11
23925,22
23926,11
23926,22
23927,11
23927,21
23927,7
23928,11
23928,21
23928,32
23929,11
23929,16
23930,11
23931,11
23931,21
23932,11
23932,21
2880,22
23933,11
23933,15
23933,31
23934,11
23934,15
23934,24
23935,11
23935,16
23935,21
23936,11
23936,21
23937,11
23937,21
23937,24
23938,11
23938,2
23938,15
23939,11
23939,2
23939,32
23940,1
23940,11
23940,32
23941,11
23941,2
23941,21
23942,11
23942,21
23943,11
23944,11
23944,32
23945,11
23945,21
23945,22
23946,11
23947,11
23947,2
23947,15
23948,11
23949,11
23949,21
23950,11
23950,21
23951,11
23952,11
23952,2
23952,16
23953,11
23953,2
23953,16
23954,11
23954,15
23954,24
23955,11
23956,11
23956,16
23956,22
23957,11
23957,21
23958,11
23958,16
23958,10
23959,11
23960,11
23961,11
23961,21
23962,11
23962,21
23962,19
23963,11
23963,16
23963,21
23964,11
23964,2
23965,11
23965,2
23965,3
23966,11
23966,2
23966,26
23967,11
23968,11
23968,2
23968,16
23969,11
23969,2
23970,11
23970,2
23970,21
23971,11
23971,16
23971,21
23972,11
23972,21
23972,22
23973,11
23973,15
23973,16
23974,11
23974,21
23974,24
23975,11
23976,11
23976,22
23977,11
23978,11
23979,11
23979,16
23979,24
23980,11
23981,11
23981,21
23981,19
23982,1
23982,11
23982,32
23983,11
23983,15
23983,31
23984,11
23984,16
23984,10
23985,11
23985,16
23985,21
23986,11
23986,2
23986,31
23987,11
23987,26
23987,22
23988,11
23988,2
23988,22
23989,11
23990,11
23990,16
23991,11
23991,15
23991,16
23992,11
23992,31
23992,22
23993,11
23993,26
23994,11
23995,11
23995,21
23996,11
23996,15
23997,11
23998,11
23999,11
24000,11
24001,11
24001,16
24002,11
24002,2
24002,16
24003,11
24003,26
24003,22
24004,11
24004,16
24004,21
24005,11
24005,2
24005,15
24006,11
24006,16
24007,1
24007,11
24007,21
24008,11
24008,2
24009,11
24009,16
24009,21
24010,11
24010,21
24010,7
24011,11
24011,31
24011,22
24012,11
24012,22
24013,11
24013,21
24013,24
24014,11
24014,16
24015,11
24015,2
24015,22
24016,11
24017,11
5636,22
24018,11
24018,31
24018,22
24019,11
24020,11
24020,21
24020,31
24021,11
24021,21
24021,10
24022,11
24022,16
24022,21
24023,11
24023,16
24023,10
24024,11
24024,21
24025,11
24025,2
24026,11
24026,16
24026,21
24027,11
24027,21
24028,1
24028,11
24028,21
24029,11
24029,31
24029,2
24030,11
24030,2
24030,26
24031,11
24031,15
24032,11
24032,31
24032,22
24033,11
24033,21
24033,22
24034,11
24034,16
24034,21
24035,11
24035,16
24035,21
24036,11
24037,11
24038,11
24038,21
10267,2
24039,11
24039,16
24039,21
24040,11
24040,16
24040,22
24041,11
24041,19
24042,11
24042,2
24042,32
24043,11
24043,21
24044,11
24044,15
24045,11
24045,16
24045,21
24046,11
24047,11
24048,11
24049,11
24050,11
24051,11
24052,11
24053,11
24053,30
24054,11
24054,15
24054,24
24055,11
24056,11
24056,2
24056,29
24057,11
24058,11
24058,2
24059,11
24059,21
24060,11
24060,15
24061,11
24061,2
24061,19
24062,11
24062,26
24063,11
24063,16
24063,22
23016,26
24064,11
24064,21
24065,11
24065,2
24066,11
24066,22
24067,11
24067,31
24067,26
24068,11
24069,11
24069,21
24070,11
24070,15
24070,27
24071,11
24072,11
24072,22
24073,11
24073,15
24074,11
24074,16
24074,10
24075,11
24076,11
24076,2
24077,11
24077,21
24078,11
24079,11
24079,21
24080,11
24081,11
24081,2
24081,15
24082,11
24082,2
24082,24
12569,15
24083,11
24083,16
24083,30
24084,11
24085,11
24086,11
24086,22
24087,11
24087,15
24087,14
24088,11
24088,16
24088,21
24089,11
24089,22
24090,11
24091,11
24092,11
24093,11
24093,16
24093,21
24094,11
24094,15
24095,11
24095,21
24095,7
20424,22
24096,11
24096,7
24096,19
24097,11
24097,21
24097,24
24098,11
24099,11
24099,16
24099,21
24100,11
24100,15
24100,3
24101,11
24102,11
24102,21
24103,11
24103,15
24104,11
24104,21
24105,11
24105,2
24105,24
24106,11
24106,26
24107,11
24107,16
24107,21
24108,11
24108,15
24108,16
24109,11
24110,11
24110,16
24110,21
24111,11
24111,21
24112,11
24112,16
24112,21
24113,11
24113,21
24114,11
24114,16
24114,21
24115,11
24115,21
24115,32
24116,11
24117,11
24118,11
24118,21
24119,11
24120,11
24121,11
24121,31
24122,11
24122,21
24122,19
24123,11
24123,16
24123,21
24124,11
24124,2
24124,32
2990,24
24125,15
24125,11
24125,2
24126,11
24126,15
24127,11
24127,2
24127,22
24128,11
24128,22
24129,15
24129,11
24129,16
24130,21
24130,11
22254,10
22254,24
12312,22
24131,11
24132,11
24132,2
24132,32
24133,11
24133,24
24133,22
24134,11
24135,11
24135,16
24135,21
24136,11
24136,2
24136,21
24137,11
24137,22
24138,11
24138,16
24138,21
24139,11
24139,21
24139,29
24140,11
24140,32
24141,11
24142,11
24143,11
24143,16
24143,21
24144,11
24145,11
24145,15
24145,2
24146,11
24146,16
24146,21
24147,11
24147,21
24148,11
24148,15
24148,21
24149,11
24149,16
24150,11
24150,21
24150,7
24151,11
24151,24
24152,11
24153,11
24153,15
24153,21
24154,11
24155,11
24155,21
24155,24
24156,11
24156,22
24157,11
24157,16
24157,21
24158,11
24158,16
24159,11
24160,11
24160,16
24161,11
24161,2
24161,32
24162,11
24163,11
24163,10
24164,11
24165,11
24165,2
24165,21
24166,11
24166,24
24166,22
24167,11
24167,21
24168,11
24169,11
24169,16
24169,21
24170,11
24170,15
24170,21
2290,15
24171,11
24171,21
24172,11
24173,11
24174,11
24175,11
24176,11
24176,16
24176,21
24177,11
24177,15
24178,11
24178,15
24179,11
24179,7
24180,11
24180,2
24180,24
24181,11
24182,11
24182,2
24182,16
24183,11
24183,21
24183,19
24184,1
24184,11
24184,15
24185,11
24186,11
24187,11
24187,15
24187,31
24188,11
24188,22
24189,11
24190,11
24190,6
24190,21
24191,11
24191,24
24191,30
24192,11
24192,15
24193,11
24194,11
24194,15
24194,16
24195,11
24195,15
24195,26
24196,11
24196,15
24196,22
24197,11
24197,2
24198,11
24198,21
24199,11
24199,2
24199,21
24200,11
24201,11
24201,26
24202,11
24202,2
24202,15
24203,11
24203,2
24203,16
24204,11
24205,11
24205,6
24205,21
24206,11
24206,21
24206,19
24207,11
24208,11
24208,21
24209,11
24209,21
24209,24
24210,11
24210,21
24211,11
24211,16
24211,21
24212,11
24212,21
24212,19
24213,11
24213,16
24213,14
24214,11
24214,16
24214,22
24215,11
24215,22
24216,11
24216,2
24216,21
24217,11
24218,11
24218,2
24218,32
24219,11
24219,24
24220,11
24221,11
24221,16
24222,11
24223,11
24223,15
24224,11
24224,15
24224,27
24225,11
24226,15
24226,3
24226,11
24227,11
24227,31
24228,11
24228,16
24229,11
24229,31
24230,11
24230,16
24230,19
24231,11
24231,2
24232,11
24232,29
24232,14
24233,11
24233,19
8281,21
8281,29
24234,11
24234,21
24234,10
24235,11
24235,2
24235,16
24236,11
24236,21
24237,11
24238,11
24239,11
24239,15
24239,22
24240,11
24240,15
24241,11
24241,6
24241,21
24242,11
24243,11
24243,16
24243,21
24244,11
24245,11
24245,24
24246,11
24246,15
24246,24
24247,11
24248,11
24248,31
24249,11
24249,16
24249,21
24250,11
24250,15
24251,11
24251,15
24251,24
24252,11
24252,22
24253,11
24253,21
24253,22
24254,11
24254,21
24255,11
24255,26
24256,11
24256,16
24256,26
24257,11
24258,11
24258,2
24258,16
24259,11
24259,21
24259,24
24260,11
24260,21
24261,11
24262,11
24262,2
24262,21
24263,11
24263,2
24263,16
24264,11
24264,2
24264,21
24265,11
24266,11
16585,10
16585,22
24267,11
24268,11
24268,22
24269,11
24269,15
24270,11
24270,15
24270,32
24271,11
24272,11
24272,21
24272,7
24273,11
24273,21
24274,11
24275,11
24275,21
24276,11
24276,21
24276,24
24277,11
24277,16
24277,21
24278,11
24278,15
24279,11
24280,11
24280,31
24281,11
24282,11
24282,2
24282,21
24283,11
24283,16
24283,21
24284,11
24284,32
24284,22
24285,11
24285,21
24286,11
24286,15
24287,11
24288,11
24288,16
24288,21
24289,11
24289,2
24289,26
24290,11
24290,16
24290,21
24291,11
24291,21
24292,11
24292,15
24293,11
24293,15
24294,11
24294,2
24294,32
5855,10
24295,11
24295,21
24296,11
24296,2
24296,22
24297,11
24297,15
24298,11
24298,15
24298,16
24299,11
24299,2
24299,32
24300,11
24300,32
24300,24
24301,11
24301,22
24302,11
24302,2
24303,11
24303,22
24304,11
24304,21
24304,22
24305,11
24305,2
24305,7
24306,11
24306,21
24307,11
24308,11
24308,2
24308,15
24309,11
24309,15
24309,21
24310,11
24311,11
24311,16
24311,22
24312,11
24312,15
24313,11
24314,11
24314,2
24314,15
24315,11
24315,15
24316,11
24316,21
24316,19
24317,11
24317,15
24317,26
24318,11
24318,15
24318,21
24319,11
24319,16
24319,22
24320,11
24320,21
24321,11
24321,16
24321,21
24322,11
24322,29
24322,32
24323,11
24324,11
24324,21
24325,11
24325,15
24326,11
24326,21
24327,11
24328,11
24328,16
24329,11
24330,11
24330,31
24330,26
24331,11
24331,15
24331,21
24332,11
24332,26
24333,11
24333,2
24333,22
24334,11
24334,21
24335,11
24335,15
24336,11
24336,21
24337,11
24337,21
24337,10
24338,11
24338,16
24338,21
24339,11
24339,21
24339,3
24340,11
24340,16
24340,21
24341,11
24341,21
24342,11
24343,11
24343,16
24343,21
24344,11
24344,15
24344,16
24345,11
24345,15
24345,21
24346,11
24346,16
24347,11
24347,21
24348,11
24348,15
24348,10
24349,11
24349,16
24349,10
24350,11
24351,11
24351,2
24351,26
24352,11
24352,21
11875,16
11875,21
24353,11
24353,16
24353,22
24354,11
24354,2
24355,1
24355,11
24355,2
24356,11
24356,21
24356,22
24357,11
24357,16
24358,11
24358,3
24359,11
24359,15
24359,21
24360,11
24360,2
24360,7
24361,11
24362,11
24363,11
24364,11
24364,2
24365,11
24365,16
24365,21
24366,11
24366,22
24367,11
24367,16
24367,21
24368,11
24368,3
24369,11
24369,16
24369,21
24370,11
24370,15
24370,32
24371,11
24371,15
24372,11
24372,21
24372,22
24373,11
24373,16
24373,31
24374,11
24375,11
24375,21
24376,11
24377,11
24378,11
24378,2
24379,11
24380,11
24381,11
24381,16
24381,21
24382,11
24382,21
24382,19
24383,11
24384,11
24384,16
24385,11
24385,21
24385,22
24386,11
24386,2
24386,32
24387,11
24388,11
24388,21
24389,11
24389,15
24389,31
5936,21
5936,19
24390,11
24390,2
24390,21
24391,11
24391,21
24391,31
24392,11
24392,2
24392,22
24393,11
24393,2
24394,11
24395,11
24396,11
24397,11
24397,2
24397,32
24398,11
24398,21
24398,22
24399,11
24399,21
24400,11
24400,2
24400,32
24401,11
24402,11
24402,21
24402,24
24403,11
24403,16
24403,21
24404,11
24405,11
24406,11
24406,16
24406,21
24407,11
24407,21
24407,16
24408,11
24408,16
24409,11
24409,21
24410,11
24410,32
24411,11
24412,11
24412,2
24412,16
24413,11
24413,22
24414,11
24414,15
24414,21
24415,11
24415,21
24415,14
24416,11
24416,2
24416,21
24417,11
24418,11
24418,32
24419,11
24420,11
24420,16
24421,11
24421,2
24421,15
24422,11
24422,22
24423,11
24423,16
24423,21
24424,11
24424,21
24424,10
24425,11
24425,32
24426,11
24426,15
24426,16
24427,11
24428,11
24428,2
24429,11
24430,11
24430,22
24431,11
24431,2
24432,11
24433,11
24434,11
24434,1
24434,16
24435,11
24436,11
24436,2
24436,29
24437,11
24437,7
24438,11
24439,11
24439,2
24439,21
24440,11
24440,16
24441,11
24441,21
24441,24
24442,11
24442,15
24443,11
24443,21
24443,24
24444,11
24444,21
24444,10
24445,11
24445,21
24446,11
24446,15
24446,24
24447,11
24447,2
24448,11
24448,2
24448,21
24449,11
24449,21
24449,26
24450,11
24450,21
24450,24
14818,21
24451,11
24451,16
24451,21
24452,11
24452,15
24452,21
24453,11
24453,2
24453,15
24454,11
24454,21
24455,11
24456,11
24456,16
24457,11
24457,16
24458,11
24458,2
24458,7
24459,11
24459,2
24460,11
24460,24
24460,22
24461,11
24462,11
24462,26
24463,11
24464,11
24465,11
24465,16
24465,22
24466,11
24467,11
24468,11
24468,22
24469,11
24469,21
24470,11
24470,16
24470,21
24471,11
24471,22
24472,11
24472,15
24472,21
24473,11
24474,11
24474,15
24475,11
24476,11
24477,11
24477,21
24477,27
24478,1
24478,11
24478,2
10317,10
24479,11
24479,26
24479,22
24480,11
24480,22
24481,11
24481,21
24481,24
24482,11
24483,11
24483,15
24484,11
24484,31
24484,22
24485,11
24485,2
24485,29
24486,11
24487,11
24488,11
24488,21
24489,1
24489,11
24489,2
24490,11
24490,6
24490,21
24491,11
24492,11
24492,16
24492,21
24493,11
24493,15
24494,11
24494,26
24495,11
24495,15
24496,11
24496,2
24496,19
24497,11
3999,21
3999,27
24498,11
24498,15
24499,11
24499,21
24500,11
24500,32
24500,26
24501,11
24502,11
24503,11
24503,32
24504,11
24504,16
24504,21
24505,11
24506,11
24507,11
24507,2
24507,16
24508,11
24509,11
24509,21
24510,11
24510,15
24511,11
24512,11
24512,21
24512,7
24513,11
24513,19
24514,11
24514,2
24514,16
24515,16
24515,11
24515,22
24516,11
24516,2
24516,26
24517,11
24517,2
24517,21
24518,11
24518,15
24519,11
24519,16
24520,11
24520,15
24521,11
24521,16
24521,21
24522,11
24523,11
24523,22
24524,11
24524,15
24524,16
24525,11
24526,11
24526,16
24526,24
24527,11
24527,22
24528,11
24528,2
24528,15
24529,11
24530,11
24531,11
24531,22
24532,11
24533,11
24533,21
24534,11
24534,2
24534,24
24535,11
24535,6
24535,21
24536,11
24536,21
24537,11
24537,2
24537,19
17400,15
17400,21
24538,11
24539,11
24540,11
24541,11
24542,11
24542,21
24542,22
24543,11
24543,21
24544,11
24544,2
24544,3
24545,11
24545,32
24545,31
24546,11
24547,11
24547,31
24548,11
24549,11
24549,15
24549,16
24550,21
24550,11
24550,16
24551,11
24551,31
24551,22
24552,11
24552,31
24552,26
24553,11
24553,15
24553,21
24554,11
24554,21
24554,22
24555,11
24556,11
24556,15
24556,24
24557,11
24557,26
24558,11
24558,2
24558,16
3519,16
24559,11
24560,11
24560,16
24560,21
24561,11
24561,15
24562,11
24562,2
24562,32
24563,11
24563,16
24563,21
24564,11
24565,11
24565,32
24566,11
24566,31
24567,11
24568,11
24569,11
24569,16
24570,11
24570,26
24571,11
24571,2
24571,16
24572,11
24572,2
24572,15
24573,11
24574,11
24574,24
24575,11
24575,21
24576,11
24576,22
24577,11
24578,11
24579,11
24580,11
24581,11
24581,16
24581,21
24582,11
24582,16
24582,21
24583,11
24584,11
24585,11
24585,2
24585,16
24586,11
24586,21
24586,22
24587,11
24587,16
24587,21
24588,11
24588,16
24589,11
24589,26
24590,11
24590,2
24590,31
24591,11
24591,15
24591,31
24592,11
24592,15
24593,11
24594,11
24594,16
24594,21
24595,11
24595,15
24595,16
24596,11
24597,11
24597,21
24598,11
24598,21
24599,16
24599,21
24599,11
24600,11
24600,24
24601,11
24601,15
24601,31
24602,11
24602,2
24603,11
24603,21
24603,10
24604,11
24604,2
24604,6
24605,11
24605,16
24606,11
24606,2
24607,11
24607,16
24607,22
24608,11
24609,11
24609,16
24609,21
24610,11
24610,22
24611,11
24611,2
24611,29
24612,11
24612,15
24612,16
24613,11
24613,32
24613,26
24614,11
24614,29
24614,19
24615,11
24616,11
24616,21
24616,29
24617,11
24617,21
24617,22
24618,11
24618,2
24618,21
24619,11
24619,21
24620,11
24620,21
24621,11
24621,15
24621,3
24622,11
24622,2
24622,22
24623,11
24623,7
5282,21
24624,1
24624,11
24624,26
24625,11
3124,26
24626,11
24626,16
24627,11
24627,27
24627,24
24628,11
24628,21
5879,31
5879,22
24629,11
24629,16
24629,31
24630,11
24630,21
24630,32
24631,11
24631,16
24631,21
24632,11
24632,2
24632,21
24633,11
24633,21
24634,11
24635,11
24635,6
24635,3
24636,11
24637,11
24637,2
24637,21
24638,11
24638,21
24639,11
24639,21
24640,1
24640,11
24640,15
24641,11
24641,21
24642,11
24642,16
24642,21
24643,11
24643,2
24644,11
24644,21
24644,29
24645,11
24645,31
24645,22
24646,11
24646,16
24646,21
24647,11
24648,11
24648,2
24649,11
24649,21
24650,11
24650,10
24651,11
24651,15
24652,11
24653,1
24653,11
24653,2
24654,1
24654,11
24654,29
24655,11
24656,1
24656,11
24656,21
24657,11
24657,26
24658,11
24659,11
24659,21
24660,11
24660,21
6006,16
24661,11
24662,11
24662,10
24662,22
24663,11
24663,15
24663,16
24664,11
24664,16
24664,21
24665,11
24665,2
24666,11
24666,16
24666,21
24667,11
24667,16
6710,21
6710,26
24668,11
24668,31
24668,22
24669,11
24669,16
24669,21
24670,11
24670,15
24670,32
24671,11
24671,16
24672,11
24672,15
24673,11
24673,2
24673,24
24674,11
24674,21
24674,22
24675,11
24676,26
24676,11
24676,15
24677,11
24678,11
24678,22
24679,11
24679,2
24679,21
24680,11
24681,11
24681,19
24682,11
24683,11
24683,21
24684,11
24684,26
24685,11
24685,21
24686,11
24686,16
24687,11
24687,15
24688,11
24689,11
24689,16
24689,21
24690,1
24690,11
24690,16
24691,11
24692,11
24692,2
24692,15
24693,11
24694,11
24694,21
24695,11
24695,6
24695,21
24696,11
24696,15
24696,31
3418,22
24697,11
24697,32
24697,31
5031,2
24698,11
24698,16
24698,21
24699,11
24699,21
24699,19
24700,2
24700,15
24700,11
24701,1
24701,11
24701,21
24702,11
24703,11
24703,2
24703,19
24704,11
24705,11
24706,11
24706,21
24707,11
24707,15
24707,21
24708,14
24708,11
24708,21
24709,11
24709,21
24709,24
21988,2
21988,21
24710,11
24710,15
24710,31
24711,11
24711,6
24711,7
24712,11
24713,11
24713,16
24713,22
24714,11
24715,11
24715,21
24716,11
24716,2
24717,11
24718,11
24718,15
24718,32
24719,11
24719,31
24719,22
24720,11
24720,21
24721,11
24721,16
24722,11
24722,16
24722,21
24723,11
24723,15
24724,11
24724,15
24724,21
24725,11
24726,11
24726,22
24727,2
24727,11
24727,15
24728,11
24728,2
24728,21
24729,1
24729,11
24729,2
24730,11
24730,31
24731,11
24731,16
24731,21
24732,11
24732,15
24733,11
24734,11
24734,15
24734,16
24735,11
24735,16
24736,11
24736,16
24736,21
24737,11
24737,15
24738,11
24738,22
24738,3
24739,11
24739,21
24739,19
24740,11
24740,2
24740,16
24741,11
24742,11
24742,2
24743,11
24743,16
24743,21
24744,11
24744,22
24745,11
24746,11
24746,16
24747,3
24747,11
24747,21
24748,11
24748,21
24749,11
24750,11
24751,11
24751,2
24751,24
24752,11
24752,21
24752,32
24753,11
24753,21
24754,11
24754,2
24755,11
24755,15
24756,11
24756,24
24756,26
24757,11
24758,11
24758,21
24759,11
24759,2
24759,3
24760,11
24760,2
24761,11
24761,15
24761,21
24762,11
24763,11
24764,11
24765,11
24765,2
24765,15
24766,11
24766,21
24766,22
24767,11
24767,16
24767,21
24768,11
24769,11
24769,2
24769,16
24770,11
14592,16
14592,22
24771,11
24771,21
24772,11
24773,11
24773,15
24773,16
24774,11
24774,2
24774,24
24775,11
24775,16
24776,11
24776,2
24776,15
24777,11
24777,16
24777,21
24778,11
24778,15
24778,7
24779,11
24780,11
24781,11
24781,21
24782,11
24782,16
24783,11
24783,19
24784,11
24784,21
24785,11
24786,1
24786,11
24786,31
24787,11
24788,11
24788,32
24788,26
24789,11
24790,11
24790,15
24791,11
24791,24
24791,30
24792,11
24792,2
24792,29
24793,11
24793,15
24793,21
24794,15
24794,11
24794,16
24795,11
24795,15
24795,16
24796,11
24796,22
24797,11
24797,2
24797,21
24798,11
24798,2
24798,15
24799,11
24799,21
24799,24
24800,11
24801,11
24801,22
24802,11
24803,11
24803,15
24804,11
24805,11
24806,2
24806,15
24806,29
24807,11
24807,19
24808,11
24809,11
24809,2
24810,11
24810,2
24810,15
24811,11
24811,16
24812,11
24812,15
24812,26
24813,11
24814,11
24814,15
24815,11
24815,16
24816,11
24816,21
24816,7
24817,11
24817,16
24817,21
15523,15
15523,24
24818,11
24818,15
24819,11
24819,21
24820,11
24821,11
24821,21
24822,11
15487,2
24823,11
24823,15
24824,11
24824,16
24824,21
24825,11
24825,2
24825,21
24826,11
24826,21
24826,24
24827,11
24827,21
24828,11
24828,2
24828,21
24829,11
24829,10
24830,11
24830,32
24830,22
24831,11
24831,15
24832,11
24832,21
24833,1
24833,11
24833,15
24834,11
24834,16
24835,11
24835,2
24836,11
24836,15
24837,11
24837,21
24837,27
24838,11
24838,15
24839,11
24839,16
24839,21
24840,11
24841,11
24841,2
24841,16
24842,11
24842,21
24842,29
24843,11
24844,11
24844,2
24845,11
24845,27
24845,24
24846,11
24847,11
24848,11
24848,15
24848,16
24849,11
24849,26
24850,11
24851,11
24851,2
24851,16
24852,11
24853,11
24853,2
24854,11
24854,21
24855,11
24856,11
24856,15
24857,11
24857,2
24857,15
24858,11
24859,11
24859,15
24860,11
24860,15
24861,11
24861,16
24861,22
24862,11
24863,11
24863,16
24863,21
24864,11
24864,16
24864,21
24865,11
24865,16
24865,22
24866,11
24866,21
24866,24
24867,11
24867,22
24868,11
24869,11
24869,24
24869,22
24870,11
24870,26
24871,11
24871,21
24871,24
24872,11
24873,11
24873,2
24873,21
24874,11
24874,2
24874,15
24875,11
24875,21
24876,11
24877,11
24877,16
24877,21
24878,24
24878,15
24878,11
24879,11
24879,22
24880,11
24880,21
24881,11
24882,11
24882,21
24882,22
24883,11
24883,2
24884,11
24884,6
24884,21
24885,11
24885,29
24885,10
24886,11
24887,11
24887,21
24887,22
24888,11
24889,11
24890,11
24890,22
24891,11
24891,16
24891,22
24892,11
24893,11
24894,11
24894,21
24895,11
24895,21
24896,11
24896,2
24897,11
24897,16
24898,11
24899,11
24900,11
24900,21
24901,11
24902,11
24902,15
24902,21
24903,11
24903,16
24904,11
24904,21
24905,11
24906,11
24906,26
24907,15
24907,11
24907,2
24908,11
24908,21
24909,11
18659,15
18659,21
24910,11
24910,21
24910,10
24911,11
24911,2
24911,32
24912,11
24913,11
24913,16
24913,21
24914,11
24914,15
24914,27
24915,11
24915,15
24916,11
24917,11
24917,15
24918,11
24918,16
24919,11
24919,16
24919,21
24920,11
24920,15
24920,22
24921,11
24922,11
24922,2
24923,11
24923,15
24923,21
24924,1
24924,11
24924,2
24925,11
24925,2
24926,11
24926,21
24926,22
24927,11
24927,31
24928,11
24928,21
24929,11
24930,11
24930,2
24930,24
24931,11
24932,11
24932,19
24933,11
24933,16
24933,21
24934,11
24934,2
24935,11
24936,11
24936,2
24936,16
24937,11
24938,11
24938,22
24939,11
24939,2
24939,32
24940,11
24941,11
24942,11
24942,15
24942,31
24943,11
24944,11
24945,11
24945,32
24945,31
24946,1
24946,11
24946,26
24947,11
24948,11
24949,11
24949,21
24949,22
24950,11
24950,16
24950,32
24951,11
24952,11
24952,21
24953,11
24953,2
24953,6
24954,11
24954,24
24955,11
24955,15
24955,26
24956,11
24957,11
24957,15
24957,16
24958,11
24959,11
24960,11
24960,16
24960,22
24961,1
24961,11
24961,15
24962,11
24963,11
24963,19
24964,11
24965,11
24965,21
24966,11
24967,11
24968,11
24968,21
24968,7
24969,11
24969,7
14922,2
14922,16
24970,1
24970,11
24970,21
24971,21
24971,2
24971,11
24972,11
24973,11
24974,11
24974,2
24974,15
24975,11
24975,15
24975,31
24976,11
24976,26
24977,11
24977,19
24978,11
24978,31
24979,11
24979,21
24979,3
24980,11
24980,2
24980,15
24981,11
24981,2
24981,15
24982,11
24982,2
24982,16
24983,11
24983,32
24983,26
24984,11
24984,16
24984,21
24985,11
24985,21
24985,31
24986,11
24986,15
24986,16
24987,11
24987,21
24988,11
24988,31
24989,11
24989,21
24990,11
24990,19
24991,11
24991,21
24991,32
8474,16
24992,11
24992,26
24993,11
24993,15
24994,11
24994,2
24995,11
24995,16
24995,22
24996,11
24996,15
24997,11
24997,21
24998,11
24998,21
24999,11
24999,16
24999,14
25000,11
25000,22
25001,11
25001,15
25002,11
25002,2
25002,3
25003,11
25003,2
25003,26
25004,11
25004,15
25004,30
25005,11
25005,15
25006,11
25007,11
25007,16
25007,24
25008,11
25008,21
25008,30
25009,11
25009,21
25010,11
25010,2
25010,3
25011,11
25011,16
25011,21
25012,11
25012,21
25013,11
25013,15
25014,11
25014,21
25014,24
25015,11
25016,11
25016,26
25017,11
25017,2
25017,21
25018,11
25018,16
25018,21
25019,11
25019,21
25020,11
25020,32
25020,26
25021,11
25021,16
25021,21
25022,11
25022,2
25022,26
25023,11
25024,11
25024,22
25025,11
25026,11
25026,15
25026,32
25027,11
25027,21
25028,11
25028,21
25028,10
25029,11
25029,21
25030,11
25030,15
25030,24
25031,11
25031,22
25032,11
25033,11
25033,15
25034,11
25034,16
25035,11
25035,2
25036,11
25037,11
25038,11
25039,11
25040,11
25040,21
25040,24
25041,11
25041,26
25041,22
25042,11
25042,21
25042,10
25043,11
25043,21
25043,7
25044,11
25044,2
25044,15
25045,11
25045,15
25046,11
25046,21
25047,11
25047,2
25047,16
25048,1
25048,11
25048,2
25049,11
25050,11
25050,15
25050,31
25051,11
25051,26
25052,11
25052,21
25053,11
25053,16
25054,11
25054,16
25054,21
25055,11
25056,11
25057,11
25057,15
25058,11
25058,21
25058,24
25059,11
25059,16
25059,21
25060,11
25061,11
25062,11
25062,16
25062,21
25063,11
25063,24
25064,11
25064,21
25065,11
25065,2
25066,11
25066,24
25067,11
25067,2
25067,16
25068,11
25068,16
25068,24
25069,11
25069,2
25069,26
25070,11
25071,11
25071,16
25071,10
25072,11
25072,2
25072,15
25073,1
25073,29
25073,2
25074,11
25074,2
25075,11
25075,15
25075,16
25076,11
25076,21
25077,11
25078,11
25078,21
25079,11
25079,15
25079,21
25080,11
25080,21
25080,24
25081,11
25082,11
25083,11
25083,16
25083,21
25084,11
25084,21
25084,3
25085,11
25085,2
25085,21
25086,11
25086,16
25086,21
25087,11
25087,2
25088,11
25088,16
25089,11
25090,11
25090,32
25090,31
25091,11
25092,11
25092,21
25093,11
25093,2
25094,11
25094,21
25094,10
25095,11
25095,2
25096,11
25097,11
25097,16
25097,21
25098,11
25099,11
25099,15
25099,16
25100,11
25100,16
25100,21
25101,11
19026,16
25102,11
25102,2
25102,15
25103,11
25103,26
25104,11
25104,22
25105,11
25106,11
25106,15
25107,11
25108,11
25108,21
25108,24
25109,11
25109,21
25109,31
25110,11
25110,21
6357,21
25111,11
25112,11
25112,22
25113,11
25114,11
25114,16
25115,11
25115,22
25116,11
25116,2
25117,11
25117,16
25117,21
25118,11
25118,16
25118,14
25119,11
25119,22
25120,11
25120,2
25120,32
25121,11
25121,2
25121,21
25122,11
25122,31
25122,26
25123,11
25123,16
25124,11
25124,2
25124,15
25125,11
25125,16
25125,21
25126,11
25126,16
25126,10
25127,11
25127,26
25127,22
25128,11
25128,22
25129,11
25129,15
25130,11
25131,11
25132,11
25133,11
25133,16
25133,21
25134,11
25134,15
9829,22
25135,11
25135,16
25135,21
25136,11
25137,11
25137,15
25138,11
25138,15
25139,11
25139,15
25140,11
25140,16
25140,21
25141,11
25141,15
25142,11
25142,16
25142,21
25143,11
25143,16
25143,22
25144,11
25144,15
25144,21
25145,11
25146,11
25147,11
6956,2
25148,11
25149,11
25149,16
25149,21
25150,11
25150,15
25151,11
25152,11
25152,32
25153,11
25154,11
25155,11
25155,21
25155,24
25156,11
25156,16
25156,21
25157,11
25157,15
25157,10
4699,16
25158,11
25158,21
25158,29
25159,11
25159,2
25159,15
19602,2
25160,11
25160,16
25160,22
25161,11
25161,2
25162,11
25162,21
25162,24
25163,11
25164,11
25165,11
25166,11
25166,16
25166,21
25167,11
25167,16
25168,11
5635,15
25169,11
25170,11
25170,32
25170,31
25171,11
25172,11
25172,2
25172,22
25173,11
25173,22
25174,11
25174,21
25174,24
25175,11
25176,11
25177,11
25177,16
25177,22
25178,11
25178,16
25178,21
25179,11
25179,15
25179,22
25180,11
25180,15
25180,31
25181,11
25182,11
25182,21
25183,11
25183,21
25184,11
25184,16
25184,21
25185,11
25185,21
25185,14
25186,11
25186,2
25186,32
25187,11
25187,16
25187,21
25188,11
25188,22
25189,1
25189,11
25189,15
25190,11
25190,21
25191,11
25191,21
25192,11
25192,22
25193,11
25193,26
25193,22
25194,11
25194,15
25194,22
21949,16
21949,21
25195,11
25195,15
25196,11
25196,2
25196,15
25197,11
25197,15
25198,11
25198,2
25198,32
12760,21
25199,11
25199,15
25199,19
25200,11
25200,15
25201,11
25201,15
25202,11
25202,16
25202,22
25203,11
25203,2
25203,21
25204,11
25205,11
25205,21
25205,26
25206,11
25206,21
25207,11
25208,11
25208,21
25209,11
25209,21
25209,24
25210,11
25210,26
25210,19
25211,11
25211,21
25211,22
25212,11
25212,16
25212,21
25213,11
25214,11
25214,21
25214,22
25215,11
25216,11
25216,22
25217,11
25217,21
25217,19
25218,11
25218,16
25218,21
25219,11
25219,16
25220,11
25220,31
25220,10
25221,11
25222,11
25223,11
25223,21
25224,11
25225,11
25225,16
25226,11
25226,31
25226,26
25227,11
25227,21
25228,11
25229,11
25229,15
25229,21
25230,11
25230,16
25230,22
25231,11
25232,11
25232,32
25232,31
25233,11
25234,11
25234,21
25235,11
25235,26
25235,22
25236,11
25236,21
25237,11
14926,15
14926,24
25238,11
25239,11
25240,11
25240,2
25240,16
25241,11
25241,15
25241,22
25242,11
25242,21
25242,24
25243,11
25243,32
25243,31
25244,11
25244,15
25244,21
25245,11
25245,16
25246,11
25247,11
25247,2
25248,11
25248,21
25249,11
25249,15
25250,11
25250,21
25251,11
25251,2
25251,15
25252,11
25252,21
25252,24
25253,11
25253,16
25253,22
25254,11
25255,11
25255,16
25255,21
25256,11
25257,11
25257,2
25257,32
25258,11
25258,22
25259,11
25259,2
25259,21
25260,11
25260,21
25261,11
25261,2
25261,24
25262,11
25262,16
25262,21
25263,11
25264,11
25264,21
5125,2
25265,11
25266,11
25267,11
25267,2
25267,21
25268,11
25268,2
25268,21
25269,11
25269,21
25270,11
25271,11
25271,15
25271,31
19044,16
25272,11
25272,16
25272,31
25273,11
25273,21
25274,11
25274,21
25275,11
25275,26
25276,11
25276,21
25276,31
25277,11
25277,31
25278,11
25278,21
25278,7
25279,11
25279,16
25280,11
25281,11
25281,15
25281,27
25282,11
25282,22
25283,11
25284,11
25284,2
25284,21
25285,11
25285,2
25285,29
25286,11
25286,21
25286,22
25287,11
25288,11
25288,16
25288,21
25289,11
25289,29
25289,3
25290,11
25291,11
25291,16
25292,11
25293,11
25293,21
25294,11
25295,11
25295,27
25295,3
25296,11
25296,31
12635,21
25297,11
25297,3
25298,11
25299,11
25299,2
25299,21
25300,11
25300,15
25301,11
25301,2
25301,3
25302,11
25302,21
25303,11
25303,15
25303,21
25304,11
25304,2
25305,11
25305,21
25306,11
25306,22
25307,11
25307,21
25307,24
25308,11
25308,21
21425,32
25309,11
25309,2
25309,32
25310,11
25310,15
25311,11
25311,22
25312,11
25312,16
25312,21
25313,11
25313,7
25314,11
25314,22
25315,11
25315,21
25316,11
25316,21
25316,22
25317,11
25317,16
25317,22
25318,11
25319,11
25319,21
25320,11
25321,11
25322,11
25323,11
25323,16
25323,21
25324,11
25324,21
25325,11
25325,21
25326,11
25326,24
25327,11
25327,15
25327,31
25328,11
25328,21
25328,22
25329,11
25330,11
25331,11
25331,15
25331,32
25332,11
25332,15
25332,16
25333,11
25333,15
25333,16
25334,11
25334,2
25334,24
25335,11
25336,11
25337,11
25337,21
25338,11
5284,2
25339,11
25340,11
25340,21
25341,11
25342,11
25342,21
25343,11
25343,15
25343,16
25344,11
25344,15
25345,11
25345,22
25346,11
25347,11
25348,11
25348,16
25349,11
25349,2
25349,21
25350,11
25350,16
25350,21
25351,11
25351,15
25351,16
12041,2
25352,11
25352,2
25352,22
25353,11
25353,21
25354,11
25355,11
25355,2
25355,16
25356,11
25356,21
25356,24
25357,11
25357,2
25358,11
25358,15
25358,31
25359,11
25360,11
25361,11
25361,21
25361,31
25362,11
25362,24
25363,11
25364,11
25364,21
25365,11
25365,15
25365,22
4887,31
25366,11
25366,2
25366,21
25367,11
25367,15
25368,11
25368,21
25369,11
25369,16
25369,22
25370,11
25370,21
25370,31
25371,11
25372,11
25372,2
25372,32
25373,11
25373,2
25374,11
25375,1
25375,11
25375,2
25376,11
25377,11
25378,11
25378,16
25379,11
25380,11
25381,11
25381,16
25381,21
25382,11
25382,16
25383,11
25383,21
25383,3
25384,11
25385,11
25386,11
25387,1
25387,11
25387,2
25388,11
25388,15
25388,24
24534,15
24534,22
25389,11
25389,21
25389,31
25390,11
25390,21
25391,11
25391,15
25391,16
25392,11
25392,2
25392,15
25393,11
25393,2
25393,16
25394,11
25394,16
25394,21
25395,11
25395,16
25395,21
25396,11
25396,21
25397,11
25398,11
25398,26
25398,22
25399,11
25399,16
25399,21
25400,11
25400,21
25400,22
25401,11
25401,16
25401,21
25402,11
25402,2
25403,11
25403,16
25403,22
25404,11
25404,15
25405,11
25406,11
25406,21
25407,11
25407,21
25408,11
25408,15
25408,16
25409,11
25409,2
25409,21
25410,11
25410,16
25410,22
25411,11
25411,2
25411,16
25412,11
25413,11
25413,15
25413,21
25414,11
25415,11
25415,21
25415,22
25416,11
25416,2
25416,15
25417,11
25418,11
25418,26
25419,11
25419,2
25419,21
25420,11
25420,22
25421,11
25421,22
25422,11
25423,11
25423,21
25424,11
25425,11
25426,11
25426,16
25426,21
25427,11
25427,2
25427,31
25428,11
25428,21
25428,26
3323,22
25429,11
25430,11
25431,11
25432,11
25432,31
25432,22
25433,11
25434,11
25435,11
25435,26
25436,11
25436,2
25437,11
25437,15
25438,11
25438,2
25438,32
25439,11
25439,21
25439,24
11628,15
25440,11
25441,11
25442,11
25442,15
25443,11
25443,2
25443,21
25444,11
25444,26
25445,11
25445,2
25445,15
25446,11
25446,21
25447,11
25447,2
25447,15
25448,11
25449,11
25450,11
25451,11
25451,16
25451,21
25452,11
25453,11
25453,15
25453,26
25454,11
25455,11
25455,21
23519,16
25456,11
25456,21
25456,22
25457,11
25458,11
25458,15
25459,11
25459,21
25459,19
25460,11
2445,21
2445,24
25461,11
25462,11
25462,22
25463,11
25464,11
25464,21
25465,11
25465,21
25466,11
25466,16
25467,11
25467,2
25468,11
25468,22
25469,11
25470,11
25470,2
25470,15
25471,11
25471,21
25472,11
25472,15
25472,16
25473,11
25474,11
25475,11
25476,11
25476,22
25477,11
25477,15
25477,24
25478,11
25479,11
25479,21
25480,11
25480,16
25480,21
25481,11
25481,15
25481,21
25482,11
25482,19
25483,11
25483,15
25483,21
25484,11
25484,15
25485,11
25486,11
25486,22
25487,11
25487,21
25488,11
25488,21
25488,22
25489,11
25489,21
25490,11
25490,21
25491,11
25491,16
25492,11
25492,21
25493,11
25494,11
25495,11
25496,11
25496,15
25496,26
25497,11
25497,2
25498,11
25498,21
25499,11
25499,2
25500,11
25501,11
25501,29
25502,11
25502,2
25502,21
25503,11
25503,21
25504,11
25504,15
25504,21
25505,11
25506,11
25506,15
25507,11
25507,21
25508,11
25509,11
25509,26
25510,1
25510,11
25510,2
25511,11
25511,2
25511,16
25512,11
25513,11
25513,15
25514,11
25514,15
25514,24
25515,11
25516,11
25516,16
25516,21
25517,11
25518,11
25518,16
25518,21
25519,11
25519,31
25520,11
25520,16
25520,21
25521,11
25521,2
25521,32
25522,11
11320,21
11320,10
25523,11
25523,26
25524,1
25524,11
25524,2
25525,11
25526,11
25527,11
25527,21
25528,11
25528,22
25529,11
25529,22
25530,11
25530,15
25531,11
25532,11
25533,11
25533,16
25533,21
25534,11
25534,2
11925,24
25535,11
25536,11
25536,21
25537,11
25537,21
25537,24
25538,11
25538,21
25538,24
25539,11
25539,16
25539,21
25540,11
25541,11
25541,16
25542,11
25542,31
25542,26
25543,11
25543,16
25543,21
25544,11
25545,11
25545,32
25546,11
25546,15
25546,31
25547,11
25547,21
25548,11
25548,6
25548,21
25549,11
25549,2
25549,15
25550,11
25550,31
25551,11
25552,11
25552,2
25552,15
25553,11
25553,16
25553,22
25554,11
25554,15
25554,21
25555,11
25556,11
25557,11
25557,21
25558,11
25558,15
25558,26
25559,11
25559,21
25559,31
25560,11
25560,32
25561,11
25561,21
25562,11
25563,11
25563,22
25564,11
25565,11
25565,21
25566,11
25566,21
25566,19
25567,11
25567,24
25568,11
25568,22
25569,11
25569,21
25570,11
25570,21
25570,31
2757,22
25571,11
25571,10
25572,11
25572,15
25572,21
25573,11
25574,11
25574,15
25574,16
25575,11
25576,11
25577,11
25577,15
25577,31
25578,11
25578,21
25579,11
25579,15
25579,16
25580,11
25580,2
25580,21
25581,11
25581,16
25581,21
25582,32
25582,11
25582,2
25583,11
25584,11
25584,2
8682,21
8682,22
25585,11
25585,32
25585,24
25586,11
25586,16
25586,22
25587,11
25587,24
25588,11
25588,2
25588,26
25589,11
25589,2
25589,26
25590,11
25590,21
25590,22
25591,11
25591,21
25591,24
25592,11
25592,15
25593,21
25593,11
25593,24
25594,11
25594,16
25594,22
25595,2
25595,11
25595,32
25596,11
25596,21
25597,11
25597,2
25598,11
25599,11
25600,11
25601,11
25601,21
25601,30
25602,11
25602,22
25603,11
25603,21
25604,11
25604,21
25604,10
25605,11
25605,2
25606,11
25606,2
25606,15
25607,11
25608,11
25608,16
25609,11
25609,16
25609,21
25610,11
25610,21
25610,7
25611,11
25611,6
25611,16
25612,11
25612,15
25613,11
25613,16
25613,21
25614,11
25614,21
25615,11
25616,11
25616,2
25616,21
6495,15
6495,27
25617,11
25617,15
25617,31
25618,11
25618,16
25618,22
25619,11
25619,7
25619,19
25620,11
25621,11
25621,21
25622,11
25622,21
25623,11
25623,26
25624,11
25624,21
25625,11
25625,16
25625,21
25626,11
25626,21
25626,22
25627,11
25627,26
25628,11
25628,2
25629,11
25629,15
25629,21
25630,11
25630,31
25631,11
25631,16
25631,22
25632,11
25632,16
25632,22
25633,11
25634,11
25634,21
25635,1
25635,11
25635,2
25636,11
25636,21
25636,19
25637,11
25638,11
25639,11
25640,11
25640,21
25641,11
25642,11
25642,16
25642,21
25643,11
25643,15
25644,11
25644,15
25644,16
25645,11
25646,11
25646,16
25646,22
25647,11
25647,16
25647,31
25648,11
25649,11
25649,22
25650,11
25650,15
25650,16
25651,1
25651,11
25651,21
25652,11
25652,21
25653,11
25654,11
25654,21
25655,11
25655,15
25655,26
25656,11
25656,21
25657,11
25657,2
25657,6
25658,11
25658,21
25659,11
25659,16
25659,21
25660,11
25660,2
25660,32
25661,11
25661,24
25662,11
25662,16
25662,21
25663,11
25664,11
25664,31
25664,26
25665,11
25665,21
25666,11
25666,21
25667,11
25667,6
25667,21
25668,11
25668,32
25668,31
25669,11
25669,22
25670,11
25670,16
25671,11
25671,2
25671,24
25672,11
25673,11
25674,11
25674,2
25674,21
25675,11
25675,22
25676,11
25676,15
25676,21
25677,11
25678,11
25679,11
25680,11
25680,15
25681,11
25681,15
25682,11
25682,15
25682,21
25683,11
25683,16
25683,21
25684,11
25685,11
25685,16
25685,21
25686,1
25686,11
25686,2
25687,11
25687,2
25688,11
25688,21
25689,11
25689,15
25689,16
25690,11
25690,21
25691,11
25691,16
25691,22
25692,1
25692,11
25692,15
25693,11
25693,15
25693,24
25694,11
25694,21
25695,11
25696,11
25696,15
25697,11
25698,11
25699,11
25699,16
25699,22
25700,11
25700,21
25701,11
25702,11
25702,16
25702,21
25703,11
25703,2
25703,21
25704,11
25704,16
25704,21
25705,11
25706,11
25706,21
25707,11
25707,21
25708,11
25708,21
25709,11
25709,22
25710,11
25710,15
25711,11
25711,16
25711,21
25712,11
25712,15
25712,16
25713,11
25713,16
25713,21
25714,11
25714,21
25714,22
25715,11
25715,2
25715,21
25716,11
25716,2
25716,21
25717,11
25717,16
25717,21
25718,11
25718,21
25719,11
25719,1
25719,26
25720,1
25720,11
25720,2
25721,11
25721,15
25721,24
25722,11
25722,16
25723,11
25724,11
25724,22
25725,11
25725,2
25725,24
3046,22
25726,11
25727,11
25727,15
25727,16
25728,11
25728,21
25729,11
25730,11
25730,16
25730,21
25731,11
25732,11
25733,11
25733,24
25734,11
25734,16
25734,21
25735,11
25735,2
25735,16
25736,11
25736,21
25736,32
25737,11
25737,22
25738,11
25738,2
25738,29
25739,11
25740,11
25740,16
25740,22
25741,11
25741,21
25742,11
25742,16
25742,21
25743,11
25743,15
25744,11
25744,15
25745,11
25745,21
25746,11
25746,16
25746,21
25747,11
25747,16
25747,21
25748,11
25748,16
25748,21
25749,11
25749,15
25750,11
25751,11
25751,21
25752,11
25752,15
25752,21
25753,11
25753,31
25754,11
25754,2
25754,15
25755,11
25755,21
25756,11
25757,11
25757,15
25757,16
25758,11
25758,21
25759,11
25760,11
25761,11
25761,24
25762,11
25762,21
25762,7
25763,11
25763,16
25763,21
25764,11
25764,16
25764,22
25765,11
25766,11
25766,22
25766,19
25767,11
25768,11
25768,22
25769,11
25769,22
25770,11
25771,11
25771,21
25772,11
25772,2
25772,32
25773,11
25773,2
25773,7
25774,11
25774,16
25774,22
25775,11
25775,16
25775,22
25776,11
25776,24
25777,11
20620,16
25778,11
25779,11
25780,11
25781,11
25781,24
25782,11
25782,16
25782,21
25783,11
25784,11
25784,16
25785,11
25785,16
25785,21
25786,11
25786,2
25786,19
25787,11
25787,2
25787,16
25788,11
25789,11
25789,2
25789,16
25790,11
25790,30
25791,11
25792,11
25792,26
25793,11
25793,16
25793,22
25794,11
25794,2
25794,22
25795,11
25795,22
25796,11
25796,21
25797,11
25797,15
25798,11
25799,11
25799,2
25799,15
25800,11
25800,2
25800,15
25801,11
25802,11
25802,32
25802,31
25803,11
25804,11
25804,15
25804,21
25805,11
25805,16
25805,21
25806,11
25807,11
25807,21
25807,32
25808,11
25808,6
25808,21
25809,11
25810,11
25810,21
25811,11
25812,11
25812,16
25812,21
19201,31
10391,15
25813,11
25813,16
25814,11
25814,2
25814,29
25815,11
25815,2
25815,22
25816,11
25816,29
25816,32
25817,11
25817,15
25818,11
25818,2
25818,15
25819,11
25820,11
25821,11
25821,2
25821,16
25822,11
25822,21
25822,19
25823,11
25823,2
25823,14
25824,11
25824,21
25824,22
25825,11
25825,16
25825,22
25826,11
25826,21
25827,11
25827,15
25827,21
25828,11
25828,15
25828,32
25829,11
25829,16
25829,22
25830,11
25830,21
25831,11
25831,2
25832,11
25832,6
25832,16
25833,11
25833,15
25834,11
25834,2
25834,21
25835,11
25836,11
25837,11
25837,21
25838,11
25838,15
25838,16
25839,11
25839,22
25840,11
25840,16
25841,11
25841,31
25842,11
25842,16
25843,11
25843,15
25843,16
25844,11
25845,11
25846,11
25846,15
25847,11
25848,11
25848,16
25848,10
25849,11
25850,11
25850,26
25851,1
25851,11
25851,26
25852,11
25853,11
25853,15
25854,11
25855,11
25855,16
25856,11
25857,11
25857,21
25857,29
25858,11
25858,22
25859,11
25859,16
25859,22
25860,11
25860,16
25860,21
25861,11
25861,32
25861,31
25862,11
25862,16
25862,21
25863,11
25863,2
25863,10
25864,11
25865,11
25866,11
25866,26
25867,15
25867,11
25868,11
25868,21
25869,11
25870,11
25870,21
25870,31
25871,11
25871,24
25871,22
25872,11
25872,6
25872,21
25873,11
25873,16
25873,22
25874,11
25874,21
25875,11
25875,15
25875,21
25876,11
25877,11
25877,16
25877,21
25878,11
25879,11
25879,15
25880,11
25881,11
25881,21
25881,24
25882,11
25883,11
25884,11
25884,2
25884,24
25885,11
25885,16
25885,21
25886,11
25887,11
25887,21
25888,11
25888,16
25888,22
25889,11
25890,1
25890,11
25890,26
25891,11
25891,21
25891,24
25892,11
25892,21
25892,29
25893,11
25893,31
25893,22
25894,11
25895,11
25896,11
25896,21
25896,24
25897,11
25898,11
25899,11
25899,21
25899,10
25900,11
25900,21
25900,24
25901,11
25902,11
25902,2
25902,27
25903,11
25904,11
25904,2
25904,16
3240,15
3240,21
25905,14
25905,11
25905,15
25906,11
25907,11
25908,11
25909,11
25910,1
25910,11
25910,21
25911,11
25911,21
25912,11
25912,16
25912,22
25913,11
25913,21
25914,11
25914,2
25914,22
25915,11
25916,11
25917,11
25918,11
25918,2
25918,31
25919,11
25919,15
25919,16
25920,11
25920,31
25920,26
25921,11
25922,11
25922,2
25922,3
2863,1
2863,2
25923,11
25923,15
25923,21
25924,11
25924,2
25925,11
25925,15
25925,16
25926,11
25927,11
25927,15
25928,11
25928,2
25929,11
25929,21
25929,27
25930,11
25930,10
25931,11
25931,16
25931,21
25932,11
25932,21
25932,24
25933,11
25933,15
25933,27
25934,11
25934,21
25934,26
25935,11
25935,15
25936,11
25937,11
25937,31
25937,22
25938,11
25938,16
25938,10
25939,11
25939,16
25939,22
25940,11
25940,21
25940,22
25941,11
25941,21
25941,2
25942,11
25942,21
25942,32
25943,11
25943,24
25944,11
25944,2
25944,16
25945,11
25945,15
25945,21
10337,21
10337,24
25946,11
25946,16
25946,21
25947,11
25947,26
25947,22
25948,11
25948,21
25948,7
25949,11
25950,11
25950,32
25951,11
25951,16
25951,21
25952,11
25952,16
25952,21
25953,11
25953,15
25953,32
25954,11
25954,31
25954,26
25955,11
25955,21
25955,24
25956,11
25957,11
25957,15
25958,11
25958,21
25959,11
25960,11
25960,21
25960,32
25961,11
18026,16
25962,11
3358,2
3358,22
25963,11
25964,11
25964,16
25964,10
25965,11
25965,2
25965,16
25966,11
25966,6
25966,16
25967,11
25968,11
25969,11
25970,11
25970,15
25970,21
25971,11
25971,2
25971,21
25972,11
25973,11
25973,21
25974,11
25974,16
25974,21
25975,11
25975,21
25976,11
25977,11
25977,32
25978,11
25979,11
25979,21
25979,22
25980,11
25980,15
25981,11
25981,21
25982,11
25982,21
25983,11
25983,15
6042,16
6042,21
25984,11
25985,11
25986,11
25987,11
25988,11
25988,2
25989,11
25989,15
25989,31
25990,11
25990,31
25990,26
25991,11
25991,2
25991,22
25992,11
25992,2
25992,15
24276,16
25993,11
25994,1
25994,11
25994,29
25995,11
25995,2
25995,16
25996,1
25996,11
25996,21
25997,11
25998,11
25998,2
25998,21
25999,11
25999,7
25999,31
26000,11
26000,7
26000,24
26001,11
26001,21
26001,27
26002,11
26002,21
26002,24
26003,11
26003,21
26004,11
26005,11
26006,11
26007,11
26007,2
26007,15
26008,11
26008,21
26008,24
26009,11
26009,16
26010,11
26011,11
26011,2
26012,11
26012,16
26012,21
26013,11
26014,11
26014,21
26014,29
26015,11
26016,11
26016,2
26016,21
26017,11
26018,11
26018,21
26019,11
26019,21
26019,22
26020,11
26021,11
26022,11
26022,2
26022,21
26023,11
26023,16
26023,21
26024,11
26025,11
26025,2
26025,32
26026,11
26027,11
26027,1
26028,11
26029,11
26030,11
26031,11
26032,11
26032,2
26032,16
26033,11
26034,11
26034,15
26035,11
26035,2
26036,11
26036,15
26036,21
26037,11
26038,11
26038,21
26038,24
26039,11
26039,15
26039,21
26040,11
26040,22
26041,11
26042,11
26042,2
26042,16
26043,11
26043,21
26043,19
26044,11
26045,11
26045,16
26045,21
21436,10
26046,11
26046,16
26047,11
26047,2
26047,22
26048,11
26048,31
26049,11
26049,21
26049,24
26050,11
26050,21
26050,27
26051,11
26051,21
26051,19
26052,11
26052,2
26052,16
26053,11
26053,2
26053,24
26054,11
26055,11
26055,16
26055,21
26056,11
26056,2
26057,11
26057,21
26057,27
26058,11
26058,24
26058,3
4253,16
4253,21
26059,11
26059,15
26060,11
26060,21
26061,11
26061,2
26061,15
26062,11
26062,2
26062,15
26063,11
26063,16
26063,21
26064,11
26064,16
26065,11
26065,31
26065,22
26066,11
26067,11
26067,16
26067,14
26068,11
26068,32
26069,11
26069,32
26070,11
26070,15
26071,11
26072,11
26072,16
26072,22
26073,11
26074,11
26074,24
26074,3
26075,11
26075,21
26075,26
26076,11
26077,11
26077,2
26077,16
26078,11
26079,11
26079,15
26079,16
26080,11
26081,11
26081,21
26081,22
26082,11
26082,16
16673,22
26083,11
26084,11
26084,16
26084,21
26085,11
26085,16
26085,21
26086,11
26086,15
26087,11
26087,2
26087,7
26088,11
26088,2
26088,32
26089,11
26090,11
26090,32
26091,11
26091,16
26091,21
26092,11
26092,15
26092,16
26093,11
6717,32
26094,11
26094,21
26095,11
26095,31
26095,22
26096,11
26096,21
26096,24
26097,11
26097,16
26097,22
26098,11
26098,22
26099,11
26099,15
26100,11
26100,15
26100,31
26101,11
26101,21
26101,30
26102,11
26102,21
26103,2
26103,11
26103,15
26104,11
26104,2
26104,15
26105,11
26105,21
26105,22
26106,11
26107,2
26107,11
26107,15
26108,11
26108,32
26108,19
26109,11
26109,21
26110,1
26110,11
26110,15
26111,11
26111,15
26111,32
26112,11
12435,15
12435,29
26113,11
26113,2
26113,21
26114,11
26115,11
26116,11
26117,11
26117,15
26118,11
26118,31
26118,22
26119,11
26119,24
26120,11
26120,32
26121,11
26122,11
26122,15
26123,11
26124,11
26124,2
26124,15
26125,11
26126,11
26126,2
26126,21
26127,11
26127,32
26127,31
26128,11
26128,16
26129,11
26129,21
26129,26
26130,11
26130,21
26130,24
26131,11
26131,31
26131,22
26132,11
26132,21
26132,22
26133,11
26133,2
26134,11
26135,11
26135,21
26136,11
26136,2
26136,15
15767,2
26137,11
26138,11
26139,21
26139,11
26140,11
26140,16
26140,21
26141,11
26142,11
26142,16
26142,21
26143,11
26143,16
26143,21
26144,11
26145,11
26145,21
26145,24
26146,11
26146,21
26147,11
26148,11
26149,11
26149,16
26149,22
26150,11
26151,11
26151,24
26151,26
26152,11
26152,2
26152,32
26153,11
26154,11
26155,11
26155,2
26156,11
26156,2
26156,10
26157,11
26158,11
26159,11
26160,11
2431,10
2431,22
26161,11
26161,16
26161,21
26162,11
26163,11
26163,26
26164,11
26165,11
26165,16
26165,21
26166,11
26166,21
26167,11
26167,2
26167,21
26168,11
26169,11
26169,21
26169,7
26170,11
26170,2
26170,21
26171,11
26171,16
26171,22
13782,22
26172,11
26172,21
26173,11
26173,21
26174,11
26175,11
26176,11
26176,16
26176,22
26177,11
26178,11
26178,2
26179,11
26179,2
26179,21
26180,11
19745,22
26181,11
26182,11
26183,11
26183,21
26183,24
16238,15
16238,32
26184,11
26185,11
26186,11
26186,2
26187,11
26188,11
26189,11
26189,2
26189,16
26190,11
26191,11
26191,15
26191,10
26192,11
26192,2
26193,11
26193,15
26194,11
26195,11
26195,21
26195,24
26196,11
26197,11
26197,7
26198,11
26199,1
26199,11
26200,11
26200,21
26201,11
26201,26
26201,3
26202,11
26202,16
26202,21
26203,11
26203,2
26203,32
26204,11
26204,22
26205,11
26205,32
26206,11
26207,11
26207,2
26207,21
26208,11
26208,21
26209,11
26210,11
26210,16
26210,21
26211,11
26211,21
26212,11
26213,11
26213,16
26214,11
26215,11
26216,11
26216,21
26217,11
26217,21
26217,22
26218,11
26218,15
26218,32
26219,11
26219,21
26219,3
26220,11
26220,2
26220,21
26221,11
26221,22
26222,11
26223,11
26224,21
26224,16
26224,11
26225,11
26225,15
26225,21
26226,11
26226,2
26227,11
26227,6
26227,7
26228,11
26228,26
26229,11
26229,21
26230,11
26230,31
26230,26
26231,11
26232,11
26232,2
26232,21
26233,11
26233,2
26233,31
26234,11
26235,11
26235,16
26235,21
26236,11
26236,21
26237,11
26237,2
26237,21
26238,11
26238,21
26238,31
26239,11
26239,2
26239,15
26240,11
26240,21
26241,11
26242,11
26242,7
26242,19
26243,11
26243,15
26244,11
26244,2
26244,21
26245,11
26245,2
26245,19
26246,11
26247,11
26247,21
26248,11
26249,11
26249,27
26249,3
26250,11
26251,11
26252,11
26252,16
26252,21
26253,11
26253,2
26253,21
26254,11
26254,21
26255,11
26255,21
26255,29
26256,11
26257,11
26258,11
26258,15
26258,21
26259,11
26259,21
26260,11
26260,2
26260,21
26261,11
26261,21
26261,24
26262,11
26262,16
26262,21
26263,11
26263,21
26263,24
26264,11
26264,2
26264,15
26265,11
26265,16
26266,11
26267,11
26267,2
26267,10
26268,11
26268,16
26268,24
26269,11
26270,11
26271,11
26271,16
26271,21
9982,15
26272,11
26273,11
26274,11
26275,11
26276,11
26277,11
26277,22
26278,11
26278,2
26278,7
5237,3
26279,11
26279,15
26279,3
26280,11
26280,21
26280,26
26281,11
26282,11
26282,15
26282,31
26283,11
26284,11
26284,21
26285,11
26285,2
26286,11
26286,16
26286,22
26287,11
26288,11
19943,15
26289,11
26290,11
26290,2
26291,1
26291,11
26291,21
26292,11
26292,2
26292,16
26293,11
26293,2
26293,21
26294,11
26294,2
26294,24
26295,11
26295,2
26295,21
26296,11
26297,11
26297,21
26297,31
26298,11
26298,22
26299,11
26300,11
26301,11
26301,16
26301,21
26302,11
26302,2
26303,11
26303,21
26303,22
26304,11
26305,11
26305,21
26306,11
26306,2
26306,16
26307,11
26307,21
26307,19
26308,11
26308,15
26309,11
26309,16
26309,21
24570,21
26310,11
26311,11
26312,11
26312,15
26312,16
26313,11
26313,16
26313,21
26314,11
26315,11
26316,11
26316,2
26316,24
26317,11
26317,2
26317,26
26318,11
26318,21
26318,14
26319,11
26319,21
26320,11
26320,16
26320,21
26321,11
26321,16
26321,21
26322,11
26322,24
26323,22
26323,11
26324,11
26325,11
26325,16
26325,21
26326,11
26327,11
26327,21
26327,3
26328,11
26328,21
26329,11
26329,21
26330,11
26330,21
26331,11
26331,21
26332,11
26332,15
26333,11
26333,21
26333,10
9667,15
26334,11
26335,11
26336,11
26336,21
26337,11
26337,16
26337,21
26338,11
26338,2
26338,21
26339,11
26339,6
26339,14
26340,11
26340,16
26340,21
26341,11
26341,2
26341,16
26342,11
26342,2
26342,3
21529,2
26343,11
26343,16
26343,21
26344,11
26344,16
26344,21
26345,11
26345,16
26345,21
26346,11
26346,21
26347,11
26347,16
26348,11
26349,11
26349,26
26350,11
26350,2
26350,32
17249,21
26351,11
26351,16
26351,22
26352,11
26352,21
26353,11
26354,11
26354,21
26355,11
26355,2
26355,15
26356,11
26356,16
26356,31
26357,11
26357,16
26357,21
26358,11
26358,2
26358,16
5849,22
11507,15
11507,29
26359,11
26359,2
26359,21
26360,11
26360,22
26361,11
26361,26
26361,22
26362,11
26363,11
26363,16
26364,11
26364,15
26365,11
9100,21
26366,11
26366,2
26367,11
26367,16
26367,21
26368,11
26368,15
26369,1
26369,11
26369,21
26370,11
26370,21
26370,7
26371,11
26372,11
26373,11
26373,2
26374,1
26374,11
26374,15
26375,11
26375,21
26375,24
26376,11
26376,22
26377,11
26378,11
26378,21
26379,11
26379,7
26379,24
26380,11
26380,15
26381,11
26381,16
26381,21
26382,11
26382,16
26382,22
26383,11
26383,21
26383,7
26384,11
26385,11
26385,15
26385,29
26386,11
26386,21
26387,11
26388,11
26388,19
26389,11
26389,21
26390,11
26390,2
12530,22
26391,11
26391,2
26391,32
26392,11
26393,11
26393,21
26394,11
26395,11
26396,11
26396,24
26397,11
26397,15
26398,11
26398,3
26399,11
26399,21
26400,11
26400,16
26400,31
26401,11
26401,16
26401,21
26402,11
26402,16
26402,22
26403,11
26403,2
26403,16
26404,11
26404,16
26405,11
26406,11
26406,21
26407,11
26407,16
26408,11
26409,11
26410,11
26411,11
26411,15
26411,32
26412,11
26413,11
26413,19
26414,11
26415,11
26415,16
26415,10
26416,11
26417,11
26417,22
26418,11
26418,31
26418,26
26419,11
26419,21
26419,22
26420,11
26421,11
26421,16
26421,21
26422,11
26422,22
26423,11
26423,15
26424,11
26425,11
26426,11
26427,11
26428,11
26429,11
26429,15
26429,16
26430,11
26430,15
26430,24
26431,1
26431,11
26431,32
26432,11
26433,11
26434,11
26434,15
26435,11
26436,11
26436,21
26436,29
26437,11
26437,2
26437,16
26438,11
26438,21
26438,19
26439,11
26439,24
26439,3
26440,11
26441,11
26441,15
26442,11
26442,21
26443,11
26443,21
26444,11
26445,11
26446,11
26447,11
26448,11
26448,32
26449,11
26450,11
26451,11
26451,21
26451,24
26452,11
26452,15
26453,11
26453,19
26454,11
26454,21
26455,11
26455,2
26455,19
26456,11
26456,15
26456,21
26457,11
26458,11
26458,26
26459,11
26459,16
26460,11
26460,21
26461,11
26462,1
26462,11
26462,21
26463,11
26463,21
26464,11
26465,11
26465,22
26466,11
26466,15
26466,21
26467,11
26467,21
26468,11
26468,21
26469,11
26470,11
26471,1
26471,11
26471,2
26472,11
26472,15
26473,11
26473,15
26473,21
26474,11
26474,16
26474,21
26475,11
26476,11
26476,21
26476,30
26477,11
26477,16
26477,22
26478,11
26479,11
26479,21
26479,7
26480,11
26481,11
26482,11
26482,15
26483,11
26483,2
26484,11
26484,15
26485,11
26485,22
26486,11
26486,2
26487,11
26487,26
26488,11
26488,16
26488,21
26489,11
26489,2
26489,29
26490,11
26490,15
26490,31
26491,11
26491,21
26491,10
3646,26
26492,11
26493,11
26494,11
26494,16
26494,21
26495,11
26496,11
26496,2
26497,11
26497,16
26497,21
26498,11
26498,21
26499,11
26500,11
26500,27
26500,3
26501,11
26501,16
26501,21
26502,11
26502,2
26502,26
26503,11
26503,21
26503,32
26504,11
26504,15
26504,24
26505,11
26506,11
26506,2
26506,15
26507,11
26507,15
26507,16
26508,11
26509,11
26509,2
26509,15
26510,11
26511,11
26511,15
26511,21
26512,11
26513,11
26513,22
26514,11
26515,11
26515,21
26516,11
26517,11
26517,16
26517,21
26518,11
26518,19
26519,11
26520,11
26521,11
26521,21
26522,11
26522,21
26522,24
26523,11
26524,11
26524,21
26524,3
26525,11
26525,2
26525,21
26526,11
26527,11
26527,15
26527,16
26528,21
26528,11
26528,15
26529,11
26529,26
26529,19
26530,11
26530,19
26531,11
26531,19
26532,11
26532,16
26533,11
26533,15
26533,30
26534,1
26534,11
26534,15
26535,11
26535,16
26535,21
26536,11
26537,11
2769,21
26538,11
26538,15
26538,16
26539,11
26540,11
26540,15
26540,22
26541,11
26542,11
26542,21
4223,2
4223,26
26543,11
26543,14
26544,11
26545,11
26545,16
26546,11
26546,10
26546,26
26547,11
26547,21
26547,7
26548,11
26548,2
26548,32
26549,11
26549,2
26549,29
26550,11
26550,21
26550,14
26551,11
26551,15
26551,31
26552,11
26553,11
26553,16
26553,21
26554,11
26554,16
26554,21
26555,11
26555,21
26556,11
26557,11
26557,16
26557,22
26558,1
26558,11
26558,15
26559,11
26560,11
26560,21
26560,14
26561,11
26561,21
26561,22
26562,11
26563,11
26564,11
26564,21
26565,11
26565,22
26566,11
26566,16
26566,21
26567,11
26568,11
26568,21
26569,11
26570,11
26570,15
26571,11
26571,15
26571,21
26572,11
26572,21
26573,11
26573,16
26574,11
26574,24
26575,11
26576,11
26576,15
26576,21
26577,11
26578,11
26578,16
26578,21
26579,11
26579,15
26579,22
26580,11
26580,21
26581,11
26581,15
26581,16
26582,11
26582,7
11239,21
26583,11
26583,22
26584,11
26584,24
26584,3
26585,11
26585,21
26585,24
26586,11
26586,21
26586,24
26587,11
26587,15
26588,11
26588,2
26588,32
26589,11
26589,16
26589,3
26590,11
26590,15
26590,26
26591,11
26591,26
26591,22
26592,11
26593,11
26593,21
26593,27
26594,11
26594,15
26595,11
26596,11
26596,15
26596,10
26597,11
26597,19
26598,11
26598,21
26598,24
26599,11
26599,15
26600,11
26601,11
26601,15
26601,32
26602,11
26603,11
26603,21
26604,11
26604,2
26604,16
26605,11
26606,11
26606,22
26607,11
26608,11
26608,32
26608,22
26609,11
26609,21
26609,22
26610,11
26611,11
26611,16
26611,21
26612,11
26613,11
26613,16
26613,10
26614,11
26614,16
26614,21
26615,11
26615,21
26616,11
26617,11
26617,21
26618,11
26619,11
26620,11
26621,11
26621,21
26621,10
26622,11
26622,16
26622,21
26623,11
26624,21
26624,29
26624,11
26625,11
26625,15
26625,32
26626,11
26626,21
26626,7
26627,11
26627,2
26627,32
26628,11
26628,26
26629,11
26630,11
26630,15
26631,11
26631,22
26632,11
26632,2
26633,11
26634,11
26634,16
26634,21
26635,11
26635,21
26636,11
26636,21
26636,22
7197,16
26637,11
26638,11
26638,6
26638,21
26639,11
26639,19
26640,11
26640,21
26641,11
26641,21
26641,19
26642,11
26642,6
26642,16
26643,11
26643,2
26643,21
26644,11
26644,21
26645,11
26646,11
26646,15
26646,24
26647,11
26647,2
26648,11
26648,21
26649,11
26649,16
26649,21
26650,11
26650,21
26651,11
26652,11
26652,21
26652,24
13265,24
26653,11
26653,21
26653,22
26654,11
26654,16
26654,21
26655,11
26655,2
26655,26
26656,11
26657,11
26657,15
26658,11
26658,15
26658,21
26659,11
26659,16
26659,21
26660,11
26660,21
26660,30
26661,11
26661,21
26662,11
26662,16
26663,11
26663,21
26664,11
26665,11
26665,26
26666,11
26666,21
26667,11
26668,11
26668,24
26668,22
26669,11
26669,2
26670,11
26671,11
26672,11
26672,31
26673,11
26674,11
26674,21
26675,11
26675,19
26676,11
26677,11
26677,22
26678,21
26678,22
26678,19
26679,11
26680,11
26681,11
26681,15
26681,16
26682,11
26682,2
26683,11
26683,15
26683,21
26684,11
26684,15
26684,29
26685,11
26685,21
26685,10
26686,11
26687,11
26688,11
26688,21
26689,11
26689,15
26690,11
26690,16
26690,21
26691,11
26691,2
26691,32
26692,11
26692,21
26693,11
26693,22
26694,11
26694,2
26694,15
26695,11
26695,21
26696,11
26696,2
26697,11
26697,15
26698,11
26698,2
26698,32
26699,11
26699,21
26699,24
26700,11
26700,15
26700,24
26701,11
26701,21
26702,11
26702,21
26702,24
26703,11
26704,11
26704,2
26704,16
26705,11
26705,16
26706,11
26706,21
26706,24
26707,11
26708,11
26709,11
26709,2
26709,16
26710,1
26710,11
26710,2
26711,11
26711,15
26712,11
26713,11
26713,16
26713,32
26714,11
26715,11
26715,2
26715,29
26716,11
26716,15
26716,21
26717,11
26717,21
26717,24
26718,11
26719,11
26719,16
26719,21
26720,11
26720,21
26721,11
26721,2
26721,21
26722,11
26722,21
26723,11
26723,2
26723,15
26724,11
26724,21
26725,11
26725,21
26726,11
26727,11
26727,15
26728,11
26728,15
26728,21
26729,11
26730,11
18535,22
26731,11
26731,21
26732,11
26732,15
26733,11
26733,16
26733,21
26734,11
26734,16
26734,21
26735,11
26736,11
26736,2
26737,11
26738,11
26739,11
26739,21
26739,30
26740,11
26741,11
26741,21
26741,22
26742,11
26742,21
26742,19
26743,11
26744,11
26744,2
26744,16
26745,11
26745,22
26746,11
26746,21
26747,11
26747,19
26748,11
26748,16
26748,21
26749,11
26749,21
26750,11
26751,11
26751,3
26752,11
26752,21
26753,11
26753,2
26753,21
26754,11
26754,21
18685,16
26755,11
26755,31
26755,26
26756,11
26756,2
26756,16
26757,11
26758,11
26758,16
26758,21
26759,3
26759,11
26759,2
26760,11
26760,16
26761,11
26761,31
26762,11
26763,11
26763,15
26763,29
6244,21
6244,10
26764,11
26764,16
26764,21
26765,11
26765,2
26766,11
26766,31
26766,10
26767,11
26768,11
26768,31
26769,11
26770,11
26771,11
26771,21
26772,11
26772,21
26772,3
26773,11
26773,2
26773,15
26774,11
26774,15
26774,32
26775,11
26775,32
26775,31
26776,11
26776,16
26776,22
26777,11
26778,11
26778,21
26779,11
26779,22
21883,2
21883,16
26780,11
26780,21
26781,11
26782,11
26783,11
26783,2
26783,3
26784,11
26784,21
26785,11
26786,11
26787,11
26787,21
26787,30
26788,11
26789,11
26789,2
26789,15
26790,11
26790,16
26790,21
26791,11
26791,15
26792,11
26792,21
26792,22
26793,11
26793,16
26793,21
26794,11
26794,15
26794,32
26795,11
26795,21
26796,11
26796,29
26796,32
26797,11
26798,11
26799,11
26800,11
26800,26
26800,22
26801,11
26801,15
26802,11
26802,21
26802,26
26803,11
26803,16
26804,11
26804,16
26805,11
26805,6
26805,21
26806,11
26807,11
26807,15
26807,31
26808,11
26808,21
26808,22
26809,11
26809,21
26809,26
26810,11
26810,21
26810,19
26811,11
26811,15
26811,21
26812,11
26812,15
26812,16
26813,11
26814,11
26814,15
26814,21
26815,11
26816,11
26817,11
26817,2
26817,21
24911,7
24911,24
26818,11
26818,16
26818,21
26819,11
26820,11
26821,11
26822,11
26823,11
26823,2
26823,21
26824,11
26825,11
26825,21
26825,7
26826,11
26826,24
26826,3
26827,11
26827,32
26827,26
26828,11
26828,15
26828,26
26829,11
26829,2
26829,16
26830,11
26830,32
26830,31
26831,11
26832,11
26833,11
26833,21
26834,11
26834,26
26834,19
26835,11
26836,11
26836,21
26837,11
26837,16
26837,21
26838,11
26839,1
26839,11
26839,2
26840,11
26840,21
1424,11
1424,31
1424,26
26841,11
26841,2
26842,11
26842,21
26842,24
26843,11
26844,11
26845,11
26845,2
26845,19
26846,11
26847,11
26848,11
26848,2
26848,16
26849,1
26849,11
26849,2
26850,11
26850,16
26850,21
26851,11
26851,2
26851,31
26852,11
26853,11
26853,2
26853,16
24224,16
26854,11
26854,31
26854,22
26855,11
26855,2
26855,3
26856,11
26856,21
26857,11
26858,11
26859,11
26859,21
26859,22
26860,11
26860,2
26860,19
26861,11
26862,11
26863,11
26863,16
26863,21
26864,11
26864,2
26865,11
26865,21
26866,11
26866,15
26867,11
26868,11
26868,21
26868,24
14830,22
26869,11
26869,16
26869,24
26870,11
26871,11
26871,2
26872,1
26872,11
26872,2
26873,11
1586,11
26874,1
26874,11
26875,11
26875,2
26875,15
26876,11
26876,2
26876,21
26877,29
26877,2
26877,11
26878,11
26879,1
26879,11
26880,11
26881,11
26881,32
26881,26
26882,11
26883,11
26883,21
26884,11
26884,2
26885,11
26885,2
26886,11
26886,32
26886,24
26887,11
26888,11
26888,7
26888,19
26889,11
26889,21
26889,3
26890,11
26890,31
26890,26
26891,11
26891,21
26892,11
26893,11
26894,11
26894,21
26894,7
26895,11
26895,24
26895,3
26896,1
26896,11
26896,21
26897,1
26897,11
26897,32
26898,11
26899,11
26899,2
26899,21
26900,11
26900,2
26901,11
26901,16
26901,21
26902,11
26902,32
26903,11
26904,11
26904,2
26904,32
26905,11
26905,21
26906,11
26906,16
26907,11
26907,21
26908,11
26909,11
26909,21
26909,19
26910,11
26910,21
26910,32
26911,11
26911,2
26912,11
26912,15
26912,31
26913,11
26914,11
26914,21
26915,11
26915,21
26915,22
21234,21
26876,16
26876,22
5857,21
5857,24
26916,11
26916,2
26916,15
26917,11
26917,2
26917,21
26918,11
26919,11
26920,11
26920,15
26920,27
26921,11
26921,15
26921,24
26922,11
26922,21
26923,11
26923,15
26923,16
26924,11
26924,2
26925,11
26925,21
26926,11
26926,16
26926,22
26927,11
26927,21
26928,11
26928,22
26929,11
26929,32
26930,11
26930,2
26930,21
26931,11
26932,11
26932,21
26932,19
26933,11
26933,22
26934,11
26934,21
26935,11
26935,21
26936,11
26936,21
26937,11
26937,21
26938,11
26938,31
26939,11
26939,15
26939,16
26940,11
26940,2
26941,11
26941,21
26941,22
26942,11
26942,16
26943,11
26943,2
26943,26
26944,11
26944,16
26945,11
26946,11
26946,15
26946,24
26947,11
26947,21
26948,11
26948,15
26949,11
26949,24
26950,11
26950,15
26950,31
26951,11
26951,6
26951,21
26952,11
26953,11
26953,15
26953,16
26954,11
26954,21
26954,22
26955,11
26955,22
26956,11
26956,21
26956,22
26957,11
26957,15
26958,11
26958,2
26959,11
26959,2
26959,16
26960,11
26961,11
26962,11
26962,16
26962,32
26963,11
26964,11
26964,2
26964,16
26965,11
26965,2
26965,21
26966,11
26966,2
26967,11
26967,2
26967,16
26968,1
26968,2
26968,11
26969,11
26970,11
26970,24
26971,11
26971,2
26971,15
26972,11
26972,15
26972,16
26973,11
26974,1
26974,11
26974,2
26975,11
26975,3
26976,11
26976,21
26976,15
26977,11
26977,2
26977,22
26978,11
26978,32
26978,22
26979,11
26979,21
14353,7
26980,11
26981,11
26981,31
26981,22
26982,11
26982,16
26982,21
26983,11
26983,21
26984,11
26984,15
26984,24
26985,11
26985,2
26985,21
26986,11
26986,29
26986,22
26987,11
26987,7
26987,19
26988,11
26988,16
26988,21
26989,11
26989,21
26990,11
26990,21
26990,24
26991,11
26991,15
26991,16
26992,11
26992,16
26992,26
26993,11
26993,16
26994,11
26994,22
26995,11
26996,11
26997,11
26997,21
26998,11
26998,32
26999,11
27000,11
27001,11
25596,30
27002,11
27002,21
27003,11
27003,2
27003,16
27004,11
27005,11
27005,21
27006,11
27006,2
27006,15
27007,11
27008,11
27008,16
27009,11
27009,26
27010,16
27010,21
27010,11
27011,11
27011,16
27011,21
27012,11
27012,15
27013,11
27014,11
27014,24
27015,11
27015,15
27015,31
27016,11
27016,16
27016,21
27017,11
27017,15
27018,1
27018,11
27018,15
27019,11
27019,26
27019,22
27020,11
27021,11
27021,10
27021,22
27022,11
27022,26
27023,11
27023,2
27023,21
27024,11
27024,21
27025,1
27025,11
27025,15
27026,11
27026,15
27026,16
27027,11
27028,11
27029,11
27029,21
27030,11
27030,15
27030,30
27031,11
27031,2
27031,16
27032,11
27032,16
27032,21
27033,11
27033,21
27034,11
27035,11
27035,6
27035,16
27036,11
27037,11
27037,15
27037,16
27038,11
27039,11
27040,11
27041,11
27041,10
27041,22
27042,11
27043,11
27043,32
27043,26
27044,11
27044,21
27045,11
27045,21
27046,11
27046,26
27047,11
27048,11
27049,11
27049,2
27050,11
27050,21
27050,22
27051,11
27052,11
27052,21
27053,11
27053,15
27053,24
27054,11
27055,11
27055,21
27055,10
27056,11
27056,15
27057,11
27057,16
27057,21
27058,11
27058,32
27058,26
27059,11
27060,11
27060,22
27061,11
27061,15
27061,21
27062,11
27062,21
27063,11
27063,22
27064,11
27064,21
27065,11
27065,16
27065,21
962,16
962,31
27066,11
27066,21
27066,22
27067,11
27067,16
27067,21
27068,11
27068,15
27068,24
27069,11
27069,15
27070,11
27070,21
27070,22
27071,11
27071,22
27072,11
27072,10
27073,11
27073,16
27073,21
27074,11
27075,11
27075,2
27076,11
27076,2
27076,10
27077,11
27078,11
27078,15
27079,11
27080,1
27080,11
27080,15
27081,11
27081,2
27082,11
27082,15
27083,11
27083,22
26669,26
27084,11
27084,21
27085,11
27085,21
27085,24
27086,11
27086,2
27086,16
27087,11
27087,2
27087,21
27088,11
27088,19
27089,11
27089,15
27089,24
27090,11
27090,2
27090,24
27091,11
27092,11
27093,11
27093,2
27093,15
27094,11
27094,15
27094,21
27095,11
27095,2
27095,16
27096,11
27096,2
27096,15
27097,11
27097,32
27098,11
27098,31
27098,22
27099,1
27099,11
27099,32
27100,11
27100,22
27101,11
27101,2
27101,22
27102,11
27102,31
27103,11
27103,21
27104,11
27104,21
27104,24
27105,11
27105,2
27105,7
27106,11
27106,22
27106,19
27107,1
27107,11
27107,2
27108,11
27108,15
27109,11
27110,21
27110,11
27110,2
27111,11
27111,21
27112,11
27113,11
27113,21
27113,29
27114,11
27114,24
27115,21
27115,2
27115,11
27116,11
27116,16
27116,22
27117,11
27117,16
27117,21
27118,11
27118,21
27119,11
27119,15
27119,21
27120,11
27121,11
27121,32
27122,11
27122,21
27123,11
27123,2
27123,21
27124,11
27124,16
27124,22
27125,11
27125,2
27126,11
27126,26
27127,11
27128,11
27129,11
27129,3
27130,22
27130,11
27130,16
27131,11
27131,21
27131,22
27132,1
27132,11
27132,2
27133,11
27133,2
27134,11
27134,21
6006,24
27135,11
27135,2
27136,11
27137,11
27137,15
27137,16
27138,11
6404,19
27139,11
27139,21
27140,11
27140,2
27140,19
27141,11
27142,11
27143,11
27144,11
27144,22
27145,11
27146,11
27146,2
27146,15
27147,11
27148,1
27148,11
27148,16
27149,11
27149,16
27149,22
27150,11
27150,2
27150,15
27151,11
27151,15
27151,21
27152,11
27152,15
27152,16
27153,11
27153,16
27153,21
27154,11
27154,21
27155,11
27155,2
27155,27
27156,11
27156,2
27156,15
27157,11
27157,22
27158,11
27158,22
27159,11
27159,21
27160,11
27160,15
27160,31
27161,11
27162,11
27162,15
27162,24
27163,11
27163,2
27164,11
27164,15
27164,26
27165,11
27165,21
27165,24
13690,22
27166,11
27166,21
27166,22
27167,11
27168,11
27168,2
27168,7
27169,11
27169,21
27169,30
27170,11
27170,16
27171,11
27171,16
27172,11
27173,1
27173,11
27173,26
27174,11
27174,31
27174,10
27175,11
27175,16
27175,21
27176,11
27176,2
27176,7
18711,16
18711,21
27177,11
27178,11
27178,21
27179,11
27179,15
27179,24
27180,11
27181,11
27181,15
27182,11
27182,15
27182,21
27183,11
27184,11
27185,11
27185,15
27186,11
27187,11
27187,22
27188,11
27188,2
27189,11
27189,24
27190,11
27191,11
27191,2
27191,10
27192,11
27192,16
27192,22
27193,11
27193,21
27194,11
27195,11
27195,16
27196,11
27197,11
27197,15
27197,31
27198,11
27198,16
27199,11
27199,16
27200,11
27201,16
27201,21
27201,26
27202,11
27202,2
27203,11
27204,11
27204,2
27204,15
27205,11
27205,16
27206,11
27207,11
27208,11
27208,21
27209,11
27210,11
27211,11
27211,16
27211,21
27212,11
27212,2
27213,11
27213,16
27214,11
27214,2
27214,16
27215,11
27216,11
27216,2
27216,16
27217,11
27218,11
27218,16
27218,21
27219,11
27219,16
27219,22
27220,11
27220,16
27221,11
27221,2
27221,16
27222,11
27222,2
27222,32
27223,11
27223,16
27223,21
27224,11
27224,21
27225,11
27225,21
27225,7
27226,11
27226,2
27226,15
27227,11
27227,15
27227,21
27228,11
27229,2
27229,3
27229,11
27230,11
27230,2
27231,11
27231,21
27231,24
27232,11
14640,15
27233,11
27233,21
27233,26
5855,15
27234,11
27234,16
27234,21
27235,11
27236,11
27237,11
27237,2
27237,19
27238,11
27239,11
27239,16
27239,21
27240,11
27240,21
27240,22
27241,11
27241,3
27242,11
27242,26
27242,22
27243,11
27243,21
27243,22
27244,11
27244,15
27244,21
27245,11
27245,31
27246,11
27247,11
27247,2
27247,32
27248,11
27248,31
27248,10
27249,11
27249,21
27249,3
27250,11
27250,21
27250,30
27251,11
27251,22
27252,11
27252,2
27252,21
27253,11
27253,6
27253,21
27254,11
27254,10
27255,11
27255,21
27255,26
27256,11
27256,21
27257,11
27257,16
27257,21
27258,11
27258,2
27258,32
27259,11
27259,15
27260,11
27260,15
27260,27
27261,11
27261,16
27262,21
27262,22
27262,11
27263,11
27263,2
27263,15
27264,11
27264,10
27264,22
27265,11
27265,16
27265,21
27266,11
4676,1
27267,11
27267,16
27268,11
27269,11
27269,2
27269,21
27270,11
27270,2
27271,11
27272,11
27272,2
27272,16
27273,11
27273,2
27273,21
27274,11
27274,32
27274,31
27275,11
27275,2
27275,21
27276,11
27277,11
27278,11
27278,21
27278,22
27279,11
27280,11
27280,21
27281,11
27281,21
27282,11
27282,21
27282,24
27283,11
27283,21
27284,11
27285,11
27285,21
27286,11
27286,16
27286,22
27287,11
27287,15
27288,11
27288,21
27288,24
27289,11
27290,11
27291,11
27291,15
27292,11
27292,2
27292,22
27293,11
27293,2
27294,11
27294,21
27295,11
27295,21
27295,31
27296,11
27296,21
27296,24
27297,11
27298,11
27298,32
27299,11
27299,2
27299,7
27300,11
27300,15
27301,11
27302,11
27303,11
27303,26
27304,11
27304,2
27305,11
27305,16
27305,21
27306,11
27306,21
27306,26
27307,11
27307,31
27308,11
27309,11
27310,11
27310,14
27310,19
27311,11
27311,21
27312,11
27312,26
27313,11
27313,2
27313,21
27314,11
27315,11
27315,32
27316,11
27316,21
27316,27
27317,11
27318,11
27319,11
27319,16
27319,21
27320,11
27320,21
27321,11
27322,11
27323,11
27323,15
27323,21
27324,1
27324,11
27324,15
27325,11
27325,2
27325,15
27326,11
27326,15
27326,16
27327,11
27328,11
27328,21
27329,11
27329,2
7071,15
27330,11
27331,11
27331,22
27332,11
27332,2
27332,21
27333,11
27333,2
27334,11
27334,15
27335,11
27335,2
27335,16
27336,11
27336,2
27336,26
27337,11
27338,11
27339,11
27339,15
27339,32
27340,11
27340,15
27340,24
27341,11
27342,11
27343,11
27343,22
27344,11
27344,27
27344,3
27345,11
27345,15
27346,11
27347,11
27347,21
27348,11
27348,2
27348,21
27349,11
27349,15
27349,16
27350,11
27350,16
27350,21
8034,21
27351,11
27351,2
27351,21
27352,11
27352,15
27353,11
27353,15
27353,21
27354,11
27354,2
27355,11
27355,16
5172,22
27356,11
27356,16
27356,21
27357,11
27357,2
27357,32
27358,11
27358,16
27359,11
2059,2
27360,11
27361,11
27362,11
27362,16
27363,11
27364,11
27364,22
4309,3
27365,21
27365,11
27365,24
27366,11
27366,21
27367,11
27368,11
27368,21
27368,22
27369,11
27369,21
27370,11
27370,16
27371,11
27372,11
27372,22
27373,11
27373,21
27373,31
27374,11
27374,15
27375,11
27376,11
27376,21
27376,19
27377,11
27377,22
27378,11
27378,16
27378,21
27379,11
27380,11
27380,16
27380,22
27381,1
27381,11
27381,2
27382,11
27382,22
27383,11
27383,2
27383,29
27384,11
27385,11
27385,15
27385,21
27386,11
27386,2
27386,16
27387,11
27387,21
27387,22
27388,11
27389,11
27389,31
27390,11
27390,16
27390,22
27391,11
27392,11
27393,11
27393,2
27393,21
27394,11
27394,22
27395,11
27396,11
27396,16
27396,22
27397,11
27398,11
27398,16
27398,21
27399,11
27399,15
27399,29
27400,11
27401,11
27401,16
27401,21
27402,11
27402,16
27402,21
27403,11
27404,11
27404,21
27404,32
27405,11
27405,2
27405,21
27406,11
27406,16
27406,21
27407,11
27407,16
27407,21
27408,11
27408,26
27409,11
27409,16
27409,21
27410,11
27411,11
27411,16
27411,21
27412,11
27413,11
27413,16
27413,21
27414,11
27414,16
27414,21
27415,11
27415,2
27415,15
27416,11
27416,2
27416,21
27417,11
27417,16
27418,11
27418,2
27419,11
27420,11
27421,11
27421,21
27421,26
27422,11
27422,16
27423,11
27423,16
27423,22
27424,11
27425,11
27426,11
27426,2
27427,11
27428,11
27428,15
27429,11
27430,11
27430,21
27430,7
27431,11
27431,31
27431,22
27432,11
27433,11
27433,21
27434,11
27435,11
27436,11
27436,15
27437,11
27437,21
27437,24
27438,11
27438,21
27439,11
27440,11
27440,31
27440,22
27441,11
27441,15
27442,11
27443,11
27443,21
27443,24
27444,11
27444,15
27444,32
27445,11
27445,2
27445,21
27446,11
27447,11
27447,2
27447,15
27448,11
27448,15
27448,24
27449,11
27449,22
27450,11
27450,16
27450,21
27451,11
27451,2
27451,26
27452,11
27453,11
27454,11
27455,11
27455,22
27456,11
27457,11
27458,11
3287,29
27459,11
27459,15
27459,32
27460,11
27460,21
27461,11
27461,31
27462,11
27462,2
27462,21
27463,11
27463,16
27463,21
27464,11
27465,11
27465,31
27465,26
27466,11
27466,16
27466,21
27467,11
27467,15
27467,32
27468,11
27469,11
27469,22
27470,11
27470,2
27470,32
27471,11
27471,21
27471,3
27472,11
27472,27
27472,24
27473,11
27474,11
27475,11
27476,11
27476,7
27476,19
27477,11
27477,21
27477,22
27478,11
27478,15
27478,21
27479,11
27479,16
27479,21
27480,11
27480,2
27480,21
27481,11
27481,15
27481,24
27482,11
27483,11
27484,11
27484,16
27484,21
27485,11
27485,21
27485,22
27486,11
27486,2
27486,21
27487,11
27487,2
27487,26
27488,11
27488,21
27489,11
27490,11
27490,21
27490,27
27491,11
27492,11
27492,21
27492,22
27493,11
27493,16
27493,21
27494,11
27494,22
27495,1
27495,11
27496,11
27496,15
27496,16
27497,11
27497,15
27497,21
27498,11
20579,16
27499,11
27499,21
27499,31
27500,11
27500,22
27501,11
27501,2
27501,16
27502,11
27502,21
27503,11
27504,11
27504,16
27504,21
27505,11
27505,22
27506,11
27507,11
27507,2
27508,11
27508,21
27508,3
27509,11
27509,16
27509,21
27510,11
27510,24
27511,11
27512,11
27513,11
27514,11
27514,15
27515,11
27515,21
27516,11
27516,16
27517,11
27517,16
27517,22
27518,11
27518,15
27519,1
27519,11
27519,15
27520,11
27520,15
27520,21
27521,11
27521,21
27521,31
27522,11
27523,11
27523,19
27524,11
27524,2
27524,26
27525,11
27525,22
27526,11
27526,21
27527,11
27528,11
27528,16
27528,21
27529,11
27529,21
27529,24
27530,11
27530,21
27530,10
27531,11
27531,21
27532,11
27532,15
27532,31
27533,11
27533,2
27534,11
27534,16
27535,11
27535,2
27535,32
27536,11
27536,7
27536,24
27537,11
27537,16
27537,21
27538,11
27538,16
27539,11
27539,21
27540,11
27540,21
27541,11
27541,31
27541,22
27542,11
27543,11
27543,26
27544,11
27545,11
27545,3
27546,11
27547,11
27547,21
27548,11
27548,2
27548,16
27549,11
27549,7
27549,19
27550,11
27550,21
27550,24
27551,11
27552,11
27553,11
27554,11
27554,15
27554,21
27555,11
27555,21
27556,11
27557,11
27558,11
27559,11
27559,16
27559,21
27560,11
27560,16
27560,21
27561,11
27562,11
27562,21
27563,11
27563,21
27563,7
27564,11
27564,21
27565,11
27566,11
27567,1
27567,11
27567,15
27568,11
27568,21
27569,11
27569,2
27569,16
25269,3
27570,11
27571,11
27572,11
27572,15
27572,32
27573,11
27573,15
27573,16
27574,11
27575,11
27575,15
27575,16
27576,11
27576,21
27576,22
27577,11
27578,11
27579,11
27579,15
27580,11
27580,21
27581,11
27581,14
27582,11
27582,32
27582,26
27583,11
27583,16
27583,10
27584,11
27585,11
27585,21
27586,11
27586,21
27586,29
27587,11
27588,11
27588,6
27588,16
27589,11
27589,21
27589,22
8674,21
8674,22
27590,11
27590,2
27590,21
27591,11
27592,11
27592,15
27592,21
27593,11
27593,32
27594,11
27594,10
27595,1
27595,11
27595,2
27596,11
27597,11
27598,11
27598,21
27599,11
27599,2
27599,26
27600,11
27600,2
27600,21
27601,11
27601,21
27602,11
27602,16
27602,21
27603,11
27604,11
27604,21
27604,32
27605,11
27606,1
27606,11
27606,2
27607,11
27607,21
27607,24
27608,11
27608,2
27608,24
12487,15
27609,11
27609,2
27609,21
27610,11
27611,11
27611,2
27611,15
27612,11
27613,11
27613,6
27613,21
27614,26
27614,11
27614,31
27615,1
27615,11
27615,15
27616,11
27616,2
27616,15
27617,11
27618,11
27618,21
27618,30
27619,11
27619,21
27619,24
4791,31
4004,21
27620,11
27621,11
27622,11
27622,2
27622,21
27623,11
27623,21
27624,11
27624,15
27624,21
27625,11
27625,21
27625,22
27626,11
27626,22
27627,11
27628,11
27628,21
27629,11
27629,21
27629,26
27630,11
27631,11
27631,15
27632,11
27632,16
27632,21
27633,11
27634,11
27634,16
27634,21
27635,11
27636,11
27636,2
27636,10
27637,11
27637,15
27637,24
27638,11
27639,11
27639,15
27640,11
27640,15
27641,11
27642,11
27642,2
27642,26
27643,11
27644,11
27644,31
27645,11
27645,15
27646,11
27646,21
27647,11
27647,2
27648,11
27648,21
27649,11
27649,24
27650,11
27650,16
27650,21
27651,11
27651,2
27651,16
27652,11
27653,1
27653,11
27653,32
27654,11
20808,15
27655,11
27656,11
27656,26
27656,22
27657,11
27657,22
27658,11
27658,15
27659,11
27659,2
27659,15
27660,11
27660,2
27660,16
27661,1
27661,11
27661,15
27662,11
27662,15
27663,11
27664,11
27664,2
27664,21
27665,11
27665,21
27666,11
27666,21
27666,24
27667,11
27668,11
27668,29
27668,32
27669,11
27669,19
27670,11
27670,2
27670,31
27671,11
27671,15
27672,1
27672,11
27672,2
27673,11
27673,6
27674,11
27674,15
27675,11
27675,2
27675,31
27676,11
27676,16
27677,11
27678,11
27678,15
27678,16
27679,11
27679,16
27679,21
27680,11
27680,16
27680,24
27681,11
27682,11
27682,15
2518,26
27683,11
27684,11
27684,2
27684,26
27685,11
27685,2
27685,31
27686,11
27687,11
27688,11
27688,15
27689,11
27689,21
27690,11
27690,16
27690,22
27691,11
27691,21
27692,11
27692,15
27692,21
27693,11
27694,11
27694,21
27694,30
27695,11
27695,2
27695,10
27696,11
27696,15
27697,11
27698,11
27698,2
27699,11
27699,21
27700,11
27701,11
27702,11
27702,21
27703,11
27703,21
27703,30
27704,11
27704,7
27705,11
27705,16
27706,11
27707,11
27708,11
27709,11
27709,2
27709,32
27710,11
27711,11
27712,11
27712,16
27712,10
27713,11
27714,11
27714,21
27715,11
27715,15
27715,21
27716,11
27716,16
27716,21
27717,1
27717,11
27717,2
27718,11
27719,11
27720,11
27721,11
27721,22
27722,11
27722,2
27722,21
27723,11
27723,16
27723,22
27724,11
27725,11
27725,16
27725,21
27726,11
27726,15
27726,26
27727,11
27727,15
27727,16
27728,1
27728,11
27728,26
27729,11
27729,21
27729,32
27730,11
27731,11
27731,21
27731,7
26650,15
26650,24
27732,11
27733,11
27734,11
27734,16
27735,11
27735,2
27735,22
27736,11
27737,11
27737,15
27737,21
27738,11
27739,11
27740,11
27740,14
27740,24
27741,11
27741,26
27741,22
27742,11
27742,15
27743,11
27744,11
27745,11
27745,2
27745,21
27746,11
27746,16
27746,21
27747,11
27748,11
27748,15
27748,16
27749,11
27750,11
27750,21
27750,3
27751,11
27751,6
27751,16
27752,11
27753,11
27753,15
27754,11
27754,2
27754,21
27755,11
27755,16
27755,21
27756,11
27756,2
27756,21
27757,1
27757,11
27757,3
27758,11
27758,21
27758,22
27759,11
27759,16
27760,11
27760,2
27760,21
27761,11
27762,11
27762,2
27762,22
27763,11
27763,31
27764,11
27764,22
27764,19
27765,11
27765,15
27765,16
27766,11
27766,21
27767,11
27768,11
27768,22
27769,11
27769,21
27770,11
27770,21
27771,11
27771,2
27771,21
27772,11
27772,2
27773,11
27774,11
27775,11
27775,16
27775,21
27776,11
27776,16
27777,11
27778,11
27779,11
27780,11
27781,11
27782,11
27782,22
27783,11
27783,22
27784,11
27785,11
27785,16
27785,21
27786,11
27786,21
27787,11
27787,21
27788,11
27789,11
27790,11
27791,11
27791,21
27792,11
27792,15
27792,16
27793,11
27794,11
27795,11
27795,16
27795,21
27796,11
27796,21
27796,7
27797,11
27797,2
27797,21
27798,11
27799,11
27800,11
27801,11
27802,11
27803,11
27803,2
27803,15
27804,11
27805,11
27806,11
27806,24
27807,11
27807,16
27807,21
27808,11
27809,11
27809,2
27809,15
27810,11
27810,2
27810,21
27811,11
27811,2
27811,3
27812,11
27812,21
27813,11
27813,22
27814,11
27814,16
27814,21
27815,11
27815,21
27816,11
27817,11
27817,15
27817,16
27818,11
27819,11
27820,11
27821,11
27821,21
27822,11
27822,15
27822,31
27823,2
27823,31
27823,11
27824,11
27824,2
27824,10
27825,11
27825,21
27826,11
27826,16
27827,11
27827,16
27827,22
27828,11
27828,2
27828,21
27829,11
27829,2
27829,32
27830,11
27830,2
27830,10
12626,16
27831,1
27831,11
27831,21
27832,11
27832,22
27833,11
6037,21
6037,31
27834,11
27834,15
27834,21
27835,11
27835,2
27836,11
27836,15
27837,11
27837,2
27838,11
27838,16
27838,22
27839,21
27839,11
27839,24
27840,11
27841,11
27842,11
27842,32
27843,11
27843,15
27843,16
27844,11
27844,16
27845,11
27845,2
27845,21
27846,1
27846,11
27846,21
27847,11
27847,2
27847,15
27848,11
27848,21
27849,11
27850,11
27850,2
27850,15
27851,11
27852,11
27852,15
27853,11
27853,16
27853,21
27854,11
27854,2
27854,15
27855,11
27855,16
27855,21
27856,11
27856,22
27857,11
27857,16
27858,11
27858,16
27858,24
27859,11
27859,2
27859,15
27860,11
27861,11
27861,16
27861,21
27862,11
27862,22
27863,11
27863,21
27864,11
27865,1
27865,11
27865,15
27866,11
27866,16
27866,21
27867,11
27867,21
27867,3
27868,11
27868,21
27869,11
27869,32
27869,26
27870,11
27871,11
27871,21
27872,11
27873,11
27873,21
27873,16
27874,11
27874,2
27874,32
27875,11
27875,30
27876,11
27876,16
27876,21
27877,11
27878,11
27878,16
27878,21
27879,11
27880,11
27880,2
27880,10
27881,11
27881,21
27882,11
27882,22
27883,11
27883,21
27883,22
27884,11
27884,15
27885,11
27885,2
27885,27
27886,11
27886,15
27887,11
27888,11
27889,11
27889,16
27889,21
27890,11
27890,2
27890,29
27891,11
27892,11
27892,16
27893,11
27894,11
27894,21
27895,11
27895,15
27895,21
27896,11
27896,2
27896,21
27897,11
27897,15
27898,1
27898,11
27899,11
27900,11
27900,2
27900,24
27901,11
27901,15
27901,16
27902,11
27903,11
27903,21
27904,11
27904,15
27905,11
27905,15
27905,31
27906,11
27906,31
27906,10
27907,11
27907,16
27907,21
27908,11
27908,15
27908,24
27909,11
13028,22
27910,11
27911,11
27912,11
27912,2
27912,32
27913,11
27913,2
27913,24
27914,11
27914,2
27915,11
27916,11
27916,22
27917,11
27917,16
27918,11
27918,2
27918,6
23697,22
27919,11
27919,16
27919,21
27920,11
27920,21
27921,11
27921,2
27921,31
27922,11
27923,11
27923,16
27923,22
27924,11
10455,21
27925,1
27925,11
27925,26
27926,11
27926,16
27926,21
27927,11
27927,2
27927,15
27928,11
27928,16
27928,21
27929,11
27930,11
27931,11
27931,2
27931,22
27932,11
27932,15
27933,11
27934,11
27934,16
27934,21
27935,11
27935,2
27935,21
27936,11
27937,11
27937,2
27938,11
27938,21
27939,11
27939,21
27940,11
27940,24
27941,11
27941,21
27941,24
27942,11
27942,16
27942,21
27943,11
27943,16
27943,21
27944,11
27944,2
27944,27
27945,11
27946,11
27946,15
27946,21
27947,11
27947,31
27948,11
12286,24
27949,11
27949,21
27950,11
27951,11
27951,21
27952,11
27952,21
27953,11
27954,11
27954,15
27955,11
27955,16
27955,21
27956,11
27956,22
27957,11
27957,10
27957,26
27958,11
27958,15
27958,26
27959,11
27959,21
27960,11
27960,2
27960,10
27961,11
27961,2
27961,24
17807,24
17807,26
27962,11
27962,21
27963,11
27963,21
27963,30
27964,11
27964,21
27964,31
27965,11
27966,11
27966,21
27967,11
27967,15
27967,22
27968,11
27968,21
27969,11
27970,11
27970,26
27971,11
27971,2
27971,21
27972,11
27972,2
27972,15
27973,11
27974,11
27974,24
27975,11
27975,16
27975,21
27976,11
27976,32
27976,31
27977,11
27977,2
27977,21
4791,21
27978,11
27978,31
27978,22
27979,11
27979,6
27979,21
27980,11
27981,11
27981,2
27981,15
27982,11
27983,11
27983,24
27984,11
27985,11
27985,2
27985,26
27986,11
27987,11
27987,15
27988,11
27988,21
27989,11
27990,11
27990,2
27990,21
27991,11
27992,11
27992,16
27993,11
27993,21
27993,29
27994,11
27994,24
27995,11
27995,16
27996,11
27996,2
27996,16
27997,11
27997,21
27998,11
27998,21
27999,11
27999,2
27999,21
28000,11
28000,21
28000,7
28001,11
28001,32
28002,11
28002,16
28003,11
28003,21
28003,7
28004,11
28005,11
28005,21
28006,1
28006,11
28006,32
28007,11
28008,11
28008,21
28009,11
28010,11
28011,11
28011,2
28011,21
28012,11
28012,2
28012,16
28013,11
28014,11
28015,11
28015,15
28016,11
28016,21
28016,22
28017,11
28018,11
28018,16
28018,21
28019,11
28019,21
28020,11
28021,11
28022,11
28023,11
28023,21
28024,11
28024,24
28024,22
28025,11
28025,15
28025,24
28026,11
28026,15
28026,16
28027,11
28028,11
28028,15
28029,11
28029,16
28029,21
28030,11
28031,11
28031,26
28031,22
28032,11
28032,26
28033,11
28033,16
28033,10
28034,11
28035,11
28035,22
28036,1
28036,11
28036,2
28037,11
28038,11
28038,31
28039,11
28039,2
28039,21
28040,11
28041,11
28041,22
28042,11
28042,2
28042,22
28043,11
28043,2
28043,16
28044,11
28044,2
28044,15
28045,11
28045,21
28046,11
28046,24
28047,11
28047,16
28047,21
28048,11
28048,2
28048,10
28049,11
28049,16
28049,21
28050,11
28050,27
28050,26
28051,11
28051,19
28052,11
28052,15
28053,11
28053,16
28054,11
28055,11
28055,15
28055,16
28056,11
28056,2
28056,26
28057,11
28057,16
28057,21
28058,11
28058,2
28059,11
28059,32
28059,2
28060,11
28060,22
28061,11
28062,11
28062,19
28063,11
28064,11
28064,21
28065,11
28065,16
28066,11
28067,11
28067,2
28067,29
28068,11
28068,31
28069,11
28069,21
28070,11
28070,22
28071,11
28071,15
28071,16
28072,11
28072,15
28072,21
28073,11
28073,21
28074,11
28074,16
28075,11
28075,21
28076,11
28076,2
28076,21
28077,11
28077,2
28077,26
28078,11
28078,15
28078,16
28079,11
28079,15
28079,21
28080,11
28080,21
7879,15
7879,24
28081,11
28081,2
28081,15
28082,11
28082,15
28082,27
28083,11
28083,15
28083,16
28084,11
28084,2
28084,24
28085,11
28085,32
28085,10
28086,11
28087,11
28087,22
28088,11
28089,11
28089,15
28090,11
28090,21
28090,32
28091,11
28091,22
28092,11
28092,21
28093,11
28093,2
28094,11
28094,21
28094,19
28095,11
28095,2
28095,26
28096,11
28096,2
28096,15
28097,11
28098,1
28098,11
28098,2
28099,11
28099,16
28099,21
28100,11
28100,16
28100,22
28101,11
28101,21
28101,24
28102,11
28103,11
28104,11
28104,22
28105,11
28105,21
28105,29
28106,11
28106,22
28106,19
28107,11
28107,21
28108,11
28108,16
28108,21
28109,11
28109,15
28109,26
28110,11
28110,15
28110,16
28111,11
28111,21
28111,7
28112,11
28113,11
28113,21
28113,24
28114,11
28115,11
28115,21
28115,29
5204,22
28116,11
28117,11
28118,11
28118,2
28118,21
28119,11
21901,24
28120,11
28120,21
28121,11
28122,11
28123,11
28123,16
28123,10
28124,11
28124,2
28124,21
28125,11
28125,16
28125,21
28126,11
28127,11
28127,21
28128,11
28128,2
28128,21
28129,11
28130,11
28130,2
28130,16
28131,11
28131,21
28132,11
28132,21
28133,11
28134,11
28134,16
28134,21
28135,11
28136,11
28136,2
28136,21
28137,11
28137,21
28137,19
28138,11
28138,2
28138,21
28139,11
28139,22
28140,1
28140,11
28140,21
28141,11
28141,2
28141,16
4423,24
28142,11
28143,11
28143,15
28144,11
28144,15
28144,21
28145,11
28145,15
28146,11
28146,2
28146,27
28147,11
28147,2
28147,16
28148,11
28148,2
28149,11
28149,2
28149,24
28150,11
28150,21
28150,31
28151,11
28151,6
28151,21
28152,11
28152,22
28153,11
28153,21
28154,1
28154,11
28154,2
28155,11
28155,6
28156,11
28156,21
28157,11
28157,16
28157,21
28158,11
28159,11
28160,11
28160,15
28160,16
28161,11
28162,11
28163,11
28163,15
28163,16
28164,11
28164,21
28164,7
28165,11
28166,11
28166,6
28166,21
28167,11
28167,2
28167,15
28168,11
28169,11
28169,2
28170,11
28170,15
28171,11
28172,11
28172,2
28172,21
28173,11
28173,15
28173,31
28174,11
28175,11
28175,6
28175,32
28176,11
28177,11
28177,22
28178,11
28178,21
28179,11
28179,21
28179,7
28180,11
28180,21
28181,11
28182,11
28182,16
28182,21
28183,11
28183,22
28183,3
28184,1
28184,11
28184,21
28185,11
28185,21
28185,14
28186,11
28186,21
28186,7
28187,11
28188,11
28189,11
28189,21
28190,11
28190,19
28191,11
28192,11
28192,2
28192,16
28193,11
28194,31
28194,11
28194,22
28195,11
28196,11
28196,2
28196,16
28197,11
28197,2
28197,24
28198,1
28198,11
28198,2
10206,16
28199,11
28200,11
28200,15
28201,11
28201,21
28202,11
28203,11
28204,11
28204,21
28205,11
28205,15
28205,21
28206,11
28207,11
28207,16
28207,21
28208,11
28208,15
28208,22
28209,11
28209,16
28209,22
28210,11
28210,21
28211,11
28212,11
28212,21
28212,24
28213,1
28213,11
28213,2
28214,11
28215,11
28216,11
28216,21
28217,11
28218,11
28219,11
28220,11
28220,22
28221,11
28221,21
28221,31
28222,11
28222,15
28222,32
28223,11
28223,15
28224,11
28224,15
28224,16
28225,11
28225,15
28225,32
28226,11
28226,2
28226,21
28227,11
28228,11
28228,21
28229,11
28229,16
28229,21
28230,11
28230,2
28230,16
28231,11
28231,15
28231,27
28232,11
28233,11
28234,11
28234,2
28234,3
28235,11
28236,11
28236,21
28237,11
28237,16
28237,21
28238,11
28238,22
22620,31
28239,11
28239,16
28239,21
28240,11
28241,11
28242,11
28242,2
28242,22
28243,11
28243,21
28243,24
28244,11
28244,21
28245,11
28246,32
28246,11
28247,11
28248,11
28248,21
28248,24
28249,11
28249,2
28249,15
28250,11
28251,11
28251,27
28252,11
28252,2
28253,11
28254,11
28254,16
28254,21
28255,11
28255,21
28256,11
28256,21
1942,22
28257,11
28257,15
28257,10
28258,11
28258,22
28259,11
28259,2
28259,21
28260,11
28260,32
28260,10
28261,1
28261,11
28261,2
28262,11
28262,6
28262,21
28263,11
28263,15
28263,16
28264,1
28264,11
28264,15
28265,11
28265,21
28265,16
28266,11
28266,16
28266,21
28267,11
28267,2
28267,15
28268,11
28269,11
28269,2
28269,32
28270,11
28270,21
28271,11
28272,11
28273,11
28273,16
28273,21
28274,11
28275,11
28276,11
28276,21
28277,11
28277,2
28278,11
28279,11
28279,21
28279,3
28280,11
28280,2
28281,22
28281,11
28282,2
28282,21
28282,11
28283,11
28284,11
28285,11
28285,2
28285,21
28286,11
28287,11
28287,2
28287,21
28288,11
28288,15
28289,11
28290,11
28290,2
28290,21
11320,32
11320,31
28291,11
28291,21
28292,11
28293,11
28293,21
28293,14
28294,11
28294,22
28295,11
28295,21
28296,11
28296,21
28296,3
28297,11
28297,31
28297,26
28298,11
28299,11
28299,26
28299,3
28300,11
28300,6
28300,16
28301,11
28301,15
28302,11
28302,2
28303,14
28303,15
28303,2
28304,11
28304,32
28304,31
28305,11
24686,21
28306,11
28306,15
28306,16
28307,11
28308,11
28309,11
28309,21
28310,11
28311,11
28312,15
28312,11
28313,11
28314,11
28314,16
28314,22
28315,11
28315,2
28315,31
28316,11
28316,15
28316,16
28317,11
28317,16
28317,21
28318,11
28318,21
28318,7
28319,11
28319,32
28319,31
28320,11
28320,21
28320,7
28321,11
28322,11
28322,21
28323,11
28324,11
28324,21
28324,26
28325,11
28325,16
28325,21
28326,11
28326,2
28326,32
28327,11
28328,11
28329,11
28329,21
28330,11
28330,15
28330,24
28331,11
28331,21
28332,11
28332,16
28332,21
28333,11
28333,2
28333,26
28334,11
28334,21
28334,26
28335,11
28335,15
28336,11
28337,11
28337,2
28337,16
28338,11
28338,2
28338,21
28339,11
28339,21
28340,11
28340,24
28341,11
28342,11
28342,21
28343,11
28343,15
28344,11
28345,11
28345,22
28346,11
28346,21
28347,32
28347,11
28348,1
28348,11
28348,26
28349,11
28349,21
28350,11
28350,21
28350,24
28351,11
28351,16
28351,21
28352,11
28352,15
28352,32
28353,11
28353,21
28354,11
28354,6
28354,15
14613,15
14613,16
28355,11
28356,11
28357,11
28357,16
28357,21
28358,11
28358,15
28358,16
28359,11
28359,16
28359,21
28360,11
28361,11
28361,22
28362,11
28362,2
28363,11
28363,2
28364,11
28365,11
28365,16
28366,11
28367,11
28367,16
28367,21
28368,11
28369,11
28369,2
28369,32
28370,11
28370,15
28370,31
28371,11
28371,32
28371,22
28372,11
28373,11
28373,15
28374,11
28374,22
28375,11
28375,2
28376,11
28376,14
28376,24
28377,11
28377,16
28377,21
28378,11
28379,11
28379,21
28379,22
28380,11
28380,16
28380,22
28381,11
28381,15
28381,16
28382,11
28382,31
28383,11
28384,11
28384,21
28384,32
28385,11
28385,16
28385,22
28386,11
28386,21
28386,24
28387,11
28388,11
28388,2
28388,15
28389,11
28389,24
28390,11
28390,21
28391,11
28391,2
28391,22
28392,11
28392,2
28392,15
28393,11
28394,11
28394,15
28395,1
28395,11
28395,21
28396,11
28397,11
28398,11
28398,21
28399,11
28400,11
28401,11
28401,21
28401,19
28402,11
28402,2
28403,11
28403,2
28403,32
28404,11
28404,2
28404,21
28405,11
13674,2
28406,11
28406,15
28406,21
28407,11
28408,11
28408,2
28408,15
28409,11
28409,21
28409,31
28410,11
28410,31
28411,11
28412,11
28413,21
28413,29
28413,11
28414,11
28415,11
28415,16
28416,11
28417,11
28417,2
28417,7
28418,11
28418,2
28418,32
28419,11
28420,11
28420,16
28420,21
28421,11
28422,11
28423,11
28423,21
28424,11
28424,22
28425,11
28425,2
28426,11
28426,31
28426,22
28427,11
28427,15
28428,11
28428,21
28428,7
28429,11
28429,2
28429,15
28430,11
28430,16
28430,21
28431,11
28431,2
28431,21
28432,11
28432,21
28433,11
28433,2
28433,15
28434,11
28435,11
28435,16
28435,21
28436,11
28437,11
4309,26
28438,11
28438,21
28438,22
28439,11
28440,11
28440,15
28441,1
28441,11
28441,15
28442,11
28443,11
28443,31
28444,11
28444,31
28445,11
28446,11
28447,11
28447,16
28447,19
28448,11
28448,24
28449,11
28449,24
28450,11
28451,11
28451,32
28451,7
28452,11
28452,21
28453,1
28453,11
28453,2
28454,11
10023,26
28455,11
28455,2
28455,15
28456,11
28456,31
28457,11
28457,16
28457,3
28458,11
28458,10
28458,24
28459,11
28460,11
28460,15
28460,16
28461,11
28462,11
28462,2
28463,11
28464,11
28464,21
28465,11
28465,15
28465,21
28466,21
28466,11
28467,11
28467,2
28467,24
28468,11
28469,11
28469,21
28469,22
28470,11
28471,11
28471,22
28472,11
28472,16
28472,21
28473,11
28474,11
28475,11
28475,15
28476,11
28476,16
28476,21
28477,11
28478,11
28478,21
28478,24
28479,11
28480,11
28480,2
28480,16
28481,11
28481,2
28481,7
28482,11
28482,22
28483,11
28484,11
28484,16
28485,2
28485,11
28486,11
28486,21
28487,11
28488,11
28488,2
28488,6
28489,11
28489,15
28489,16
28490,11
28491,11
28491,15
28491,10
28492,11
28492,16
28493,11
28493,15
28494,11
28494,15
28494,19
28495,11
28496,11
28497,11
28497,16
28497,21
28498,11
28499,11
28499,16
28499,21
28500,11
28501,11
28501,21
28502,11
28502,15
28502,26
28503,11
28503,16
28503,22
28504,11
28505,11
28505,15
28506,11
28506,15
28507,11
28507,2
28507,32
28508,11
28508,21
28508,22
28509,11
28510,11
18520,16
18520,22
28511,1
28511,11
28511,26
28512,11
28512,16
28512,24
28513,11
28514,11
28514,26
28515,11
28516,11
28516,2
28517,11
28517,21
28518,11
28518,16
28518,21
28519,11
28519,15
28520,11
28520,29
28520,3
28521,11
28521,16
28521,21
28522,11
28522,2
28522,32
28523,11
28524,11
28524,16
28524,21
28525,11
28525,16
28525,21
28526,11
28526,21
28527,11
28527,19
28528,11
28528,31
28528,22
28529,11
28529,2
28530,11
28530,1
28531,11
28532,11
28532,16
28532,21
28533,11
28533,16
28533,21
28534,11
28534,2
28534,22
28535,11
28535,21
28535,3
28536,11
28537,11
28537,22
28538,11
28538,2
28538,21
28539,11
28539,15
28540,11
28541,11
28541,2
28541,15
28542,11
28543,11
28544,11
28544,2
28545,11
28545,22
28546,11
28547,11
28547,26
28548,11
28548,15
28549,11
28550,11
28551,11
28551,15
28551,26
28552,11
28552,21
28552,14
28553,11
28553,21
28553,3
28554,11
28555,11
28555,2
28556,11
28556,16
28556,21
28557,11
28557,2
28557,15
28558,11
28559,11
28559,16
28559,21
28560,11
28560,15
28561,11
28561,31
28562,11
28562,6
28562,21
28563,11
28564,11
28564,15
28565,11
28565,16
28565,22
28566,11
28567,11
28568,11
28568,16
28568,21
28569,11
28569,26
28570,11
28571,24
28571,11
28571,16
28572,11
28573,11
28573,15
28573,32
28574,11
28574,15
28574,16
28575,11
28575,16
6529,2
6529,21
28576,11
28576,6
28576,21
28577,11
28577,21
28578,11
28578,26
28578,22
28579,11
28579,22
28580,11
28580,3
28581,11
28581,2
28581,15
28582,11
28583,11
28584,11
28585,11
28586,11
28586,15
28587,11
28588,11
28589,11
28589,21
28590,11
28591,11
28591,21
28592,11
28592,24
28593,11
28594,11
28595,11
28595,21
28595,30
26136,16
26136,10
28596,11
28596,16
28596,21
28597,11
28598,11
28599,1
28599,11
28599,15
28600,11
28600,16
28601,11
28601,15
28601,26
28602,11
28602,15
28603,11
28603,2
28603,29
28604,11
28604,21
28604,30
28605,15
28605,21
28605,24
28606,11
28606,2
28606,24
28607,11
28608,11
28609,11
28609,15
28609,26
28610,11
28610,21
28611,11
28611,21
28612,11
28612,31
28612,22
28613,11
28613,2
28613,32
28614,11
28615,11
28615,15
28616,11
28616,16
16011,2
16011,21
28617,11
28617,22
28618,11
28618,21
28618,10
28619,11
28619,21
28620,11
28621,11
28621,21
28621,22
28622,11
28623,11
28624,11
28624,21
28625,11
28625,7
28626,11
28627,11
28627,21
28627,7
28628,11
28628,15
28628,16
28629,11
28629,2
28629,15
28630,11
28630,15
28630,21
28631,11
28631,21
28631,24
28632,11
28633,11
28634,11
28634,31
28635,11
28635,22
28636,11
28636,15
28637,11
28637,21
28638,11
28639,11
28640,11
28640,21
28641,11
28641,2
28641,32
28642,11
28642,15
28643,11
28644,11
28644,22
28645,11
28645,21
28645,22
28646,11
28646,16
28647,11
28647,16
28647,21
28648,11
28648,21
28649,11
28649,21
28649,31
3381,22
28650,11
28650,2
28650,21
28651,11
28651,16
28651,31
28652,11
28653,11
28654,11
28654,2
28655,11
28656,11
28657,11
28657,21
28658,11
28658,32
28659,11
28659,21
28659,22
28660,11
28661,11
28661,15
28661,16
28662,11
28662,16
28663,11
28663,21
28663,22
28664,11
28664,16
28664,22
28665,11
28666,11
28666,16
28667,11
28667,15
28668,11
28668,2
28668,7
28669,11
28669,21
28670,11
28670,16
28670,22
8503,22
28671,11
28672,11
28672,15
28672,16
28673,11
28673,2
28673,16
28674,11
28675,11
28676,11
28676,2
28677,11
28678,11
28678,7
28678,26
28679,11
28679,22
28680,11
28680,16
28681,11
28681,16
28681,21
28682,11
28682,3
28683,11
28684,11
28684,22
28685,1
28685,11
28685,32
28686,11
28686,21
28687,11
28687,2
28687,21
28688,11
28688,2
28688,26
28689,11
28689,21
28690,11
28691,11
28691,16
28691,22
28692,11
28692,2
28692,16
28693,11
28693,16
28693,21
28694,11
28694,21
28695,11
28695,15
28695,14
28696,11
28696,21
28696,24
28697,11
28697,21
28698,11
28698,16
28698,22
28699,11
28699,31
28700,21
28700,11
4134,10
28701,11
28701,15
28701,19
28702,11
28702,2
28702,21
28703,11
28703,2
28703,15
28704,11
28704,21
28704,7
28705,11
28705,2
28705,21
28706,11
28707,11
28707,31
28708,11
28708,16
28708,21
28709,11
28710,11
28710,31
28711,11
28712,11
28712,2
28713,11
28713,21
28713,3
28714,11
28714,15
28715,11
28716,11
28717,11
28717,6
28717,7
28718,11
28718,16
28718,21
28719,11
28719,21
28720,11
28721,11
28721,16
28721,21
28722,11
28723,11
28723,15
28723,21
28724,11
28724,22
28725,11
28725,15
28725,32
28726,11
28727,11
28727,2
28727,16
28728,11
28728,22
28729,11
28730,11
28731,11
28731,2
28731,14
28732,11
28732,32
28733,11
28733,32
28733,26
28734,11
28734,15
28735,11
28735,26
28735,22
28736,11
28736,16
28736,22
28737,11
28737,16
28738,11
28738,21
28738,22
28739,11
28739,16
28739,21
28740,11
28740,15
28741,11
28742,11
28742,2
28742,32
14878,21
28743,11
28743,2
28743,21
28744,11
28744,2
28744,16
28745,11
28745,16
28746,11
28746,21
28747,11
28747,2
28747,16
28748,11
28748,15
28748,22
28749,11
28749,21
28750,11
28750,21
28751,11
28751,16
28752,11
28753,11
28753,15
14010,16
14010,21
28754,11
28754,15
28755,11
28756,11
28756,15
28757,11
28757,16
28757,21
28758,11
28758,2
28759,11
28759,27
28759,3
28760,11
28761,11
28761,21
28762,11
28762,26
28762,22
28763,11
28764,11
28764,26
28765,11
28766,11
28766,16
28766,21
28767,11
28767,22
28768,11
28768,1
28768,16
28769,11
21268,1
21268,15
28770,11
28770,2
28770,24
28771,11
28771,16
28771,21
28772,11
28773,11
28773,2
28774,11
28774,21
28775,11
28775,22
28776,11
28777,11
28778,11
28778,6
28778,21
28779,11
28779,2
28779,15
28780,11
28780,21
28781,11
28782,11
28782,16
28782,21
28783,11
28784,11
28784,21
28785,11
28785,2
28785,24
28786,11
28786,16
28786,21
2917,21
28787,11
28788,11
28788,2
28788,15
28789,11
28789,2
28789,22
28790,11
28790,2
28790,21
3550,6
28791,11
28791,16
28791,21
28792,11
28792,21
28793,11
28793,16
28793,21
28794,11
28794,15
28795,11
28795,21
28796,11
28797,11
28797,21
28797,31
28798,11
28798,2
28798,15
28799,11
28799,21
28799,22
28800,11
28800,15
28800,21
28801,11
28801,15
28801,21
28802,11
28802,22
4372,22
28803,11
28803,21
28803,22
28804,11
28805,11
28806,11
28806,2
28806,21
28807,11
28808,11
28808,16
28808,21
28809,11
28810,11
28810,21
10943,2
28811,11
28811,2
28811,26
28812,11
28812,2
28812,15
28813,11
28813,2
28813,15
28814,11
28814,21
28815,11
28815,21
28816,11
28816,22
28817,11
28818,11
28819,11
28819,31
28819,10
28820,11
28820,16
28820,22
28821,2
28821,11
27432,16
27432,21
28822,11
28822,15
28822,21
28823,11
28824,11
28824,15
28824,22
28825,11
28825,21
28825,7
28826,11
28826,16
28826,21
28827,11
28827,15
28828,11
28828,21
28828,26
28829,11
28829,26
28830,11
28831,11
28832,11
28833,11
28833,2
28833,16
28834,11
28834,2
28834,32
28835,11
28835,2
28835,21
28836,11
28837,11
28837,10
28837,26
28838,11
28839,11
28839,2
28839,14
28840,1
28840,11
28840,32
28841,11
28841,21
28841,24
28842,11
28842,2
28842,15
28843,11
28844,11
28844,15
28845,11
28846,11
28847,11
28847,26
28848,11
28849,11
28849,22
28850,11
28850,21
28851,11
28851,2
28851,21
28852,11
28852,21
28853,11
28853,2
28853,21
28854,11
28854,30
28854,19
28855,11
28855,15
28856,11
28857,11
28857,21
28857,19
28858,11
28858,10
28858,24
28859,11
28860,11
28860,21
28860,24
28861,11
28862,11
28862,15
28862,27
28863,1
28863,11
28863,2
28864,11
28864,21
28865,11
28865,16
28865,21
28866,11
28866,16
28866,21
28867,1
28867,11
28867,32
28868,11
28869,11
28870,11
28870,21
28871,11
28872,11
28872,21
28873,11
28874,11
28874,15
28874,21
28875,11
28875,21
28876,11
28877,11
28877,31
28877,22
28878,11
28878,16
28879,11
28880,11
28880,32
28881,11
28882,11
28882,31
28882,22
28883,11
28883,2
28883,16
28884,11
28884,2
28885,11
28885,21
28886,11
28886,7
28887,11
28887,7
28887,24
28888,11
28888,16
28889,11
28890,11
28891,11
28891,15
28891,21
28892,11
28892,21
28892,24
28893,11
28894,11
28895,11
28895,2
28896,11
28897,3
28897,21
28897,2
28898,11
28898,15
28898,21
28899,11
28899,2
28899,32
28900,11
28901,11
28901,6
28901,21
28902,11
28903,11
28903,2
28903,32
28904,11
28904,2
28904,32
28905,11
28906,11
28906,16
28906,21
28907,11
28907,15
28907,21
28908,11
28908,21
28909,11
28910,11
28910,26
28910,22
28911,11
28911,21
28912,11
28912,24
28912,3
28913,11
28913,2
28913,24
28914,11
28914,32
28914,31
6031,30
28915,11
28916,11
28916,15
28916,31
28917,11
28917,21
28918,11
28918,22
28919,11
28919,21
28919,7
28920,11
28921,11
28921,2
28921,15
28922,11
28922,24
28922,19
28923,11
28923,16
28923,21
28924,11
28924,21
28924,27
28925,11
10197,26
10197,22
28926,11
28926,15
28926,16
28927,11
28928,11
28928,31
28928,22
11610,22
28929,11
28930,11
28931,11
28931,21
28932,11
28933,11
28934,11
28934,21
28934,29
28935,11
28935,19
28936,11
28936,16
28936,24
28937,11
28937,16
28937,22
28938,11
28938,16
28939,11
28939,21
28940,11
28940,2
28940,15
28941,11
28942,11
28942,15
28943,11
28943,15
28944,11
28945,11
28946,11
28946,30
8378,15
28947,11
28947,26
28948,11
28948,21
28949,11
28950,11
28950,15
28951,11
28951,16
28951,21
28952,11
28952,2
28953,1
28953,11
28953,26
28954,11
28954,21
28955,11
28956,11
28957,11
28957,15
28957,31
28958,11
28958,2
28958,16
28959,11
28960,11
28960,15
28960,26
28961,11
28961,19
28962,11
28963,11
28964,11
28964,15
28965,11
28965,15
28966,11
28966,21
28967,11
28968,11
28968,16
28968,21
28969,11
28969,16
28969,21
28970,11
28970,2
28971,11
28972,11
28972,16
28972,21
28973,11
28973,21
28974,11
28974,16
28974,21
28975,11
3768,21
28976,11
28977,11
28977,2
28977,21
28978,11
28979,11
28980,11
28980,15
28981,11
28981,21
28981,3
28982,11
28982,21
28982,7
28983,11
28983,16
28983,32
28984,11
28985,11
28985,21
28986,11
28986,21
28987,11
28987,15
28987,31
28988,11
28989,11
28990,11
28990,15
28991,11
28992,11
28992,2
28993,11
28993,21
28993,30
28994,11
28994,29
28994,26
28995,11
28995,2
28995,32
28996,11
28996,16
28996,21
28997,11
28997,21
28998,11
28998,7
28999,11
28999,21
28999,2
29000,11
29001,11
29001,2
29001,15
29002,11
29003,11
29003,21
29004,11
29004,21
29005,11
29006,11
29006,21
29007,11
29008,11
29008,15
29009,11
29009,15
29009,16
29010,11
29011,11
29011,21
29012,11
29012,15
29012,21
5956,22
29013,11
29013,27
29013,24
29014,11
29014,16
29014,21
29015,11
29016,11
29016,21
29016,22
29017,11
29018,11
29019,11
29019,2
29019,21
29020,11
29020,2
19034,22
29021,11
29022,11
29023,11
29024,11
29025,11
29025,31
29025,22
29026,1
29026,11
29026,2
29027,11
29027,16
29027,21
29028,11
29028,16
29028,21
29029,11
29030,11
29031,11
29032,11
29032,15
29032,31
29033,11
29033,2
29034,21
29034,15
29034,29
29035,11
29036,11
29037,11
29038,11
29038,31
29038,22
29039,11
29040,11
29040,15
29040,31
29041,11
29041,2
29041,21
29042,11
29042,15
29043,11
29043,15
5648,15
29044,11
29045,11
29045,2
29045,32
29046,11
29046,15
29046,16
29047,11
29047,2
29047,32
29048,11
29048,16
29048,21
29049,11
29049,27
29049,3
29050,1
29050,11
29050,15
29051,11
29051,21
29051,24
29052,11
29052,21
29053,11
29054,11
29055,11
29055,15
29055,24
29056,11
29056,29
29056,26
29057,11
29057,2
29057,16
29058,11
29058,2
29058,24
29059,11
29059,2
29059,21
29060,11
29060,21
29060,29
29061,11
29061,21
29062,11
29063,11
29063,2
29063,21
29064,11
29065,11
29065,16
29065,21
29066,11
29067,11
29067,16
29067,21
29068,11
29069,11
29069,16
29069,21
29070,11
29070,16
29070,21
29071,11
29072,11
29073,11
29073,2
29074,11
29075,11
29075,32
29076,11
29076,16
29077,11
29078,11
29078,15
29078,21
15368,21
29079,11
29080,11
29080,29
29081,11
29082,11
29082,21
29082,24
29083,11
29084,11
29085,1
29085,11
29085,2
29086,11
29086,2
29086,32
29087,11
29087,2
29087,26
29088,11
29089,11
29090,11
29090,26
29090,22
7294,22
29091,11
29092,11
29092,16
29092,21
29093,11
29093,21
29093,22
29094,11
29094,15
29094,16
29095,11
29095,15
29095,16
29096,11
29096,22
29097,11
29097,16
29098,11
29098,22
29099,11
29099,27
29099,24
29100,1
29100,11
29100,26
29101,11
29101,31
29102,11
29102,22
29103,11
29103,2
29103,15
29104,11
29104,21
29105,11
29105,22
29106,1
29106,11
29106,15
29107,11
29107,15
29107,16
29108,1
29108,11
29108,2
29109,11
29109,26
29110,11
29110,16
29110,21
29111,11
29112,11
29113,11
29113,24
29114,11
29114,31
29114,22
29115,11
29116,11
29117,11
29118,1
29118,11
29118,26
29119,11
29119,21
29119,24
29120,11
29120,21
29121,11
29121,2
29121,16
29122,11
29122,2
29123,11
29123,31
29123,32
29124,11
29124,2
29124,7
29125,11
29125,2
29125,31
29126,11
29126,2
29126,32
29127,11
29127,22
29128,11
29128,16
29128,21
29129,11
29129,2
29129,15
29130,11
29131,11
29131,2
29132,11
29132,15
29132,26
29133,11
29133,15
29133,31
29134,11
29134,21
29134,2
29135,11
29135,21
29135,24
29136,11
29136,21
29137,11
29137,7
29137,24
29138,11
29138,2
29138,16
29139,11
29140,11
29140,2
29140,29
29141,11
29142,11
29142,15
29142,31
29143,11
29144,11
29145,11
29145,16
29146,11
29147,11
29148,11
29148,16
29148,21
29149,11
29149,26
29149,22
29150,11
29150,21
29151,11
29151,16
29152,11
29152,16
29153,11
29154,11
29155,11
29156,11
29156,15
29156,16
29157,11
29157,15
29157,32
29158,11
29159,11
29159,21
29160,11
29160,10
29161,11
29161,15
22121,15
29162,11
29162,26
29162,22
29163,11
29164,11
29165,11
29165,2
29165,21
29166,11
29167,11
29167,15
29167,26
29168,11
29168,15
29169,11
29170,11
29170,16
29171,11
29171,21
29171,26
29172,11
29172,2
29173,11
29174,11
29174,6
29174,7
26655,1
29175,15
29175,11
29175,2
29176,11
29176,32
29176,31
29177,11
29177,15
29178,11
29178,15
29179,11
29180,11
29180,22
29181,11
29181,15
29182,11
29182,2
29182,15
29183,11
29183,2
29183,21
29184,11
29184,15
29184,32
29185,11
29185,15
29185,16
29186,11
29186,16
29186,21
29187,11
29188,11
29188,22
29188,2
29189,11
29189,19
29190,11
29190,16
29191,11
29191,2
29191,24
29192,11
29192,21
29193,11
29193,24
29193,21
29194,11
29195,11
29195,32
29196,11
29196,21
29196,24
29197,11
9718,31
9718,22
29198,11
29199,11
29200,11
29201,11
29201,3
29202,11
29203,11
29204,11
29204,27
29204,24
29205,11
29205,2
29205,15
29206,11
29206,21
29207,11
29208,11
29209,11
29210,11
29211,11
29211,2
29211,6
29212,11
9084,22
29213,11
29213,2
29213,16
29214,11
29215,11
29215,2
29215,24
29216,11
29217,11
29217,2
29217,22
29218,11
29218,31
29218,26
29219,11
29219,16
29220,11
29221,11
29221,21
29222,11
29223,11
29223,15
29223,21
29224,11
29225,11
29225,19
29226,11
29226,29
29226,22
29227,11
29228,11
29228,15
29228,14
29229,11
29229,15
29230,11
29230,2
29230,32
29231,11
29231,16
29231,21
29232,11
29233,11
29233,15
29233,16
29234,11
29234,22
29235,2
29235,11
29236,11
29236,16
29236,21
29237,11
29238,11
29238,21
29238,14
29239,11
29239,22
29240,11
29241,11
29241,16
29241,21
29242,11
29242,22
29243,11
29244,11
29244,2
29245,11
29245,15
29245,31
29246,11
29247,11
29247,16
29247,22
29248,11
29249,11
29249,2
29249,22
29250,11
29250,21
29251,11
29252,11
29253,11
29254,11
29254,26
29255,1
29255,11
29255,2
29256,11
29256,21
29257,11
29257,16
29257,21
29258,11
29258,21
15110,2
29259,11
29260,11
29261,11
29261,21
29261,22
29262,11
29262,2
29262,32
29263,11
29263,15
29263,16
29264,11
29265,11
29265,15
29266,11
29267,11
29267,2
29267,22
29268,11
29268,2
29268,21
29269,11
29269,2
29269,21
29270,11
29270,16
29270,3
29271,11
29271,16
29271,21
29272,11
29272,22
29273,11
29274,11
29274,22
29275,11
29275,2
29275,16
29276,11
29276,16
29276,21
29277,11
29278,11
29278,2
29278,15
29279,11
29279,2
29279,10
29280,11
29280,21
29281,11
29281,26
29281,22
29282,11
29282,21
29282,32
29283,11
29284,11
29285,11
29285,16
29285,22
29286,11
29286,21
29287,11
29288,11
29289,11
29290,11
29290,15
29291,11
29291,2
29291,16
29292,11
29292,16
29292,21
29293,11
29293,26
29293,3
29294,1
29294,11
29294,2
29295,11
29295,26
29296,11
29296,2
29296,16
29297,11
29297,2
29297,24
29298,11
29298,16
29298,21
29299,11
29299,29
29300,11
29301,11
29301,16
29302,11
29302,15
29303,11
29304,11
29305,11
29305,16
29306,11
29306,16
29306,21
29307,11
29307,15
29307,16
29308,11
29308,15
29308,22
29309,11
29309,16
29310,11
29310,15
29310,31
29311,11
29312,11
29312,21
29312,19
29313,11
29314,11
29315,11
29315,22
29316,11
29316,16
29317,11
29317,15
29317,30
29318,11
29318,7
29319,11
29320,11
29320,16
29320,21
29321,11
29321,2
29322,11
29322,10
29322,26
26729,2
29323,11
29324,11
29324,16
29325,11
29326,11
29327,11
29327,24
29328,11
29328,15
29328,16
29329,11
29329,2
29329,21
29330,11
29330,16
29330,21
29331,11
29331,2
29331,16
29332,11
29332,31
29332,22
29333,11
29334,11
29334,21
29335,11
29336,11
29336,21
29336,24
29337,11
29337,15
29338,11
29338,21
29339,11
29340,11
29341,11
29342,11
29342,31
29342,26
29343,11
29343,22
29344,11
29344,16
29345,11
29345,16
29345,22
29346,11
29346,2
24535,16
29347,11
29348,11
29348,16
29348,10
29349,11
29349,32
29350,11
29351,11
29351,15
29351,21
29352,11
29353,11
29353,16
29353,21
29354,11
29355,11
29356,11
29356,21
29357,11
29357,24
29358,11
29358,21
29358,22
29359,11
29360,11
29361,11
29362,11
29363,11
29363,21
29363,30
29364,11
29364,2
29365,11
29365,2
29366,11
29367,11
29367,2
29367,21
29368,11
29368,21
29368,19
29369,11
29369,10
29370,11
29370,16
29370,21
29371,11
29371,21
29372,11
29373,11
29374,11
29374,16
29374,22
29375,11
29376,11
29376,21
29377,11
29377,27
29377,3
29378,11
29379,11
29379,21
9221,21
29380,11
29380,16
29380,21
29381,11
29381,22
29382,11
29383,11
29383,16
29383,21
29384,11
29385,11
29385,16
29385,21
29386,11
29386,16
29386,21
29387,11
29387,21
29387,24
29388,11
29388,16
29388,21
29389,11
29389,15
29390,11
29390,2
29390,27
29391,11
29391,16
29391,22
29392,11
29393,11
29394,11
29394,21
29395,11
29395,32
29396,11
29397,11
29397,21
29397,24
29398,11
29399,11
29399,16
29399,21
29400,11
29401,11
29402,11
29402,21
29403,11
29404,11
29405,11
29405,2
29406,11
29406,2
29406,16
29407,11
29407,21
29408,11
29408,21
29409,11
29409,22
29410,11
29410,16
29410,21
29411,11
29411,32
29411,22
29412,11
29412,21
29412,29
29413,11
29413,21
29413,32
29414,11
29414,21
29414,22
29415,11
29416,11
29416,15
29416,21
29417,11
29417,32
29417,22
29418,11
29418,2
29418,16
29419,11
29419,2
29419,15
29420,11
29420,15
29420,21
29421,21
29421,11
29421,32
29422,11
29422,21
29423,1
29423,11
29424,11
29424,22
29425,11
29425,16
29426,11
29426,16
29426,21
29427,11
29427,21
29427,22
29428,11
29428,21
29429,11
29429,16
29429,22
29430,11
29431,11
29432,2
29432,11
29432,15
29433,11
29433,2
29433,21
29434,11
29434,21
29434,24
29435,11
29435,21
29436,11
29436,2
29436,15
29437,21
29437,11
29437,19
29438,11
29438,21
29438,24
29439,11
29440,11
29440,15
29441,11
29441,22
29442,11
29442,15
29442,16
29443,11
29444,11
29445,11
29445,2
29445,32
29446,11
29446,15
29447,11
29447,15
29447,21
29448,11
29449,11
29449,15
29449,21
29450,11
29451,11
29451,16
29451,21
29452,11
29453,11
29453,32
29453,24
29454,11
29454,21
29454,31
29455,11
29455,15
29455,24
29456,11
29456,15
29456,24
29457,11
29457,15
29457,21
29458,11
29458,21
29458,22
29459,11
29459,15
29460,1
29460,11
29460,32
29461,11
29462,11
29462,2
29462,16
29463,11
29464,11
29464,10
29464,22
29465,11
29465,21
29466,11
29466,21
29466,22
6672,16
16364,16
16364,21
29467,11
29467,15
29468,11
29469,11
29469,21
29469,26
29470,11
29470,2
29470,15
29471,11
29471,15
29472,11
29472,31
29473,11
29473,16
29473,21
29474,11
29474,21
29474,10
29475,11
29475,21
29475,7
29476,11
29476,2
29476,32
29477,11
29477,2
29478,11
29478,22
29479,11
29479,21
29480,11
29480,21
29481,11
29481,6
29482,11
29483,11
29483,21
29484,11
29484,21
29485,11
29485,21
29486,11
29486,16
29487,11
29488,11
29488,22
29489,11
29489,2
29489,15
29490,11
29490,21
29490,31
29491,1
29491,11
29492,11
29492,24
29492,3
29493,11
29493,31
29493,26
29494,14
29494,21
29494,11
29495,11
29496,11
29496,15
29496,21
29497,11
29498,11
29498,31
29498,22
29499,11
29500,11
29500,21
29500,7
29501,11
29502,11
29502,26
29503,11
29504,11
29504,2
29505,11
29506,11
29506,15
29506,21
29507,11
29507,2
29507,16
29508,11
29508,16
29508,21
29509,15
29509,24
29509,11
29510,11
29510,2
29510,16
29511,11
29512,11
29512,2
29512,22
29513,11
29513,2
29513,16
29514,11
29514,16
29514,21
29515,11
29515,21
29515,24
29516,11
29516,2
29516,29
29517,11
29517,15
23516,21
29518,11
29519,11
29519,16
29519,21
29520,11
29520,15
29520,21
29521,11
29521,22
29522,11
29522,31
29523,11
29523,16
29523,21
29524,11
29524,21
29524,24
29525,11
29526,11
29526,2
29526,21
29527,11
29528,11
29528,15
29528,21
29529,11
29529,21
29530,11
29531,11
29531,2
29531,10
29532,11
29532,22
29533,11
29534,11
29534,26
29534,22
29535,11
29535,2
29535,15
29536,11
29536,16
29537,11
29538,11
29538,16
29538,22
29539,11
29540,11
29540,2
29540,21
29541,11
29541,16
29541,21
29542,11
29542,16
29542,21
29543,11
29544,11
29545,11
29545,21
29545,24
29546,11
29546,31
29547,11
29547,22
29548,11
29548,16
29549,11
29550,11
29550,15
29550,31
29551,11
29551,21
29551,22
29552,11
29552,21
29552,22
29553,11
29553,2
29553,7
29554,11
29554,2
29555,11
29556,11
29556,15
29556,31
29557,11
29558,11
29558,2
29558,21
29559,11
29559,16
29559,21
29560,11
29560,2
29560,26
29561,11
29562,11
29562,2
29562,15
29563,11
29563,21
29563,7
29564,11
29564,16
29564,21
29565,11
29565,26
29565,22
29566,11
29566,16
29566,22
29567,11
29567,16
29568,1
29568,11
29568,21
29569,11
29570,11
29570,21
29570,10
10574,16
10574,21
29571,11
29571,2
29571,15
29572,11
29573,11
29573,2
29574,11
29574,2
29574,21
29575,11
29576,11
29577,11
29577,2
29578,11
29579,11
29579,21
29580,11
29580,29
29580,26
29581,11
29581,22
29582,11
29583,11
29584,11
29585,11
29586,11
29586,2
29586,16
29587,11
29588,11
29588,2
29588,15
29589,11
29589,2
29589,21
29590,11
29590,24
29590,3
29591,11
29591,21
29591,10
29592,11
29592,2
29592,22
29593,11
29594,11
19988,1
29595,11
29595,2
29595,32
29596,11
29596,21
29596,30
29597,11
29597,2
29597,15
29598,11
2330,21
29599,11
29599,31
29599,22
29600,11
29601,11
29602,11
29602,16
29602,22
29603,11
29603,15
29603,16
29604,11
29604,15
29604,21
29605,11
29606,11
29606,21
29607,11
16395,26
29608,11
29608,21
4050,32
29609,11
29610,11
29611,11
29611,15
29612,11
29613,11
29613,22
29614,11
29614,2
29614,16
29615,11
29615,15
29615,21
29616,11
29616,2
29616,21
29617,11
29617,15
29618,11
29618,16
29618,21
29619,11
29620,11
29620,22
29621,11
29622,11
29622,16
29622,31
29623,11
29624,11
29624,21
29624,26
29625,11
29626,11
29627,11
29628,11
29628,24
29629,11
29629,10
29630,11
29630,2
29630,26
29631,11
29632,11
29632,21
29633,11
29634,11
29635,11
29635,16
29636,11
29637,11
29637,2
29637,21
29638,11
29639,11
29640,11
29640,22
29641,11
29642,11
29642,21
29642,26
29643,11
29643,6
29643,21
29644,11
29645,11
29645,16
29645,22
29646,11
29646,26
29647,11
29647,31
29647,22
29648,11
29649,24
29649,21
29649,19
29650,11
29650,21
29651,11
29652,11
29652,21
29652,3
29653,11
29654,11
29654,16
29654,21
29655,11
29655,16
29656,11
29656,15
29656,21
29657,11
29658,11
29659,11
29660,11
29660,2
29661,11
29661,6
29661,19
29662,11
29662,15
29662,21
3869,32
29663,11
29664,11
29664,21
29665,11
29666,11
29666,26
29667,11
29667,21
29668,11
29668,2
29668,22
29669,11
29669,21
29669,14
29670,11
29670,21
29671,11
29672,11
29672,21
29672,19
29673,11
29673,21
29673,22
29674,11
29675,11
29676,11
29676,21
29676,27
25420,21
29677,21
29677,11
29678,11
29679,11
12972,22
29680,11
29681,11
29681,16
29681,21
29682,11
29683,11
29683,6
29683,21
21551,21
21551,24
29684,11
29685,11
29686,11
29686,32
29686,22
29687,11
29687,16
29687,21
29688,11
29689,11
29689,21
29689,22
3718,21
3718,32
29690,11
29690,2
29691,11
29691,16
29692,11
29692,16
29692,21
29693,11
29693,21
29694,11
29695,11
29695,19
29696,11
29696,22
29697,11
29698,11
29698,31
29699,11
29699,15
29700,11
29700,2
29700,21
29701,11
29702,11
29702,2
29702,32
29703,11
29703,16
29703,22
29704,11
29705,11
29706,11
29706,2
29706,32
29707,11
29707,21
29708,11
29709,11
29710,11
29710,16
29711,11
29711,21
29711,22
29712,11
29713,1
29713,11
29713,31
29714,11
29714,21
29714,22
29715,11
29715,21
29716,11
29716,16
29716,21
29717,11
29718,11
29718,22
29719,11
29719,2
29719,21
29720,11
29721,11
29721,15
29721,21
29722,11
29723,11
29723,15
29723,32
29724,11
29725,11
29725,2
29725,21
29726,11
29727,11
29728,11
29728,22
29729,11
29730,11
29730,21
29731,11
29732,11
29732,22
29733,11
29733,21
29734,11
29734,16
29734,21
29735,1
29735,11
29735,15
29736,11
29736,2
29736,15
29737,11
29737,2
29737,21
29738,11
29738,21
29739,11
29739,22
29740,11
29741,11
29742,11
29742,26
29742,22
29743,11
29744,1
29744,11
29744,2
29745,11
29746,11
29746,21
29747,11
29748,11
29749,11
29749,2
29749,29
29750,11
29750,15
29751,11
29752,11
29752,21
29753,11
29753,2
29753,15
29754,11
29755,11
29756,11
29757,11
29757,31
29758,11
29759,11
29759,24
29759,19
29760,2
29760,21
29760,3
29761,11
29761,16
29761,21
29762,11
29763,11
29763,6
29763,21
29764,11
29765,1
29765,11
29765,2
29766,2
29766,15
29766,29
29767,11
29768,11
29768,16
18089,21
18089,24
29769,11
29769,2
29770,11
29770,16
29770,7
29771,11
29771,21
29771,22
29772,11
29772,2
29773,11
29774,11
29774,2
29774,16
29775,11
29776,11
29776,16
29777,11
29777,15
29778,11
29779,11
29779,16
29779,7
29780,11
24963,21
29781,11
29781,21
29781,32
29782,11
29782,16
29782,22
29783,1
29783,11
29783,15
29784,11
29784,21
29785,11
29785,21
29786,11
29786,31
29787,11
29788,11
29788,31
29788,26
29789,11
29789,15
29789,16
29790,11
29791,11
29792,11
29792,21
29792,19
29793,11
29793,15
29793,22
29794,11
29794,16
29794,10
29795,11
29796,11
29796,15
29797,11
29797,16
29797,21
29798,11
29799,11
29799,15
29800,11
29800,21
29800,29
29801,11
29801,19
29802,11
29802,21
29802,22
29803,11
29803,16
29803,21
29804,11
29804,16
29805,11
29805,2
29805,16
29806,11
29806,15
29807,11
29808,11
29809,11
29809,15
29810,11
29810,16
29810,22
29811,11
29811,2
29811,16
29812,11
29812,21
29813,11
29814,11
29814,31
29814,26
29815,11
29815,15
29816,11
29816,21
29816,30
29817,11
29818,11
29818,16
29818,10
29819,11
29819,16
29819,21
29820,11
29820,16
29820,21
29821,11
29821,31
29822,11
29823,11
29824,11
29824,24
29825,11
29825,21
29826,11
29827,11
29827,21
29827,22
29828,11
29829,11
29829,2
29829,26
29830,11
29831,11
29831,2
29831,26
29832,11
29832,16
29832,21
29833,11
29833,21
29833,7
29834,11
29834,21
29835,11
29835,24
29836,11
29836,2
29836,21
29837,11
29837,15
29838,11
29838,21
29838,22
29839,11
29840,11
29841,11
29842,11
29843,11
29843,21
29843,24
29844,11
29844,16
29844,21
29845,11
29846,11
29847,11
29848,11
29849,11
29849,21
29849,19
29850,11
29851,11
29852,11
29853,11
29853,21
29853,22
29854,11
29855,11
29855,31
29855,3
29856,11
29856,26
29856,22
29857,11
29857,16
29857,21
29858,11
29859,11
29859,32
29860,11
29860,21
29860,24
29861,11
29862,1
29862,11
29862,2
29863,11
29864,11
29864,16
29864,22
29865,11
29866,11
29866,21
29866,32
29867,11
29867,16
29867,21
29868,11
29868,21
29868,24
29869,11
29870,11
29871,11
29871,2
29871,31
29872,11
29872,21
29872,29
29873,11
29873,15
29873,31
29874,11
29875,11
29876,11
29876,26
29876,19
29877,11
29878,11
29878,21
29878,19
29879,11
29879,16
29879,21
29880,11
29881,11
9920,24
9920,3
29882,11
29882,15
29883,11
29884,11
29884,15
29885,11
29886,11
29886,15
29886,21
29887,11
29888,11
29888,2
29888,21
29889,11
29889,2
29889,24
29890,11
29890,21
29890,22
29891,11
20045,21
29892,11
29892,2
29893,11
29893,15
29893,16
29894,11
29894,2
29895,11
29895,2
29895,22
29896,11
29896,21
29896,14
29897,11
29897,15
29897,22
29898,11
29899,11
29900,11
29900,21
29901,11
29902,11
29902,2
29902,16
29903,11
29904,11
29904,21
29905,11
29905,21
29906,11
29906,32
29907,11
29908,11
29908,21
29908,19
29909,11
29910,11
11707,16
11707,21
29911,11
29911,2
29911,32
29912,11
29912,15
29912,31
29913,11
29913,31
29914,11
29914,19
29915,11
29915,2
29915,16
29916,11
29917,11
29917,15
29917,32
29918,11
29919,11
29919,2
29919,21
29920,11
29920,22
29921,11
29922,11
29922,21
29922,22
29923,11
29923,15
29924,11
29924,2
29924,21
29925,11
29926,11
29926,16
29927,11
29928,11
29928,22
29929,11
29929,21
29930,11
29931,11
29931,26
29932,11
29932,16
29933,11
29933,15
29933,24
29934,11
29934,22
29935,11
29935,16
29935,22
29936,11
29936,16
29936,31
29937,11
29937,21
29938,11
29939,11
29940,11
29941,11
29941,15
29941,16
29942,11
29942,16
29942,21
29943,11
29943,21
29944,11
29944,21
29945,11
29946,11
29946,2
29946,32
29947,11
29948,11
29948,2
29948,15
29949,11
29950,11
29950,6
29950,21
29951,11
29951,16
29952,11
29953,11
29953,21
29953,22
29954,11
29954,2
29954,24
29955,11
29955,21
29955,22
29956,1
29956,11
29956,15
29957,11
29957,2
29957,32
29958,11
29959,11
29959,16
29959,21
29960,11
29960,21
29961,11
29961,21
29962,11
29962,15
29963,11
29963,15
29964,11
29964,16
29964,21
29965,11
29966,11
2766,2
29967,11
29968,11
29968,2
29968,7
29969,14
29969,11
29969,3
29970,11
29970,15
29970,26
29971,11
29971,21
29972,11
29972,2
29972,15
29973,11
29973,21
29974,11
29975,11
29976,11
29977,11
29977,21
29978,11
29978,21
29979,11
29979,15
29979,22
29980,11
29980,7
29980,22
29981,11
29982,11
29982,16
29982,22
29983,11
29983,2
29983,6
29984,11
29984,16
29984,21
29985,11
29986,11
29986,21
29986,22
29987,11
29987,16
29987,21
29988,11
29989,11
29989,15
29989,16
29990,11
29990,27
29990,3
29991,11
29991,16
29991,21
29992,11
29993,11
29993,2
29993,15
29994,11
29994,15
29994,26
29995,11
29995,21
29996,11
29997,11
29997,15
29997,21
29998,11
29999,11
30000,11
30001,11
30001,2
30002,11
30002,22
30003,11
30003,15
30004,11
30004,2
30004,10
30005,11
30005,21
30005,10
30006,11
30006,21
30006,32
30007,11
30007,21
30008,11
30008,21
30008,7
30009,11
30009,21
30009,22
30010,11
30011,11
30011,15
30012,11
30012,21
30012,29
30013,11
30013,21
30014,11
30015,11
30016,11
30016,16
30017,11
30018,11
30019,11
30019,16
30019,21
30020,11
30020,2
30020,21
30021,11
30022,11
30022,2
30022,26
30023,11
30023,15
30023,21
30024,11
30024,2
30024,19
30025,11
30025,24
30025,22
30026,11
30027,11
30027,16
30027,21
30028,11
30028,21
30029,11
30030,11
30030,2
30030,15
30031,11
30031,2
30031,14
30032,11
30032,16
30032,21
30033,11
30034,11
30034,21
30035,11
30035,15
30036,11
30036,16
30036,21
30037,11
30038,11
30038,21
30038,31
30039,11
30040,11
30041,11
30041,16
30041,21
30042,11
30043,21
30043,11
30044,11
30044,21
30044,31
30045,11
30046,11
30046,16
30046,21
30047,11
30047,32
30047,14
30048,11
30048,15
30048,16
30049,11
30050,11
30051,11
30051,16
30052,11
30052,2
30052,21
30053,11
30053,21
30054,11
30054,16
30054,21
30055,11
30055,15
30056,11
30057,11
30058,11
30058,2
30058,21
30059,11
30059,21
30060,11
30060,2
30060,6
30061,11
30061,2
30062,11
30062,10
30063,11
30064,1
30064,11
30064,6
30065,11
30065,15
30065,16
30066,11
30066,26
30067,11
30067,2
30067,26
30068,11
30068,16
30068,21
30069,11
30070,11
30070,15
30070,24
30071,11
30071,16
30071,21
470,11
470,21
470,31
30072,11
30072,21
30073,11
12995,22
30074,11
30074,16
30074,21
30075,11
30075,2
30075,16
30076,11
30076,2
30076,3
30077,11
30077,2
30077,16
30078,11
30078,2
30079,11
30080,11
30080,1
30080,15
4544,16
30081,11
30081,32
30082,11
30082,2
30082,16
30083,11
30083,2
30084,11
30084,2
30085,11
30085,21
30085,22
27477,3
30086,11
30086,21
30087,11
30087,2
30087,21
30088,11
30089,11
30090,11
30090,24
30091,11
30091,21
30091,24
30092,11
30092,31
30092,26
30093,11
30093,15
30093,32
30094,11
30094,2
30094,32
30095,11
30096,11
30096,2
30096,16
30097,11
30097,2
30097,21
30098,11
30099,11
30099,2
30099,26
30100,11
5029,16
30101,11
30102,11
30103,11
30104,11
30104,21
30104,24
30105,11
30105,22
30106,11
30107,11
30107,21
30107,24
30108,11
30108,16
30108,21
30109,11
30110,11
30110,15
4726,31
30111,11
30111,15
30111,16
30112,11
30112,21
30113,11
30113,2
30113,16
30114,11
30114,16
30114,22
30115,11
30115,21
30116,11
30116,15
30116,16
30117,11
30117,16
30117,21
30118,11
30118,16
30118,24
30119,11
30120,11
30120,24
30121,11
30121,21
30122,11
30122,2
30123,11
30123,22
30124,11
30124,15
30125,11
30125,2
30126,11
30126,3
30127,11
30128,11
30129,11
30129,31
30129,26
30130,11
30131,11
30132,11
30133,11
30133,21
30133,22
30134,11
30135,11
30136,11
30136,16
30136,21
4818,16
4818,21
30137,11
30137,15
30138,11
30138,16
30139,11
30139,16
30139,21
30140,11
30141,11
30142,11
30142,21
30143,11
30143,3
30143,2
30144,11
30145,11
30145,16
30145,22
30146,11
30146,2
30147,11
30147,21
30147,24
30148,11
30148,16
30148,22
30149,11
30149,16
30149,22
30150,11
30151,11
30151,21
30151,19
30152,11
30152,3
30153,11
30154,11
30155,11
30156,11
30156,21
30157,11
30157,22
30158,11
30158,21
30158,10
30159,11
30159,2
30159,21
30160,11
30160,21
30161,11
30161,22
30162,11
30163,11
30163,2
30164,11
30165,11
30166,11
30167,11
30168,11
30168,2
30168,15
30169,11
30169,15
30170,11
30171,11
30171,2
30171,21
30172,11
30172,21
30172,22
30173,11
30173,21
30174,11
30174,15
30174,31
30175,11
30175,21
30176,11
30177,11
30178,11
30178,15
30178,21
30179,11
30179,16
30179,21
30180,11
30181,11
30182,11
30183,11
30184,11
30184,21
30185,11
30185,24
30186,11
30187,11
30187,21
30188,11
30188,16
30188,21
30189,11
30189,31
30189,10
30190,11
30190,16
30190,21
30191,11
30192,11
30192,2
30192,21
30193,11
30193,21
30194,11
30194,21
30195,11
30196,11
30196,21
30196,10
30197,11
30198,11
30198,16
30199,11
30199,15
12922,21
30200,11
30200,31
30200,26
30201,11
30202,11
30203,11
30204,11
30205,11
30205,2
30205,26
30206,11
30206,21
30207,11
30207,21
30207,24
30208,11
30209,11
30209,22
30210,11
30210,2
30210,32
30211,11
30211,21
30211,32
30212,11
30212,31
30212,22
10017,2
10017,21
30213,2
30213,11
30214,11
30215,11
30215,15
30216,11
30216,15
30217,11
30218,11
30219,11
30219,26
30220,11
30220,21
9635,7
30221,11
30221,2
30221,21
30222,11
30222,15
30222,24
30223,11
30224,11
30224,26
30225,11
30225,2
30226,11
30227,11
30227,15
30227,21
30228,11
30228,21
30229,11
2237,16
30230,11
30230,24
30231,11
30231,31
30231,22
30232,1
30232,11
30232,2
30233,11
30234,11
30235,11
30236,11
30236,19
30237,11
30238,11
30238,15
30238,21
30239,11
30239,15
30240,21
30240,11
30240,16
30241,11
30241,16
30241,21
30242,11
30243,11
30244,11
30245,11
30245,15
30245,14
30246,11
30246,21
30246,32
30247,11
30247,15
30248,11
30248,22
30249,11
30249,16
30249,10
30250,11
30250,15
30250,16
30251,11
30252,11
30253,11
30253,21
28806,22
30254,11
22215,16
30255,11
30255,6
30255,21
30256,11
30256,16
30256,21
30257,11
30257,15
30257,16
30258,11
30258,16
30258,10
30259,11
30259,22
3291,15
30260,11
30260,6
30260,21
30261,11
30261,16
30261,21
30262,11
30262,2
30263,11
30264,11
30265,11
30265,15
30266,11
30266,21
30267,11
30267,21
30267,32
30268,11
30268,16
30268,21
30269,11
30269,16
30269,21
30270,11
30270,2
30270,21
30271,11
30271,2
30271,32
30272,11
30273,11
30273,15
30274,11
30274,16
30274,22
30275,11
30276,11
30277,11
30277,21
30277,7
30278,11
30278,22
30279,11
30279,15
30280,11
30280,26
30281,11
30282,11
30282,16
30282,21
30283,11
30283,19
30284,16
30284,11
30285,11
30285,15
30286,11
30286,21
30286,26
30287,11
30287,2
30287,32
30288,11
30289,11
30289,27
30289,3
30290,11
30290,15
30291,11
30292,11
10527,19
30293,11
30293,2
30293,21
27255,2
27255,16
30294,11
30295,11
30296,11
30297,11
30298,11
30299,11
30299,16
30299,21
30300,11
30301,11
30302,11
30302,21
30303,11
30304,11
30304,15
30304,24
30305,16
30305,31
30305,11
30306,11
30306,22
30307,11
30307,2
30308,11
30309,11
30309,6
30309,21
30310,11
30311,11
30311,22
30312,11
30312,2
30312,10
30313,11
30314,11
30315,11
30315,21
30315,24
30316,11
30316,3
30317,11
30318,11
30319,11
30319,2
30319,16
30320,11
30321,11
30321,26
30321,22
30322,11
30322,2
30323,11
30323,15
30323,31
30324,2
30324,11
30324,3
30325,11
30325,22
30326,11
30326,26
30326,22
30327,11
30328,11
30329,11
30329,15
30330,11
30331,11
30331,22
30332,11
30332,21
30333,11
30333,21
30333,24
30334,11
30334,31
30335,11
30335,21
30336,11
30336,2
30336,24
30337,11
30338,11
30339,11
30339,2
30339,21
30340,11
30341,11
30341,21
30341,24
30342,11
30342,16
30342,21
30343,11
30343,16
30343,21
30344,11
30345,11
30345,22
30346,11
30347,11
30348,11
30348,16
30348,21
30349,11
30350,11
30350,21
30351,11
30351,2
30352,11
30353,11
30353,22
30354,11
30354,21
30354,32
30355,11
30356,11
30356,2
30356,21
30357,1
30357,11
30357,26
30358,11
30358,15
30358,21
30359,11
30360,11
30361,11
30361,21
30362,11
30362,15
30362,26
30363,11
30364,11
30364,2
30364,15
30365,11
30365,15
30366,1
30366,11
30366,2
30367,11
30367,26
30368,11
30368,15
30369,11
30370,11
30371,11
30372,11
30372,31
30373,11
30373,15
30374,11
30375,11
30375,10
30376,11
30376,2
30376,15
30377,11
30377,2
30377,32
30378,11
30378,21
30379,11
30379,2
30379,21
30380,11
30381,11
30382,11
30383,11
30383,21
30384,11
30384,21
30385,11
30385,6
30386,11
30387,21
30387,11
30387,16
30388,11
30389,11
30389,21
30389,7
30390,11
30390,22
30391,11
30391,16
30391,21
30392,11
30392,2
30392,32
30393,11
30393,21
30393,19
30394,11
30394,21
30395,11
30395,15
30396,11
30397,1
30397,11
30397,31
30398,11
30398,15
30399,11
30400,11
30401,11
30401,22
30402,11
30402,2
30403,11
30403,15
30403,31
30404,11
30404,15
30404,31
30405,11
30405,15
30405,16
30406,11
30406,2
30406,3
30407,11
30408,11
30409,11
30410,11
30411,11
30411,16
30411,22
30412,11
30413,11
30413,15
30413,21
30414,11
30414,21
30414,24
30415,11
30415,21
30415,24
30416,11
30416,15
30417,11
30417,2
30417,29
30418,1
30418,11
30418,15
30419,11
30419,2
30419,15
4899,16
4899,21
30420,11
30420,24
11072,22
30421,11
30421,2
30422,11
30423,11
30423,15
30423,16
30424,11
30424,21
30425,11
30425,21
30426,11
30427,11
30427,26
30428,11
30429,11
30429,21
30430,11
30430,16
30430,21
30431,11
30432,11
30433,11
30434,11
30434,2
30434,19
30435,11
30436,11
30437,11
30437,24
30437,26
30438,11
30438,2
30438,3
30439,11
30439,19
30440,11
30440,16
30440,24
30441,11
30441,31
30441,22
30442,11
30443,11
30444,11
30445,11
30446,11
30446,16
30446,21
30447,11
30448,11
30448,21
30448,24
5605,2
30449,11
30449,2
30449,26
30450,11
30451,11
30451,2
30451,19
30452,11
30452,21
30453,11
30453,3
30454,11
30454,2
30454,21
30455,11
30456,11
30456,2
30457,11
30457,26
23729,2
23729,21
30458,11
30458,2
30458,10
30459,11
30460,11
30460,2
30460,21
30461,11
30462,11
30462,15
30462,16
30463,11
30464,11
30465,11
30465,27
30465,24
30466,11
30466,16
30467,11
30467,22
30468,11
30468,16
30469,11
30469,16
30469,21
3071,22
30470,11
30470,21
30470,3
30471,11
30472,11
30472,2
30472,21
30473,11
30473,15
30473,31
30474,11
30475,11
30476,11
30476,15
30477,11
30478,11
30478,15
30479,11
30479,21
30480,11
30480,2
30480,16
30481,11
30481,21
30481,24
30482,11
30482,2
30482,21
30483,11
30483,15
30483,24
30484,11
30484,21
30485,11
30485,15
30485,14
30486,11
30486,15
30487,11
30487,21
30487,24
30488,11
30488,2
30489,11
30489,21
30490,11
30491,11
30491,16
30491,21
30492,11
30492,2
30492,3
30493,11
30493,21
30494,11
30494,16
30494,21
30495,11
30496,11
30496,16
30496,21
30497,11
30497,15
30497,16
30498,11
30499,11
30499,22
6233,15
6233,22
30500,11
30501,11
30501,32
30501,24
30502,11
30502,15
30502,16
30503,11
30503,21
4743,21
4743,19
30504,11
30504,16
30504,21
30505,11
30505,15
30506,11
30506,22
30507,11
30507,2
30507,16
30508,11
30509,11
30510,11
30510,22
30511,11
30511,21
7667,7
7667,14
30512,11
30512,2
30512,15
30513,11
30514,11
30514,15
30514,27
30515,11
30515,21
30516,11
30517,11
30517,26
30517,22
30518,21
30518,11
30518,15
30519,11
30519,16
30519,21
30520,11
30520,27
30521,11
30522,11
30523,11
30524,11
30525,11
30526,11
30526,6
30526,21
30527,11
30527,21
30527,7
30528,11
30528,16
30528,21
30529,11
30530,11
30530,15
30530,14
30531,11
30531,2
30531,29
30532,11
30532,16
30532,22
30533,11
30533,10
30533,22
30534,11
30535,11
30535,31
30535,21
30536,11
30536,2
30537,11
30537,15
30537,32
30538,11
30539,11
30539,21
30540,11
30541,11
30542,11
30542,21
30542,32
30543,11
30543,15
30543,30
30544,11
30545,11
30545,21
30545,32
30546,11
30547,11
30548,11
30548,15
30549,11
30549,26
30550,1
30550,11
30550,15
30551,11
30552,11
30552,15
30553,11
30554,11
30554,21
30554,7
30555,11
30556,11
30557,11
30557,32
30558,11
30558,21
30559,11
30559,22
30560,11
30560,15
30560,32
30561,11
30562,11
30562,21
30562,22
30563,11
30563,21
30564,11
30564,21
30565,11
30566,11
30566,32
30567,11
30567,21
30568,11
30568,2
30569,11
30569,16
30569,21
30570,11
30571,11
30571,2
30571,15
30572,11
30572,2
30572,32
30573,11
30573,21
30574,11
30574,15
30574,31
30575,11
30576,11
30576,16
30576,21
30577,11
30578,11
30579,11
30580,11
30581,11
30581,2
30581,21
30582,11
30582,21
30583,11
30583,2
30584,11
30585,11
30586,11
30587,11
30032,22
30588,11
30588,15
30589,11
30590,11
30590,21
30590,32
30591,11
30591,2
30591,15
30592,11
30592,31
30592,22
30593,11
30593,16
30593,22
30594,11
30595,11
30596,11
30596,16
30597,11
30598,11
30598,15
30598,21
30599,11
30599,19
30600,11
11467,21
30601,11
30601,6
30602,11
30602,16
30603,11
30604,1
30604,11
30604,2
30605,11
30605,22
30606,11
30606,15
30606,21
30607,11
30607,21
30608,11
30608,2
30609,11
30610,11
30610,2
30610,24
30611,11
30611,16
30611,21
30612,11
30612,15
30612,21
30613,11
30614,11
30614,22
30615,11
30615,31
30615,3
30616,11
30617,11
30618,11
30619,11
30620,11
30620,16
30620,21
30621,1
30621,11
30621,2
30622,11
30623,11
30623,15
30623,16
30624,11
30625,11
30625,19
30626,11
30626,16
30627,11
30628,11
30628,30
30629,11
30630,11
30631,11
30631,21
30631,24
30632,11
30633,11
30633,15
30634,11
30634,15
30635,11
30635,16
30635,21
30636,11
30636,15
30636,26
30637,11
30638,11
30639,11
30640,11
30640,15
30640,21
30641,11
30641,31
30641,24
30642,21
30642,11
30643,11
30643,16
30643,22
30644,11
30645,11
30646,11
30647,11
30648,11
30648,21
30648,24
30649,11
30649,2
30649,22
30650,11
30650,26
30651,11
30651,16
30652,11
30652,16
30652,21
30653,11
30653,22
30654,11
30654,21
30654,19
30655,11
30655,22
30656,11
30656,26
30657,11
30657,2
30657,19
30658,11
30658,15
30658,26
30659,11
30660,15
30660,32
30660,11
30661,11
30661,16
30661,22
30662,11
30662,15
30663,11
30663,15
30663,16
30664,11
30664,21
30664,19
30665,11
30665,15
30666,11
30667,11
30668,11
30668,26
30668,22
30669,11
30669,16
30669,21
30670,11
30670,26
30671,11
30672,11
30672,21
30673,11
30673,2
30673,29
15547,16
15547,22
30674,11
30674,15
30674,24
30675,11
30675,15
30675,32
30676,11
30676,21
30677,11
30677,10
30677,22
30678,11
30679,11
30680,11
30680,15
30680,32
30681,11
30681,16
30681,21
30682,11
30682,2
30683,11
30684,11
30684,31
30684,22
30685,11
30685,19
30686,11
30686,15
30687,11
30687,2
30688,11
30688,31
30688,26
30689,11
30689,2
30689,21
30690,11
30690,16
30690,21
30691,11
30692,11
30692,16
30693,11
30693,21
30693,22
30694,11
30694,21
30695,11
30696,11
30696,19
30697,11
30697,21
30697,31
30698,11
30699,11
30699,15
30699,14
12442,21
30700,11
30700,16
30701,11
30702,11
30702,16
30702,21
30703,2
30703,11
30704,11
30705,11
30705,21
30706,11
30706,16
30707,11
30707,22
30708,11
30708,32
30709,11
30709,16
30709,22
30710,11
30710,21
30710,32
30711,11
30712,11
30713,11
30713,14
30713,3
30714,11
30714,21
30715,11
30715,15
30716,11
30716,16
30716,21
30717,11
30718,11
30719,11
30719,21
30720,11
30721,11
30721,2
30722,11
30723,11
30724,11
30724,6
30724,7
30725,11
30726,11
30727,11
30727,24
30728,11
30728,16
30728,21
30729,11
30729,21
30730,11
30731,11
30732,11
30733,11
30733,32
30734,11
30734,24
30735,1
30735,11
30735,31
30736,11
30736,22
30737,11
30737,21
30737,22
30738,11
30738,2
30738,16
30739,11
30739,16
30739,24
30740,11
30740,15
30741,11
30742,11
30742,21
30743,11
30743,15
30743,22
30744,11
30745,11
30745,2
30745,21
30746,11
30746,16
30746,10
30747,11
30747,21
30748,11
30748,2
30749,11
30749,16
30749,21
30750,11
30750,15
30750,16
30751,11
30751,2
30751,32
30752,11
30752,2
30752,16
30753,11
30753,15
30754,11
30755,11
30756,11
30757,11
30757,16
30757,10
30758,11
30758,21
30759,11
30760,11
30760,30
30761,11
30761,2
30761,21
30762,1
30762,11
30762,31
30763,11
30763,16
30764,11
30764,16
30764,22
30765,11
30765,2
30765,29
30766,11
30766,21
30767,11
30767,2
30767,26
30768,11
30768,21
30769,11
30770,11
30770,2
30770,26
30771,11
30772,1
30772,11
30772,2
30773,11
30773,31
30773,22
30774,11
30775,11
30775,15
30775,21
30776,11
30777,11
30777,32
30778,11
30778,21
30778,22
30779,1
30779,11
30780,11
30780,16
30780,21
30781,11
30781,2
30781,26
30782,11
30782,16
30782,21
30783,11
30783,16
30783,21
30784,11
30784,16
30785,11
30786,11
30786,21
30786,24
30787,11
30788,11
30788,2
30788,21
30789,11
30789,2
30789,15
30790,11
30791,11
30792,11
30792,22
30793,1
30793,11
30793,2
30794,11
30794,2
30794,16
30795,11
30795,21
30796,11
30797,11
30797,2
30797,21
30798,11
30799,11
30799,10
30800,11
30800,21
30801,11
30801,21
30802,11
30802,16
30802,21
30803,11
30804,11
30805,11
30805,21
30805,19
30806,11
30807,11
30807,16
30808,11
30808,21
30809,11
30809,22
30810,11
30810,16
30810,21
30811,11
30812,11
30812,26
30813,11
30813,15
30813,21
30814,11
30814,15
30814,21
30815,11
30815,16
30815,21
30816,11
30816,16
30816,30
30817,11
30817,21
30818,11
30818,32
30819,11
30819,15
30819,16
30820,11
30821,11
30822,11
30823,11
30824,11
30824,16
30824,22
30825,11
30825,16
30825,21
30826,11
30827,11
30827,21
30828,11
30828,15
30828,16
30829,11
30829,16
30829,22
30830,11
30831,11
30832,11
30833,11
30834,11
30834,10
30834,22
30835,11
30835,15
30835,22
30836,11
30836,26
30837,11
30838,11
30838,22
30839,11
30839,2
30840,11
30841,11
30841,2
30841,26
30842,11
30842,2
30842,21
30843,11
30843,2
30843,31
30844,11
30845,11
30845,16
30845,21
30846,11
30847,11
30848,11
30849,11
30849,16
30849,22
4028,32
30850,11
30850,24
30851,11
30852,11
30852,2
30852,21
30853,11
30853,15
30853,21
30854,11
30855,11
30855,21
30856,11
30857,11
30857,2
30857,15
30858,11
30858,21
30859,11
30859,21
30859,26
30860,11
30861,11
30861,2
30861,15
30862,11
30862,2
30862,6
30863,11
30863,21
30864,11
30864,24
30865,11
30865,21
30865,19
30866,16
30866,11
30866,21
30867,11
30868,11
30868,16
30868,22
30869,11
30869,2
30869,29
8600,24
30870,11
30870,16
30870,22
30871,1
30871,11
30871,21
30872,11
30872,15
30873,11
30873,21
30874,11
30874,15
30875,11
30876,11
30877,11
30878,11
30878,15
30878,31
30879,11
30879,16
30880,11
30880,2
30880,21
30881,11
30881,21
30881,10
30882,11
30883,11
30883,26
30884,11
30885,11
30886,11
30886,21
30887,11
30888,11
30889,11
30889,31
30889,22
30890,11
30890,19
30891,11
30891,15
30891,19
30892,11
30893,11
30894,11
30894,2
30894,21
30895,11
30895,15
30895,16
30896,11
30896,32
30896,7
30897,11
30897,2
30897,32
30898,11
30898,21
30898,22
30899,11
30899,2
30899,21
30900,11
30901,11
30901,2
30902,11
30903,11
30903,21
30904,11
30904,15
30905,11
30905,24
30906,11
30907,11
30907,21
30907,19
30908,11
30908,15
30909,11
30909,21
30909,32
30910,11
30910,15
30910,21
30911,11
30911,21
30912,11
30913,11
30913,16
30913,21
30914,11
30915,11
30915,21
30916,11
30917,11
30917,15
30917,16
30918,11
30918,21
30918,24
30919,11
30919,19
30920,11
30920,15
30920,16
30921,11
30921,3
30922,11
30923,11
30923,22
30924,11
30924,21
30925,11
30926,11
30926,2
30927,11
30927,16
30927,21
30928,11
30928,21
30929,11
30929,16
30929,21
30930,11
30931,11
30931,2
30931,24
30932,11
30932,10
30933,11
30934,11
30934,15
30934,27
30935,11
30936,11
30936,21
30936,32
30937,11
30938,11
30938,26
30939,11
30939,16
30939,21
30940,11
30940,15
30941,11
30941,22
30942,11
30942,16
30943,11
30944,11
30944,15
30945,11
30945,16
30945,21
30946,11
30946,32
30947,11
30947,15
30947,3
30948,11
30948,16
30949,11
30950,11
30950,16
30950,21
30951,11
30951,16
30951,21
30952,11
30952,2
30952,24
30953,11
30953,22
30953,19
30954,11
30954,21
30954,22
30955,11
30956,11
30956,16
30956,21
30957,11
30958,11
30959,11
30959,2
30959,21
30960,11
30960,22
30961,11
30961,32
30961,31
30962,11
30963,11
30963,27
30963,24
30964,11
30965,11
30965,2
30965,31
10009,21
10009,24
30966,11
30966,2
30966,26
30967,11
30967,21
30967,19
30968,11
30968,21
30969,11
30970,11
30970,15
30970,31
30971,11
30971,2
30971,15
30972,11
30972,15
30972,21
30973,11
30973,21
30974,11
30974,2
30974,15
30975,11
30975,21
30976,11
30977,11
30977,16
30978,11
30978,32
30978,31
30979,11
30980,11
30980,22
30981,11
30981,2
30982,11
30982,15
30982,21
30983,11
30984,11
11145,22
30985,11
30986,11
30986,21
30987,11
30987,2
30988,11
30988,16
30989,11
30989,16
30989,22
30990,11
30990,21
30990,7
30991,11
30991,21
30992,11
30992,2
30992,21
30993,11
30993,16
30994,11
30994,15
30995,11
30996,11
30996,16
30996,21
30997,11
30998,11
30999,11
30999,22
31000,11
31000,21
31000,7
31001,11
31001,2
31001,6
31002,11
31003,11
31003,2
31003,3
31004,11
31004,15
31004,26
31005,11
31005,16
31005,21
31006,11
31006,15
31006,24
31007,11
31007,16
31007,21
31008,11
31009,11
31009,16
31010,11
31010,21
31011,11
31011,16
31011,22
31012,11
31012,26
31013,11
31013,22
31014,11
31014,16
31015,11
31015,15
31015,21
31016,11
31017,11
31018,11
31018,3
31019,11
31019,21
3318,19
31020,11
31020,21
31020,19
31021,11
31021,22
31022,11
31022,15
31022,24
31023,11
31023,32
31023,31
31024,11
31024,2
31024,15
31025,11
31025,32
31025,31
31026,11
31026,2
31026,21
31027,11
31027,2
31027,21
31028,11
31029,11
31030,11
31030,21
31030,19
31031,11
31031,2
31031,16
31032,11
31033,11
31033,21
31033,32
31034,11
31034,15
31034,30
31035,11
31036,11
31037,11
31037,15
31037,21
31038,11
31039,11
31040,11
31040,21
31041,11
31041,16
31041,21
31042,11
31043,11
31043,21
31044,11
31044,15
31044,16
31045,11
31045,15
31045,16
31046,11
31046,14
31046,24
31047,11
31047,15
31047,29
5830,10
31048,11
30038,22
31049,11
31050,11
31051,11
31051,24
31052,11
31052,21
31052,19
31053,11
31053,15
31053,16
31054,11
31055,11
31056,11
31056,22
31057,11
31058,11
31059,11
31059,21
31060,11
31060,16
31060,22
31061,11
31061,21
6868,15
31062,11
31062,15
31062,32
31063,11
31063,16
31063,21
31064,1
31064,11
31064,21
999,21
31065,11
31066,11
31066,21
31067,11
31067,21
31067,22
31068,11
31069,11
31070,11
31070,15
31070,24
31071,11
31072,11
31073,11
10633,21
31074,11
31074,15
31075,11
31075,2
31076,11
31076,21
31076,24
31077,11
31078,11
31078,22
31079,11
31079,2
31079,24
31080,11
3870,24
31081,11
31081,2
31081,21
31082,11
31082,26
31082,22
31083,11
31083,15
31083,16
31084,11
31084,22
31085,11
31085,16
31085,21
31086,11
31086,2
31086,16
31087,11
31087,16
31087,10
31088,11
31088,2
31088,21
31089,11
31090,11
31090,21
31090,26
31091,11
31092,11
31092,16
31092,22
31093,11
26707,15
31094,11
31095,11
31095,21
31096,11
31096,24
31097,11
31098,11
31098,22
31099,11
31099,15
31099,16
31100,11
31100,22
31101,11
31101,22
31102,11
31103,11
31104,11
31104,2
31105,11
31105,2
31106,11
31107,11
31108,11
31108,21
31109,11
31109,21
31110,21
31110,11
31111,11
31112,11
31112,2
31112,21
31113,11
31113,2
31113,26
31114,11
31114,21
31114,24
31115,11
31116,11
31116,22
31117,11
31117,2
31118,11
31118,21
31119,11
31119,16
31119,21
31120,1
31120,11
31120,21
31121,11
31121,21
31121,29
31122,11
31123,11
31124,11
31124,15
31124,16
31125,11
31126,11
31127,11
31127,21
31127,3
31128,11
31128,2
31128,32
31129,11
31129,15
31129,21
31130,11
31131,11
31132,11
31132,26
31132,22
8734,21
8734,22
31133,11
31133,2
31133,16
31134,11
31134,21
31134,22
31135,11
31136,11
31137,11
31137,16
31138,11
31139,11
31139,2
31139,21
25138,16
31140,11
31140,21
31141,11
31141,3
31142,11
31142,3
31143,11
31144,11
31144,2
31145,11
31145,2
31145,32
31146,11
31146,22
31147,11
31147,21
31148,11
31148,15
31148,3
31149,11
31150,11
31151,11
31151,16
31151,21
31152,11
31152,2
31152,14
31153,11
31153,31
31153,22
31154,11
31154,2
31154,21
31155,11
31156,11
31156,21
31157,11
31158,11
31159,11
31159,15
31160,11
31161,11
31161,31
31161,26
31162,11
31162,24
31163,11
31163,15
31164,11
31164,22
31165,11
31165,21
31165,14
31166,11
31166,22
19264,16
4684,15
31167,11
31168,11
31168,21
31169,11
31169,15
31169,27
31170,11
31171,11
31171,16
31171,22
7873,31
7873,22
31172,11
31172,2
31172,16
31173,11
31173,2
31173,16
31174,11
31174,31
31174,10
31175,21
31175,11
31176,11
31176,15
31176,16
31177,11
31177,16
31177,21
31178,11
31178,22
31179,11
31180,11
31180,22
31181,11
31182,11
31182,21
31183,11
31184,11
31184,31
31185,11
31186,11
31186,21
31187,11
31187,21
31188,11
31188,15
31189,11
31189,15
31189,24
31190,11
31191,11
31192,11
31192,2
31192,15
31193,11
31194,11
31194,21
31195,11
31196,11
31196,21
31197,11
31198,11
31199,11
31199,2
31199,31
31200,11
31201,11
31201,16
31201,21
31202,11
31202,16
31202,10
31203,11
31203,2
31204,11
31204,16
31204,21
31205,11
31206,11
31207,11
31207,15
31207,21
31208,11
31209,11
31209,22
31210,11
31211,1
31211,11
31211,26
3048,6
3048,16
31212,11
31213,11
31213,15
31213,21
31214,11
31214,7
31214,19
31215,11
31216,11
31216,21
31217,11
31218,11
31218,15
31219,11
31220,11
31220,15
31220,29
31221,11
31222,11
31223,11
31224,11
31225,11
31225,24
31226,11
31226,2
31226,3
31227,11
31228,11
31228,21
31229,11
31229,16
31229,21
31230,11
31230,21
31231,11
31232,11
31232,2
31232,26
31233,11
22786,29
31234,11
31234,2
31234,24
31235,11
18891,15
18891,21
31236,11
31236,21
31237,11
31238,11
31238,21
31239,11
31239,15
31240,11
31241,11
31242,11
31242,10
31242,22
31243,11
31243,15
31243,16
31244,11
31244,2
31244,16
31245,11
31245,21
31245,31
31246,11
31246,32
31246,22
31247,11
31247,16
31247,10
31248,11
31248,2
31248,15
31249,11
31250,11
31251,11
31251,16
31251,22
31252,11
31253,11
31253,15
31253,24
31254,11
31255,11
31255,2
31255,21
31256,11
31256,2
31256,22
31257,11
31258,11
31258,16
31259,11
31260,11
31261,11
31261,21
31261,30
31262,11
31262,26
31263,11
31263,21
31264,11
31264,21
31265,11
31265,21
31266,11
31267,11
31268,11
31268,21
31268,24
31269,11
31269,15
31270,11
31271,11
31271,21
15351,29
31272,11
31273,11
31273,27
31273,3
31274,11
31274,21
31275,11
31276,11
31277,11
31277,21
31277,27
31278,11
31278,16
31278,21
31279,11
31279,22
31280,11
31281,11
31281,14
31282,11
31282,16
31283,11
31283,2
31283,21
31284,11
31284,15
31285,11
31285,31
31285,22
31286,11
31286,2
31286,22
31287,11
31287,16
31288,11
31288,2
31289,11
31289,21
31290,11
31290,2
31290,32
15568,15
15568,16
31291,11
31291,21
31292,11
31292,15
31292,21
20036,15
31293,11
31293,24
31294,11
7122,21
31295,11
31295,7
31295,19
31296,11
31296,15
31297,11
31298,11
31299,11
31299,2
31299,32
31300,11
31301,11
31302,11
31302,21
31302,31
31303,11
31303,15
31303,16
31304,11
31304,21
31304,10
31305,11
31306,11
31306,22
31307,11
31308,11
31308,21
31309,1
31309,11
31309,2
31310,11
31311,11
31312,11
31313,11
31313,15
31313,24
31314,11
31314,16
31315,11
31316,11
31317,11
31318,11
31318,2
31318,21
31319,11
31320,11
31321,11
31322,11
31322,21
31323,11
31323,30
31323,3
31324,11
31324,26
31324,22
31325,11
31325,19
31326,11
31326,22
31327,11
31327,22
31328,11
31328,21
31328,24
5996,19
31329,11
31329,26
31330,11
31331,11
31331,2
31331,21
31332,11
31332,15
31332,16
31333,11
31333,2
31333,26
31334,1
31334,11
31334,15
31335,11
31335,2
31335,22
31336,22
31336,10
31336,21
31337,11
31338,11
31338,16
30976,31
30976,22
31339,11
31340,1
31340,11
31340,21
31341,11
31341,16
31341,22
31342,11
31342,2
31342,27
31343,11
31344,11
31345,11
31345,22
31346,11
31347,11
31347,6
31347,21
31348,11
31348,2
31348,15
31349,11
31349,15
31350,11
31351,11
31351,2
31352,11
31352,21
31353,11
31353,21
31354,11
31355,11
31355,2
31355,21
31356,11
31356,2
31356,16
31357,11
31357,21
31358,11
31358,2
31359,11
31359,2
31359,22
31360,11
31361,11
31362,11
31363,11
31363,2
31364,11
31364,2
31365,11
31366,11
31366,2
31367,11
31367,15
31368,11
31368,21
31369,11
2082,24
31370,11
31371,11
31371,15
31371,16
31372,11
31372,16
31372,21
31373,11
31373,15
31373,16
31374,11
31375,11
31376,11
31377,11
31378,11
31379,11
31379,15
31379,16
31380,11
31380,31
31380,22
31381,11
31381,16
31382,11
31383,11
31383,15
31384,11
31384,16
31385,11
31385,2
31385,21
31386,11
31386,21
31386,32
31387,11
31388,11
31389,11
31389,31
31390,11
31391,11
31391,32
31391,31
31392,11
31392,31
31393,11
31394,11
31394,21
31394,27
31395,11
31395,15
31395,31
31396,11
31397,11
31397,16
31398,11
31399,11
31400,11
31400,2
31401,11
31401,16
31401,22
31402,11
31402,21
14016,31
31403,11
31404,11
31404,21
31405,11
31405,10
31405,22
31406,11
31406,16
31406,21
31407,11
31407,15
31408,11
31408,31
31409,2
31409,11
31410,11
31410,2
31410,15
31411,11
31411,22
31412,11
31412,21
31412,24
31413,11
31414,11
31414,16
31415,11
31415,15
31415,31
31416,11
31417,11
31417,2
31417,22
31418,11
31419,11
31420,11
31421,11
31422,11
31422,21
31422,22
31423,11
31423,15
31423,21
31424,11
31424,16
31424,10
31425,11
31426,11
31426,21
31426,7
31427,11
31427,32
31427,31
31428,11
31429,11
31429,16
31429,22
31430,11
31431,21
31431,16
31431,11
31432,1
31432,11
31432,21
31433,11
31434,11
31434,2
31434,15
31435,11
31435,21
31435,29
31436,11
31437,11
31437,3
31438,11
31439,11
31439,19
31440,11
31440,22
31441,11
31442,11
31442,21
31442,22
31443,11
31443,2
31443,21
31444,11
31444,16
31445,11
31445,15
31445,31
31446,11
31446,16
31446,10
31447,11
31448,11
31448,19
31449,11
31449,15
31450,11
31450,21
31451,1
31451,11
31451,2
31452,11
31452,21
31453,11
31453,16
31453,21
31454,11
31454,16
31455,11
31455,32
31455,10
31456,11
31457,11
31457,21
31457,19
31458,11
31458,19
31459,11
31459,16
31459,21
31460,11
31460,21
31460,22
31461,11
31462,11
31462,22
31463,11
31463,21
31464,1
31464,11
31464,15
31465,11
31465,16
31465,22
31466,11
31466,32
31466,10
31467,11
31468,11
31468,15
31468,16
31469,11
31469,30
31469,22
31470,11
31470,16
31470,22
31471,11
31471,15
31471,24
31472,11
31473,11
31473,21
31474,11
31475,11
31475,15
31475,31
31476,11
31476,15
31476,21
31477,11
31477,2
31477,21
31478,11
31479,11
31479,2
31480,11
31480,2
31481,11
31482,11
31482,31
31483,11
31483,21
31483,29
31484,11
31484,2
31484,10
31485,11
31486,11
31486,21
31486,19
31487,11
31488,11
31488,22
31489,11
31489,21
31490,11
31490,21
31491,11
31491,16
31491,21
31492,11
31492,2
31492,32
31493,11
31493,15
31493,32
3401,32
31494,11
31494,2
31494,16
31495,11
31495,15
31496,11
31497,11
31497,2
31497,21
31498,11
31498,22
31499,16
31499,11
18891,16
18891,22
31500,11
31500,21
31501,11
31501,22
31502,11
31502,21
31503,11
31503,6
31503,16
31504,11
31504,21
31505,11
31506,1
31506,11
31506,15
31507,11
31507,2
31507,22
31508,11
31509,11
31509,21
31509,7
31510,11
31510,2
31510,10
31511,11
31512,11
31512,2
31513,11
31514,11
31515,11
31515,15
31515,21
31516,11
31516,15
31516,21
31517,11
31517,21
31517,19
31518,11
31518,15
31518,32
31519,11
31519,2
31520,11
31520,2
31520,21
31521,2
31521,29
31521,11
31522,11
31523,11
31524,11
31524,15
31524,32
31525,11
31525,2
31525,19
31526,11
31526,2
31526,26
2788,1
2788,2
31527,11
31527,19
31528,11
31529,11
31530,11
31531,11
31531,15
31531,19
31532,11
31532,32
31533,11
31533,29
31534,11
31535,11
31536,11
31536,21
31537,11
31537,21
31537,24
31538,11
31538,21
31539,11
31539,32
31539,26
31540,11
31540,21
31541,11
31541,15
31542,11
31542,15
31543,11
31543,15
31544,11
31544,2
31544,21
31545,11
31545,2
31545,32
31546,11
31546,21
31547,11
31547,3
31548,11
31548,21
31548,32
31549,11
31549,16
31549,21
31550,11
31551,11
31551,15
31552,11
31553,11
31553,16
31554,11
31554,2
31555,11
31555,16
31555,21
31556,11
31557,11
31558,11
31558,15
31558,21
31559,11
31559,2
31559,29
31560,11
31560,15
31560,31
31561,11
31561,15
31562,11
31563,11
31564,11
31565,11
31565,16
31565,21
31566,11
31567,1
31567,11
31567,2
31568,11
31569,11
31569,15
31569,31
31570,11
31571,11
31572,11
31572,21
31573,11
31573,15
31574,11
31575,11
31575,16
31576,11
31576,31
31576,22
31577,11
31577,31
31577,3
31578,11
31578,15
31579,11
31580,11
31581,11
31581,16
31582,11
31583,11
31584,11
31585,11
31585,15
31585,16
31586,11
31586,21
31587,11
11628,21
31588,11
31588,16
31589,11
31590,11
31591,11
31591,2
31591,24
31592,11
31593,11
31593,2
31593,21
31594,11
31594,26
31595,11
31596,11
31597,1
31597,11
31597,21
31598,11
31599,11
31599,21
31600,11
31600,2
31600,21
31601,11
31601,21
31602,11
31603,11
31603,22
31604,11
31605,11
31605,21
31606,11
31606,2
31606,21
21745,21
21745,24
31607,11
31607,22
31608,11
31609,11
31610,11
31611,11
31612,11
31612,21
31613,11
31613,15
31613,16
31614,11
31614,15
31614,14
31615,11
31615,16
31616,11
31616,15
31617,11
31618,11
31618,2
31619,11
31619,21
31619,7
31620,11
31620,21
31621,11
31621,26
31621,22
31622,11
31622,21
31623,11
31623,2
31623,15
31624,11
31625,11
31625,21
31626,11
31626,21
31626,32
31627,11
31628,11
31629,11
31630,11
31630,21
31631,11
31631,15
31631,16
31632,11
31632,3
31633,11
31634,11
31635,11
31635,21
31636,11
31636,15
31636,22
31637,11
31638,11
31638,16
31639,11
31639,21
31640,11
31640,2
31640,32
31641,11
31641,15
31641,16
31642,11
31643,11
31644,11
31645,11
31646,11
31647,11
31647,24
31648,11
31649,11
31649,21
31649,32
31650,11
31651,11
31652,11
31652,16
31652,21
31653,11
31653,2
31654,11
31655,11
31655,16
31655,21
31656,11
31657,11
31658,11
31658,32
31658,31
31659,16
31659,21
31659,11
31660,11
31660,21
31661,2
31661,29
31661,11
31662,11
31662,15
31663,11
31663,15
31663,32
31664,11
31664,16
31664,26
31665,11
31665,2
31665,24
31666,11
31666,21
31666,10
31667,11
31667,21
31668,11
31668,2
31668,21
22424,2
22424,24
31669,11
31669,21
31670,22
31670,11
31670,21
31671,11
31671,21
31672,11
31672,15
31673,11
31673,22
31674,11
31674,16
31674,21
31675,11
31676,11
31676,21
31677,11
31677,2
31677,22
31678,11
31678,16
31678,21
31679,11
31679,2
31679,21
31680,11
31680,16
31680,21
31681,11
31681,21
31682,11
31683,11
31683,2
31683,15
31684,11
31684,16
31685,11
31685,2
31685,16
31686,11
31686,21
31687,11
31688,11
31688,2
31688,29
31689,11
31690,11
31691,11
31691,32
31692,11
31693,11
31694,11
31694,16
31695,11
31695,2
31695,21
31696,11
31696,15
31696,24
31697,11
31697,16
31697,21
31698,11
31699,11
31699,2
31700,11
31700,15
31701,11
31701,15
31701,21
31702,11
31703,11
31704,11
31704,21
31704,22
31705,11
31705,16
31706,11
31707,11
31707,19
31708,11
31708,31
31709,11
31709,2
31709,29
31710,11
31710,16
31711,11
31712,11
31712,21
31713,11
31713,21
31714,11
31714,16
31714,21
31715,11
31715,22
31716,11
31716,16
31716,21
31717,11
31718,11
31719,11
31719,21
31720,11
31720,16
31721,11
31721,2
31722,11
31722,2
31722,32
31723,11
31723,2
31723,21
31724,11
31725,11
31725,15
31725,16
31726,11
31727,11
31728,11
31729,11
31730,11
31730,16
31730,22
31731,11
31731,15
31731,16
31732,11
31732,21
31733,11
31734,11
31735,11
31736,11
31737,11
31737,32
31738,11
31739,11
31740,11
31740,16
31740,21
31741,11
31741,15
31741,32
10777,21
31742,11
31742,21
31743,11
31743,16
31743,21
7467,19
31744,11
31745,11
31745,15
31745,26
31746,11
31747,11
31747,26
31748,11
31749,11
31749,31
31749,26
31750,11
31750,16
31750,21
31751,11
31752,11
31752,22
31753,11
31753,32
31754,11
31754,2
31755,11
31755,15
31755,27
31756,11
31757,11
31758,11
31758,16
31758,22
31759,11
31759,15
31760,11
31760,2
31760,21
31761,11
31761,24
31762,11
31763,11
31763,16
31763,22
31764,11
31764,16
31764,21
31765,11
31765,2
31766,11
31766,21
31767,11
31767,21
31768,11
31769,11
31769,21
31770,11
31770,24
31770,22
31771,11
31772,11
31772,21
31772,19
14179,2
31773,11
31773,2
31774,11
31774,2
31774,21
31775,11
31775,16
31775,21
31776,11
31776,16
31776,32
31777,11
31778,11
31778,16
31778,22
31779,11
31779,21
31780,11
31781,11
31782,11
31782,2
31783,11
31783,16
31784,11
31784,15
31784,21
31785,11
31786,11
31786,21
31786,10
31787,11
21521,3
31788,11
31789,11
31790,11
31790,16
31790,24
31791,11
31791,2
31791,24
31792,11
31792,21
31792,24
31793,11
31793,21
31793,22
31794,11
31794,22
31795,1
31795,11
31795,2
31796,11
31796,21
31796,3
31797,1
31797,11
31797,2
31798,19
31798,11
31798,2
31799,11
31800,11
31800,2
31800,15
31801,11
31802,11
31803,11
31803,15
31803,16
31804,11
31804,16
31804,14
31805,11
31805,21
31806,1
31806,11
31806,21
31807,11
31808,11
31808,21
31808,24
31809,11
31809,21
31810,11
31810,15
31810,21
31811,11
31811,15
31811,32
31812,11
31813,11
31813,21
31814,11
31814,32
31814,26
31815,11
31815,2
31815,15
31816,11
31816,15
31816,26
31817,11
31817,16
31817,21
31818,1
31818,11
31818,32
31819,11
31819,26
31819,3
31820,11
31821,11
31821,21
31822,11
31822,26
31823,11
31823,15
31824,11
31824,2
31824,26
31825,11
4239,21
31826,11
31826,32
31827,11
31827,16
31827,21
31828,11
31828,2
31829,11
31830,11
31831,11
31832,11
31832,21
31833,11
31833,19
31834,11
31835,11
31835,15
31836,11
31836,24
31836,22
31837,11
31838,11
31838,2
31838,15
31839,11
31839,32
31839,26
31840,11
31840,15
31841,11
31841,21
31842,11
31843,11
31843,15
31843,21
31844,11
31844,21
31845,11
31845,2
31845,21
31846,11
31846,2
31846,24
31847,11
31848,11
31848,26
31848,22
31849,11
31849,16
31849,21
31850,11
31850,16
31850,31
31851,11
31852,11
31852,16
31852,21
31853,11
31853,16
31853,21
31854,11
31855,11
31855,21
31855,22
31856,11
31857,11
31857,21
31857,22
31858,11
31858,16
31858,21
31859,11
31859,6
31859,22
31860,11
31861,11
31861,16
31862,11
31863,11
31864,11
17787,21
31865,11
31865,16
31865,21
31866,11
31866,2
31866,21
31867,11
31867,26
31868,11
31868,21
31868,24
31869,11
31870,11
31871,11
31872,11
31872,15
31873,11
31873,21
31873,32
31874,11
31874,19
31875,11
31875,21
31876,11
31877,11
31877,31
31877,22
31878,11
31878,16
31878,21
31879,11
31879,16
31879,21
31880,11
31881,11
31882,11
31882,16
31882,31
31883,11
31883,10
31883,22
31884,11
31884,2
31885,11
31886,11
31887,11
31887,15
31888,11
31889,11
31890,11
31890,2
31890,30
15397,16
15397,22
31891,11
31892,11
31892,16
31892,22
31893,11
31893,15
31893,24
31894,11
31894,16
31894,27
31895,11
4291,2
31896,11
31897,11
31897,16
31898,11
31898,2
31898,32
31899,11
31900,11
31900,21
31901,11
31901,2
31901,15
31902,11
31903,11
31903,15
31904,11
31904,21
31904,32
31905,11
31905,2
31906,11
31906,2
31906,16
31907,11
31908,11
31908,21
31909,11
31909,21
31909,24
31910,11
31910,27
31910,3
31911,11
31911,15
31911,29
31912,11
31913,11
31913,21
31914,11
31914,21
31914,26
31915,11
31915,15
31915,19
31916,11
31917,11
31918,11
31918,2
31918,32
31919,11
31920,11
31920,15
31920,32
31921,11
31921,15
31921,16
31922,11
31922,15
31923,11
31923,15
31923,21
31924,11
31924,22
31925,11
31925,21
31926,11
31926,21
31926,24
31927,11
31928,11
31928,32
31928,31
31929,11
31929,21
31929,22
31930,11
31930,31
31931,11
31931,32
31932,11
31932,15
31933,11
31934,11
31934,21
31935,11
31936,11
31936,16
31937,11
31938,11
31938,15
31939,11
31940,11
31940,21
31941,11
31941,21
31942,11
31942,7
31942,24
31943,11
31943,21
31944,11
31944,15
31944,32
31945,11
31946,11
31947,11
31947,19
31948,11
31948,21
31949,11
31949,2
31949,16
31950,11
31950,2
31950,24
6681,15
6681,32
31951,11
31952,11
31952,15
31952,16
31953,11
31953,2
31953,15
31954,11
31954,21
31954,19
31955,11
31955,2
31956,11
31956,26
31956,22
31957,11
31957,32
31957,31
31958,11
31959,11
31960,11
31961,11
31962,11
31962,2
31962,15
31963,11
31963,21
31964,11
31964,7
31965,11
31966,11
31967,11
31967,2
31967,22
2677,15
2677,19
31968,11
31968,2
31968,15
31969,21
31969,11
31970,11
31971,11
31971,15
31972,11
31972,22
31973,11
31974,11
31974,2
31975,11
31975,21
31975,7
31976,11
31977,11
31977,22
4949,2
4949,21
31978,11
31978,2
31978,15
31979,11
31979,2
31979,21
31980,11
31980,2
31980,26
31981,11
31982,11
31982,15
31983,11
31983,22
31984,11
31985,11
31986,11
31987,11
31988,11
31989,11
31989,21
31990,11
31990,16
31990,22
31991,11
31991,22
31992,11
31992,21
31993,11
31993,22
31994,11
31995,11
31996,11
31996,31
31997,11
31997,19
31998,11
31998,21
31998,24
31999,11
31999,21
31999,22
32000,11
32001,11
32002,11
11808,21
11808,32
32003,11
32003,15
32004,11
32004,2
32004,21
32005,11
32005,21
32006,11
32007,11
32007,26
32008,11
32009,11
32010,21
32010,11
32011,11
32012,11
32012,21
32012,22
32013,11
32013,16
32013,21
32014,11
32014,21
32015,11
32016,11
19826,24
32017,11
32017,15
32018,11
32019,11
32019,15
32019,16
32020,11
32020,15
32021,11
32021,2
32021,32
32022,11
32022,15
32022,16
32023,11
32023,15
32024,11
32025,11
32025,2
32026,11
32026,15
32027,11
32027,21
32028,11
32029,11
32030,11
32030,2
32030,32
32031,11
32031,32
32031,26
32032,11
32032,22
32033,11
32034,11
32034,15
32034,21
32035,11
32035,21
32036,11
32036,15
32036,16
32037,11
32038,11
32038,2
32038,21
32039,11
32039,21
32039,22
7873,16
32040,11
32041,11
32041,16
32041,21
32042,11
32042,27
32043,11
32043,15
32043,21
32044,11
32044,16
32045,11
32045,2
32046,11
32046,21
32047,11
32047,6
32048,11
32048,2
32048,26
32049,11
32049,22
32050,11
32050,2
32050,32
32051,11
32051,21
32051,22
32052,11
32053,11
32053,15
32053,21
32054,11
32055,11
32055,32
32056,11
32056,26
32057,11
32057,16
32058,11
32059,11
32059,21
32059,22
32060,11
32060,21
32061,11
32061,16
32062,11
32063,11
32064,11
32065,11
32066,11
32066,2
32066,15
32067,11
32068,11
32068,15
32069,11
32069,21
32070,11
32070,21
32071,11
32072,11
32073,11
32073,2
32073,3
32074,11
32074,2
16155,21
32075,11
32075,15
32075,21
32076,11
32076,2
32076,21
32077,11
32078,11
32078,21
32078,24
32079,11
32079,2
32079,32
32080,11
32081,11
32081,16
32081,22
32082,11
32082,16
32082,21
32083,11
32084,11
32084,16
32084,22
32085,11
32086,11
32087,11
32088,11
32088,16
32089,11
32089,24
32090,11
32090,21
32091,1
32091,11
32091,26
32092,11
32092,21
32092,22
32093,11
32094,11
32094,31
32095,11
32095,16
32095,21
32096,11
32096,3
32097,11
32098,11
32098,16
32099,11
32100,11
32100,16
32100,22
32101,11
32102,11
32103,11
32103,22
32104,11
32104,32
32105,11
32105,16
32105,21
32106,11
32107,11
32108,11
32108,16
32108,21
32109,11
32110,11
32110,16
32110,22
32111,11
32111,26
32112,11
32112,2
32113,11
32113,2
32114,11
32114,16
32115,11
32116,11
32117,11
32117,2
32117,16
32118,11
32118,15
32118,22
32119,11
32119,2
32119,15
32120,11
32120,26
32121,11
32121,31
32122,11
32123,11
32123,31
32124,11
32124,24
32125,11
32125,16
32125,21
32126,11
32126,3
32127,11
32127,21
32127,32
32128,11
32128,21
32128,24
32129,11
32130,11
32130,21
32131,11
32131,16
32131,10
32132,11
32132,24
32132,3
32133,11
32134,11
32134,6
32134,16
32135,11
32135,15
32135,21
32136,11
32136,16
32136,30
32137,11
32138,11
32139,11
32139,21
32139,32
32140,11
32140,15
32140,16
32141,11
32141,21
32142,11
32142,22
32143,11
32143,7
32143,19
32144,11
32145,11
32146,11
32147,11
32148,11
32149,11
32149,2
32149,19
32150,11
32150,16
32151,11
32151,15
32152,11
32153,11
32154,11
32154,2
32154,16
32155,11
32155,21
32156,11
32156,2
32157,11
32157,15
32157,16
32158,11
32158,15
32158,16
32159,11
32159,21
32160,11
32161,11
32161,2
32162,11
32163,11
32163,21
32163,19
32164,11
32164,22
32165,11
32165,21
32166,11
32167,1
32167,11
32168,11
32168,2
32168,19
32169,11
32170,11
32171,11
32171,2
32171,29
32172,11
32173,11
32174,11
32174,21
32175,11
32175,15
32175,32
32176,1
32176,11
32176,32
32177,11
32177,15
32177,16
32178,11
32178,2
32178,19
32179,11
32179,21
32180,11
32180,21
32180,19
32181,11
32181,16
32181,21
32182,11
32182,21
32183,11
32184,11
32184,21
32185,11
32186,1
32186,11
32186,15
32187,11
32188,11
32188,21
32188,3
32189,15
32189,11
32190,11
32190,21
32191,11
32192,11
32192,16
32192,14
32193,11
32193,2
32193,21
32194,11
32194,21
32195,11
32196,11
3008,15
32197,11
32197,21
32197,7
32198,11
32198,21
32199,11
32200,11
32200,2
32200,15
32201,11
32201,16
32202,11
32202,15
32202,16
32203,11
32203,29
32204,11
32204,26
32204,22
7609,21
7609,29
32205,11
24579,15
24579,21
32206,11
32207,11
32208,11
32208,21
32209,11
32209,30
32210,11
32210,22
32211,11
32211,16
32211,21
32212,11
32212,15
32212,16
32213,11
32213,2
32213,16
32214,11
32214,21
32214,19
32215,11
32216,11
32216,16
32216,21
32217,11
32218,11
32219,11
32220,11
32220,2
32220,3
32221,11
32221,16
32221,22
32222,11
32222,26
32223,11
32223,21
32223,24
32224,11
32224,21
32224,31
32225,11
32226,11
32226,29
32226,32
32227,11
32227,2
32227,15
32228,11
32229,11
32229,16
32230,11
32231,11
32231,16
32232,11
32233,11
32233,21
32233,30
32234,11
32235,11
32236,11
32236,16
32236,21
32237,11
32238,11
32238,16
32238,21
32239,11
32240,11
32240,31
32240,22
32241,11
32241,21
32242,11
32243,11
32243,16
32244,11
32245,11
32245,16
32245,21
32246,11
32246,2
32246,16
32247,11
32247,2
32248,11
32248,24
32249,11
32250,11
32250,16
32250,22
32251,11
32251,31
32251,22
32252,11
32253,11
32254,11
32255,11
32255,21
32256,11
32257,11
32257,15
32258,11
32258,21
32258,30
32259,11
32260,1
32260,11
32260,2
32261,11
32262,11
32262,15
32262,29
32263,11
32263,16
32263,21
32264,11
32265,11
32265,2
32265,22
32266,11
32266,2
32267,11
32267,2
32267,16
32268,11
32268,16
32268,14
32269,11
32269,7
32269,19
32270,11
32271,11
32271,16
32272,11
32273,11
32273,22
32274,11
32274,2
32274,21
32275,11
32275,16
32275,21
32276,1
32276,11
32276,2
32277,11
32277,2
32278,11
32278,15
32278,24
32279,11
32279,15
32279,21
32280,11
32281,11
32281,2
32282,11
32282,21
32283,11
32283,16
32284,11
32285,11
32285,24
32285,3
32286,11
22596,31
22596,26
32287,11
32288,11
32289,11
32289,2
32289,16
32290,11
32290,16
32291,11
32291,22
32292,11
32293,11
32293,16
32293,21
32294,11
32294,21
32295,11
32295,2
32295,21
32296,11
32297,11
32298,11
32298,21
32299,11
32299,15
32299,16
32300,11
32300,31
32300,22
32301,11
32301,19
32302,11
32302,2
32303,11
32303,21
32303,24
32304,11
32305,11
32306,11
32306,21
32307,11
32307,6
32307,21
32308,11
32308,6
32308,21
32309,2
32309,11
32310,11
32310,16
32310,21
32311,11
32312,11
32313,2
32313,15
32313,11
32314,11
32314,2
32314,7
32315,11
32316,11
32316,2
32316,22
32317,11
32317,16
32317,14
32318,11
32319,11
32319,2
32319,32
4053,19
32320,11
32320,31
32321,11
32321,15
32321,24
32322,11
32323,11
32324,11
32324,21
32325,11
32325,21
32326,11
32326,16
32326,21
32327,11
32328,11
32328,16
32328,21
32329,11
32329,24
32329,22
32330,11
32330,2
32331,11
32331,15
32332,11
32333,11
32334,22
32334,11
32334,16
32335,11
32335,26
32335,22
32336,11
32336,2
32336,15
32337,11
32337,2
32337,15
32338,11
32338,2
32338,10
32339,1
32339,11
32339,26
32340,11
32340,15
32340,16
32341,11
32341,2
32342,11
32342,2
32343,11
32343,16
32343,21
32344,11
32344,21
32345,11
32346,11
32346,15
32347,11
32347,16
32347,21
32348,11
32349,11
32349,16
32349,22
32350,11
32351,11
32351,21
32351,32
32352,11
32352,21
32353,11
32353,15
32354,11
32354,32
32355,11
32355,21
32356,11
32356,21
32356,7
32357,11
32358,21
32358,2
32358,11
32359,11
32360,11
32360,21
32361,11
32362,11
32362,21
32362,24
32363,1
32363,11
32363,15
32364,11
32365,11
32365,31
32365,22
32366,11
32366,2
32366,22
32367,11
32367,15
32367,21
3240,16
32368,11
32369,11
32369,21
32369,24
32370,11
32370,16
32371,11
32372,11
32372,16
32372,14
32373,11
32374,11
32374,2
32375,11
8843,24
32376,11
32376,2
32376,7
32377,11
32378,11
32378,15
32378,21
32379,11
32380,11
32381,11
32382,11
32382,21
32382,3
32383,11
32383,2
32383,21
32384,11
32384,15
32385,11
32385,16
32385,21
18729,21
18729,19
32386,11
32387,11
32387,2
32387,21
32388,11
32388,22
32389,11
32389,2
32390,11
32391,11
32391,24
32392,11
32392,16
32392,21
32393,11
32393,21
32393,30
32394,11
32394,22
32395,11
32395,2
32395,26
32396,11
32396,15
32396,16
32397,11
32397,21
32398,11
32399,11
32399,15
32400,11
32400,15
32401,11
32401,21
32402,11
32403,11
32403,15
32404,11
32404,2
32405,11
32405,16
32405,24
32406,11
32406,26
32407,11
32408,1
32408,11
32409,11
32409,15
32409,16
32410,11
32411,11
26608,16
26608,21
32412,11
32412,16
32412,21
32413,11
32413,15
32413,16
32414,11
32414,2
32415,11
32415,16
32416,11
18066,26
32417,11
32417,21
32418,11
32418,15
32418,21
32419,11
32420,11
32421,11
32421,16
32422,11
32422,15
32422,16
32423,11
32424,11
32425,11
32426,11
32427,11
32427,15
32428,11
32428,15
32428,31
32429,11
32430,11
32430,16
32430,10
32431,11
32432,11
32433,11
32433,21
32433,3
32434,11
32434,22
32435,11
32436,11
32436,6
32436,16
32437,11
32437,2
32437,32
32438,11
32439,11
32439,16
32439,21
32440,11
32440,21
32441,11
32442,11
32443,26
32443,11
32443,2
32444,11
32445,1
32445,11
32445,2
32446,11
32446,21
32446,22
32447,11
5879,6
5879,7
12115,16
32448,11
32449,11
32449,16
32450,11
32450,22
32451,11
32451,21
32452,11
32453,11
32453,22
32454,11
32455,11
32455,16
32455,21
32456,11
32456,16
32456,21
32457,11
32458,11
32458,21
32459,11
32459,21
32459,24
32460,11
32461,11
32461,15
32461,3
32462,11
32462,15
32462,16
32463,11
32463,15
32464,11
32465,11
32465,15
32466,11
32467,11
32467,22
32468,11
32469,11
32469,21
32470,11
32470,21
32470,19
32471,11
32472,11
32473,11
32473,21
32473,32
32474,11
32475,11
32475,16
32476,11
32476,21
32477,11
32478,11
32479,11
32479,2
32479,21
32480,11
32480,16
32480,21
32481,11
32481,22
32482,11
32482,16
32482,21
32483,11
32483,2
32484,11
32485,11
32486,11
32486,15
32487,11
32488,11
32488,2
32488,21
32489,11
32490,11
32490,22
32491,11
32492,11
32493,11
32494,11
32494,21
32495,11
32495,2
32495,16
32496,11
32496,22
32497,11
32497,21
32498,11
32498,16
32499,11
32499,31
32499,26
32500,11
32501,11
32501,15
32501,24
32502,11
32502,21
32503,11
32503,16
32503,22
32504,11
32504,16
32504,22
32505,11
32313,16
32313,22
32506,11
32506,2
32507,11
32507,7
32508,11
32509,11
32509,21
32510,11
32511,11
32511,16
32511,22
32512,11
32513,11
32513,16
32513,22
32514,11
32515,11
32515,21
32516,11
32516,15
32516,32
32517,11
32517,16
32517,21
32518,1
32518,11
32518,15
32519,11
32519,21
32520,11
32520,16
32521,11
32521,2
32521,15
32522,11
32522,21
32522,24
32523,11
32523,2
32524,11
32524,2
32524,16
32525,11
32526,11
32526,19
32527,11
32527,2
32527,22
32528,11
32529,11
32529,2
32529,15
32530,11
32530,2
32530,21
32531,11
32531,21
32532,11
32533,11
32533,2
32533,16
32534,11
32534,2
32534,29
32535,11
32536,11
32536,21
32537,11
32537,31
32538,11
32539,11
32540,11
32541,11
32541,21
32542,11
32542,2
32542,15
18254,2
32543,11
32543,21
32543,10
32544,11
32545,11
32545,21
32546,11
32546,15
32546,21
32547,11
32547,21
32547,26
32548,11
32548,16
32549,11
32550,11
32551,11
32551,16
32551,21
32552,11
32552,21
32552,19
32553,11
32554,11
32554,2
32555,11
32555,2
32556,11
32557,11
32557,21
32558,11
32558,22
32559,11
32559,21
32559,24
32560,11
32560,21
32560,22
32561,11
32561,21
32562,11
32563,11
32564,11
32564,21
32565,11
32566,11
32566,2
32566,15
32567,11
32567,2
32567,10
32568,11
32569,11
32570,11
32570,32
32570,22
32571,11
32571,24
32571,3
32572,11
32573,11
32574,11
32575,11
32575,21
32576,11
32577,11
32578,11
32578,15
32579,11
32579,16
32579,22
32580,11
32581,11
32582,11
32583,11
32584,11
32585,11
32585,24
7443,16
7443,21
32586,11
32586,16
32586,21
32587,11
32588,11
32588,26
32589,11
32590,11
32590,22
32591,11
32592,11
32592,21
32593,11
32593,15
17321,16
32594,11
32595,11
32595,22
32596,11
32597,11
32598,11
32598,15
32599,11
32600,11
32601,11
32602,11
32602,16
32602,21
32603,11
32604,11
32604,21
32605,11
32605,21
32606,11
32606,16
32607,11
32607,2
32607,26
32608,1
32608,11
32608,2
32609,11
32609,21
32609,22
32610,11
32610,21
32610,26
32611,11
32612,11
9771,3
32613,11
32614,11
32614,21
32615,11
32616,11
32617,11
32617,15
32617,21
32618,11
32618,15
32618,21
32619,11
32620,11
32621,11
32622,11
32622,16
32622,21
32623,11
32623,2
32623,15
32624,11
32624,21
32624,24
32625,11
32625,2
32625,21
32626,11
32626,15
32626,31
32627,11
32627,16
32627,21
32628,11
32629,11
32630,11
32630,2
32630,15
32631,11
32632,11
32632,16
32632,21
32633,11
32634,11
32635,11
32635,21
32635,24
32636,11
32637,11
32637,31
32638,11
32638,2
32638,16
32639,11
32640,11
32641,11
32642,11
32642,2
32642,15
32643,11
32643,16
32643,24
32644,11
32645,11
32645,22
32646,11
32647,11
32647,22
32648,11
32649,11
32649,21
32649,3
32650,11
32651,11
32651,15
32651,26
32652,11
32652,15
32652,3
32653,11
32653,21
32654,11
32655,1
32655,11
32655,27
32656,11
32656,21
32656,26
32657,11
32658,11
32658,2
32658,21
32659,11
32660,11
32660,21
32660,22
26885,32
32661,11
32662,11
32662,15
32663,11
32663,21
32663,19
32664,11
32665,11
32665,16
32666,11
32667,11
32668,11
32669,11
32669,21
32670,11
32670,22
32670,16
32671,11
32672,11
12565,21
32673,11
32673,21
32673,22
32674,11
32674,16
32674,21
10531,21
32675,11
32675,21
32676,11
32677,11
32678,11
32678,22
32679,11
32680,11
32681,11
32681,32
32681,31
32682,11
32683,11
32684,11
32685,11
32686,11
32687,11
32687,21
32687,3
32688,11
32688,2
32688,22
32689,11
32689,2
32689,21
32690,11
32690,15
32690,21
32691,11
32691,16
32691,21
32692,11
8933,15
8933,21
32693,11
32693,2
32693,26
32694,11
32694,21
32694,29
32695,11
32696,11
32696,21
32696,30
32697,11
32697,21
32697,30
32698,11
32699,21
32699,11
32700,11
32701,11
32701,21
32701,22
32702,11
32703,11
32703,15
32703,29
32704,11
32704,22
32705,11
32705,21
32705,24
32706,11
32706,16
32706,21
32707,11
32708,11
32708,16
32708,22
32709,11
32709,2
32710,11
32711,11
32712,11
7071,21
32713,11
32714,11
32714,15
32715,11
32715,7
32716,11
32716,16
32716,21
32717,11
32718,11
32718,2
32718,24
32719,11
32720,11
32720,15
32720,27
32721,11
32721,2
32721,22
32722,11
32722,15
32722,29
32723,11
32724,11
32725,11
32725,2
32725,26
32726,11
32726,10
32726,22
32727,11
32727,21
32727,7
32728,11
32729,11
32729,16
32729,22
32730,11
32731,11
32731,22
32732,11
32732,2
32732,26
32733,11
32734,1
32734,11
32734,32
32735,11
32735,21
32736,11
32736,16
32737,11
32737,2
32738,11
32738,21
32739,11
32740,11
32741,11
32741,21
32742,11
32742,26
32743,11
32743,24
32744,11
32744,26
32745,11
32746,11
32747,11
32748,11
32748,21
32748,30
32749,11
32749,31
32749,26
32750,11
32750,21
32751,21
32751,11
32752,11
32752,27
32752,24
32753,1
32753,11
32753,26
32754,11
32754,2
32755,11
32756,11
32756,31
32757,11
32757,2
32757,32
32758,11
32759,11
32759,2
32759,21
32760,11
32760,21
32760,29
32761,11
32761,21
32762,11
32762,31
32763,11
32764,11
32764,2
32764,15
32765,11
32765,15
32765,16
32766,11
32766,31
32767,11
32768,11
32768,16
32769,11
32769,21
32770,11
32770,21
32771,11
32772,11
32772,2
32772,29
32773,11
32773,26
32773,22
32774,11
32774,15
32774,21
32775,11
32776,11
32777,11
32777,22
32778,11
32778,16
32779,11
32779,21
32779,10
32780,11
32780,2
32780,26
32781,11
32782,11
32782,22
32783,11
32784,11
32785,2
32785,11
32785,16
32786,11
32786,15
32786,21
32787,11
32787,2
32787,26
32788,11
32788,2
32788,24
32789,11
32789,2
32789,15
32790,11
32790,32
32790,31
32791,11
32792,11
32792,32
32793,11
32794,11
32794,21
32795,11
32796,11
32796,16
32796,21
32797,11
32798,11
32798,32
32798,26
32799,11
32799,16
32800,11
32800,6
32800,21
32801,11
32801,22
32802,11
32803,11
32804,11
32804,2
32804,21
32805,11
32806,11
32806,2
32807,1
32807,11
32807,2
32808,11
32809,11
32810,11
32811,11
32811,21
32812,11
32812,32
32813,11
32814,11
32814,16
32814,21
32815,11
32816,11
32817,11
32817,2
32817,26
32818,11
32818,31
32818,22
32819,11
32819,24
32820,11
32821,11
32822,11
32822,26
32822,22
32823,11
32823,15
32824,11
32824,2
32824,10
32825,11
32825,16
32826,11
32827,11
32827,2
32827,15
32828,11
32829,11
32830,11
32831,11
32832,11
32833,11
32833,21
32834,11
32835,11
32835,2
32835,32
32836,11
32836,21
32837,11
32837,3
32838,11
32838,15
32839,11
32840,11
32840,10
32840,22
32841,11
32841,2
32841,32
32842,11
4228,22
32843,11
32843,2
32844,11
32845,11
32845,21
32846,11
32846,21
32847,11
32847,21
32848,11
32848,21
32848,24
32849,11
32849,3
32850,11
32851,11
32851,24
32851,3
32852,11
32853,11
32853,15
32853,16
32854,11
32854,31
32855,11
32856,11
32857,11
32857,2
32858,11
32859,11
32859,21
32859,32
32860,11
32860,21
32860,30
5200,26
32861,11
32861,16
32862,11
32862,16
32863,11
32863,21
32863,19
32864,11
32864,2
32864,22
32865,11
32865,2
32865,15
32866,21
32866,11
32866,24
32867,11
32868,11
32868,2
32868,21
32869,11
32869,15
32870,11
32871,11
32871,16
32871,2
32872,11
32873,2
32873,11
32874,11
32874,15
32875,11
32876,11
32877,11
32877,21
32878,11
32879,11
32880,11
32880,2
32881,11
32881,2
32881,21
32882,11
32882,21
32883,11
32883,2
32883,21
32884,11
32884,2
32885,11
32886,11
32886,21
32887,11
32888,11
32888,32
32888,31
32889,11
32889,21
32889,22
32890,11
32890,16
32890,21
32891,11
32891,16
32892,11
32893,11
32893,21
32894,11
32895,11
32895,21
32895,10
32896,11
32897,11
32897,2
32897,15
32898,11
32898,21
32899,11
32900,11
32901,11
32901,15
32901,16
32902,11
32902,16
32903,11
32903,21
32904,11
32904,21
32904,22
32905,11
32906,11
32906,21
32906,19
32907,11
32907,21
32907,22
32908,11
32908,16
32908,21
32909,11
32910,11
32911,11
32911,24
32911,3
32912,11
32912,15
32912,31
32913,11
32913,16
32914,11
32914,2
32914,24
32915,11
32915,16
32915,21
32916,11
32916,21
32916,7
32917,11
32917,31
32918,11
32919,11
32920,11
32920,15
32921,11
32922,11
32923,11
32923,2
32923,32
32924,11
32924,32
32925,11
32926,11
32927,11
32927,21
32928,11
32929,11
32929,16
32930,11
32930,16
32930,21
32931,11
32931,16
32932,11
32932,22
32933,11
32934,11
32934,15
32935,11
32935,21
32936,11
32937,11
32937,31
32938,11
32938,21
32939,11
32939,2
32939,16
32940,11
32941,11
32942,2
32942,11
32943,11
32944,11
32945,11
32945,2
32945,21
32946,11
32947,11
32948,11
32949,11
32949,22
32950,11
32951,11
32951,16
32952,11
32952,21
32953,11
32954,11
32955,11
32955,21
32955,26
32956,11
32956,27
32956,24
32957,11
32958,11
32958,21
32959,11
32959,16
32959,21
32960,11
32961,11
32962,11
32962,21
32963,11
32963,26
32964,11
32964,2
32964,32
32965,11
32965,15
32966,11
32966,16
32966,21
32967,11
32968,11
32968,21
32968,22
32969,11
32969,21
32969,26
32970,11
32970,2
32970,24
32971,11
32971,16
32971,10
32972,11
32972,21
28999,32
32973,11
32973,2
32973,15
32974,11
32974,21
32974,14
32975,11
32976,11
32976,2
32976,15
32977,11
32977,16
32977,21
32978,11
12770,15
32979,11
32979,21
32980,11
32981,11
32981,16
32982,11
32983,11
32983,31
32984,11
32984,32
32984,31
32985,11
32985,16
32986,11
32986,2
32986,7
32987,11
32987,21
32987,29
32988,11
32988,26
32989,11
32990,11
32990,22
32991,11
32991,15
32992,11
32992,15
32993,11
32994,11
32994,21
32995,11
32996,11
32996,10
32997,11
32997,32
32997,31
32998,11
32999,11
32999,2
32999,32
33000,11
33000,16
33000,21
33001,11
33001,2
33001,15
33002,11
33002,16
33002,22
33003,11
33003,15
33004,11
33004,2
33004,3
33005,11
33006,11
33007,11
33008,11
33008,16
33008,22
33009,11
33009,16
33010,11
33010,16
33010,21
33011,11
33012,11
33012,16
33012,32
33013,11
33013,2
33013,21
33014,11
33015,11
33015,21
33016,11
33016,22
33017,11
33017,15
33017,31
33018,11
33018,21
6804,21
33019,11
33020,11
33021,11
33022,11
33022,16
33022,21
33023,11
33023,21
33024,11
33025,11
33026,11
33027,11
33028,11
33028,16
33029,11
33029,22
33030,11
33031,11
33032,11
33032,21
33032,22
33033,11
33033,16
33033,21
33034,11
33034,21
33035,11
33035,2
33035,22
33036,11
33037,11
33038,11
33038,32
33039,11
33039,2
33039,16
33040,11
33040,31
33041,11
33041,29
33041,21
33042,11
33042,21
33042,22
33043,11
33044,11
33044,21
33045,11
33045,21
33045,10
33046,11
33046,2
33046,15
33047,11
33048,11
33049,11
33050,11
33050,2
33050,26
33051,11
33052,11
33052,16
33053,11
33053,2
33053,16
33054,11
33055,11
33056,21
33056,11
33056,22
33057,11
33058,11
33058,32
33058,26
33059,11
33059,2
33059,21
33060,21
33060,11
33061,11
33062,11
33063,11
33063,15
33063,27
33064,11
33064,24
33064,22
33065,11
33065,22
33066,11
33067,11
33067,15
33067,24
33068,11
33069,11
33069,16
33069,21
33070,11
33070,21
33071,11
33071,16
33071,21
33072,11
33073,11
33073,15
33074,11
33074,15
33075,11
33075,21
33076,11
33077,11
33078,11
33079,11
33080,11
33080,2
33080,15
33081,11
33081,21
33082,11
33082,2
33082,21
33083,11
33084,11
33084,15
33084,21
33085,11
33085,21
33085,19
33086,11
33087,11
33087,16
33087,21
33088,11
33089,11
33089,21
33090,11
33091,11
33091,21
33092,11
33092,15
33092,19
33093,11
33093,15
33093,10
33094,11
33094,21
33094,30
33095,11
33095,15
33096,11
33097,11
33097,21
33098,11
33099,11
33099,16
33100,11
33100,21
33100,7
33101,11
33102,11
33103,11
33103,32
33104,11
33104,21
33104,26
33105,11
33106,11
33106,15
33107,11
33108,11
33108,21
33109,1
33109,11
33110,11
33111,11
33111,15
33111,10
33112,11
33112,21
33113,11
33114,11
33114,21
33114,32
33115,11
33115,22
33116,11
33116,31
33116,22
33117,11
33117,2
33117,31
33118,11
33118,16
33119,11
33120,11
33120,15
33120,16
33121,11
33122,11
33122,16
33122,21
33123,11
33123,16
33123,21
33124,11
33125,11
33125,21
33126,11
33126,21
33126,24
33127,11
33127,21
33128,11
33128,21
33129,11
33129,21
33130,11
2136,22
33131,11
33131,15
33132,11
33133,11
33133,16
33133,31
33134,11
33135,11
33136,11
33137,11
33137,16
33138,11
33139,11
33139,15
33140,11
33140,15
33141,11
33141,16
33142,11
33142,15
33142,21
33143,11
33143,2
33144,11
33144,31
33144,10
33145,11
33146,11
33146,26
33147,11
33147,2
33148,11
33149,11
33149,15
33150,2
33150,11
33150,21
33151,11
33151,22
33152,11
33152,22
33153,11
33153,21
33153,10
33154,11
33154,2
33154,15
2402,7
33155,11
33155,14
33156,11
33156,2
33156,32
33157,11
33158,11
33159,11
33159,2
33160,1
33160,11
33160,21
33161,11
33162,11
33163,11
33163,15
33164,11
33165,11
33165,21
33165,26
33166,11
33166,21
33167,11
33167,22
33168,11
33169,11
33170,11
33171,11
33172,11
33173,11
33174,11
33175,11
33176,11
33176,15
33176,26
33177,11
33178,11
33179,11
33179,15
33179,21
33180,11
33180,21
33181,11
33181,3
33182,11
33183,11
33183,21
33183,3
33184,11
33184,22
33185,11
33185,3
33186,11
33186,10
33186,22
33187,1
33187,11
33187,2
33188,11
33189,11
33189,16
33190,11
33190,21
33190,7
33191,11
33192,11
33193,11
33193,21
33194,11
33194,22
33195,11
33196,11
33196,21
33196,22
33197,11
33197,2
33197,15
33198,11
33198,21
33199,11
33200,11
33201,11
33201,15
33202,11
33202,31
33202,24
33203,11
33203,21
33204,11
33204,2
33204,16
33205,11
33205,15
33205,32
33206,11
33207,11
33207,21
33207,32
33208,11
33209,11
33209,15
33209,32
33210,11
33211,11
33212,11
33213,11
33213,15
33214,11
33214,15
33215,11
33215,21
33216,11
33217,11
33217,21
33217,19
33218,11
33218,16
33218,22
33219,11
33219,2
33219,3
33220,11
33221,11
33222,11
33223,11
33223,24
33223,3
33224,11
33224,21
33224,29
33225,11
33226,11
33226,2
33226,7
33227,11
33227,2
33227,21
33228,11
33228,2
33228,21
33229,11
33229,21
33230,1
33230,11
33230,2
33231,11
33231,32
33231,26
33232,11
33233,11
33233,21
33234,11
33235,11
33235,19
33236,11
33236,16
33236,22
33237,11
33237,22
33238,11
33238,21
33239,11
33239,21
33240,11
33241,11
33241,15
33241,27
33242,11
33242,21
33242,22
33243,11
8636,6
33244,11
33244,31
3315,16
3315,22
33245,11
33246,11
33246,15
33246,3
33247,11
33247,31
33248,11
33249,11
33249,22
33250,11
33250,22
33251,21
33251,11
33252,11
33252,22
33253,11
33253,16
33253,10
33254,11
33255,11
33255,21
33255,14
33256,11
33257,11
33257,21
33258,11
33258,2
33259,11
33259,16
33259,21
10771,2
10771,32
33260,11
33261,11
33262,11
33263,11
33263,22
33264,11
33264,21
33264,22
33265,11
33266,11
33266,32
33267,11
33267,15
33268,11
33268,16
33268,22
33269,11
33269,2
33269,21
33270,11
33270,21
33270,7
33271,11
33271,22
33271,3
33272,11
33273,11
33273,15
33274,11
33274,21
33274,24
33275,11
33275,21
33275,26
33276,11
33276,2
33276,32
33277,11
33277,2
33277,21
33278,11
33278,2
33278,16
33279,11
33279,16
33280,11
33280,2
33280,16
33281,11
33281,19
33282,11
33282,15
33282,21
33283,11
33284,11
33285,11
33285,24
33285,3
33286,11
33287,11
33288,11
33288,15
33288,16
33289,11
33290,11
33291,11
33292,1
33292,11
33292,29
33293,11
33293,21
33294,11
33294,21
33295,11
33296,11
33296,24
33297,11
33298,11
33298,2
33298,32
33299,11
33299,2
33299,15
33300,11
33300,2
33300,26
33301,11
33301,2
33301,22
33302,11
33303,11
33303,21
33303,10
4432,21
33304,11
33304,15
33305,11
33306,11
33306,2
33306,14
33307,11
33307,2
33308,11
33308,31
33308,10
33309,11
33309,2
33309,24
33310,11
33311,11
33311,16
33312,11
33312,21
33313,11
33313,26
33314,11
33315,11
33315,2
33315,32
33316,11
33317,11
33318,11
33319,11
33319,21
33319,19
33320,11
33321,11
33322,11
33323,11
33324,11
33325,11
33326,11
33326,15
33326,21
33327,11
33328,11
33329,11
33329,2
33329,21
33330,11
33330,21
33331,11
33331,15
33331,21
33332,11
33333,11
33333,2
33333,10
33334,11
33335,11
33335,6
33335,21
33336,11
33337,11
33337,16
33337,22
33338,11
33338,15
33339,11
33339,2
33339,15
33340,11
33341,11
33341,22
33342,11
33343,11
33343,21
33344,11
33344,21
33344,22
33345,11
33346,11
33347,11
33348,11
33348,16
33348,21
33349,11
33349,21
33349,3
33350,11
33350,15
33351,11
33351,2
33351,26
33352,11
33352,21
33353,11
33354,11
33355,11
33355,2
33355,3
33356,11
33356,16
33356,22
33357,11
33357,2
33357,7
33358,11
33358,31
33358,22
33359,11
33359,16
33359,21
33360,11
33361,11
33361,15
33362,11
33363,11
33364,11
33365,11
33365,15
33365,24
33366,11
33367,11
33367,15
33367,16
33368,11
33369,11
33370,11
33370,21
33370,19
33371,11
33371,16
33371,21
33372,11
33372,15
33373,11
33373,2
33373,21
33374,11
33374,2
33375,11
33375,2
33375,21
33376,11
33376,21
33376,24
33377,11
33377,21
33378,11
33378,24
33379,11
33380,11
33381,11
8983,24
33382,11
33383,11
33383,21
33384,11
33384,21
33385,11
33386,11
33386,16
33386,21
33387,11
33387,15
33387,27
33388,11
33388,21
33389,11
33389,16
33389,21
33390,11
33391,11
33391,16
33392,11
33392,21
33393,11
33393,15
33393,19
33394,11
33395,11
33395,2
33395,32
33396,14
33396,21
33396,11
1107,11
1107,22
33397,11
33397,21
33397,24
33398,11
33398,32
33399,11
33399,21
33400,11
33400,2
33400,15
33401,11
33401,15
33401,19
33402,11
33402,16
33403,11
33403,26
33404,11
33405,11
33405,2
33405,21
33406,11
33406,2
33406,21
29361,21
33407,11
33408,11
33408,2
33408,22
33409,11
33409,15
33410,11
33410,21
33410,22
33411,11
33411,31
33411,24
33412,11
33412,16
33412,21
33413,11
33413,21
33414,11
33415,11
33415,15
33416,11
33416,2
33416,21
33417,11
33418,11
33418,21
33418,7
33419,11
33419,15
33420,11
33421,11
33421,15
33421,26
33422,11
25599,2
25599,19
33423,11
33424,11
33424,15
33424,24
33425,11
33425,21
33426,11
33426,19
33426,21
33427,11
33427,2
33427,7
33428,11
33428,16
33428,21
33429,11
33429,31
33430,11
33431,11
33431,2
33431,10
33432,11
33432,21
14701,16
14701,24
33433,11
33434,11
33435,11
33435,16
33435,21
33436,11
33436,21
33437,11
33438,11
33438,15
33438,31
33439,11
20859,15
33440,11
33440,16
33441,11
33441,2
33441,21
33442,11
33442,21
33442,24
33443,11
33444,11
33444,21
33445,11
33445,21
33446,11
33446,32
33446,24
7130,24
33447,11
33447,16
33447,21
33448,11
33448,21
33448,30
33449,11
33449,15
33449,19
33450,11
33450,21
33451,11
33451,26
33451,15
33452,11
33452,24
33453,11
33453,32
33453,7
33454,11
33454,15
33454,21
33455,11
33455,32
33455,24
33456,11
33456,15
33457,11
33457,21
33458,11
33459,11
33460,11
33460,21
33461,11
33462,11
33462,16
33462,10
33463,11
33463,21
33464,11
33464,16
33464,21
33465,11
33465,21
33466,11
33466,21
33466,31
33467,11
33467,21
33468,11
33468,21
33468,32
33469,11
33469,16
33470,11
33471,11
33471,21
33471,19
33472,11
33473,11
33474,11
33474,16
33474,21
6983,21
33475,11
33475,2
33476,11
33477,11
33477,21
33478,11
33478,16
33478,21
33479,11
33479,16
33479,22
33480,11
33481,11
33481,2
33481,21
33482,11
33482,15
33482,29
33483,11
33483,21
33484,11
33484,2
33485,11
33485,32
33485,26
33486,11
33486,2
33486,15
33487,11
33488,11
33489,11
33489,22
33490,11
33490,29
33490,32
33491,11
33491,2
33492,11
33493,11
33493,2
33493,22
33494,11
33494,15
33494,16
33495,11
33496,11
33496,15
33496,16
33497,11
33498,11
33499,11
33499,15
33499,16
33500,11
33501,11
33501,15
33502,11
33502,21
33503,11
33503,15
33503,16
3199,15
33504,11
33504,21
33504,14
33505,11
33506,11
33506,27
33506,3
33507,11
33507,2
33507,16
33508,11
33509,11
33509,16
33510,11
33510,22
33511,11
33511,26
33511,22
33512,11
33512,2
33512,22
33513,11
33514,11
33515,11
33515,31
33516,11
33516,16
33516,21
33517,11
33517,15
33517,21
33518,11
33519,11
33519,21
33520,11
33520,2
33521,11
33521,2
33521,15
33522,11
33522,21
33523,11
33524,11
33524,10
33524,26
33525,11
33526,11
33526,16
33526,21
33527,11
33528,11
33529,11
33529,2
33529,19
33530,11
33531,11
33531,16
33531,21
33532,11
33532,26
33533,11
33534,11
33534,31
33535,11
33536,11
33537,11
33537,15
33537,16
24395,21
33538,11
33539,11
33539,22
33540,11
33540,21
33541,11
33542,11
33543,11
33544,11
33544,21
33544,24
33545,11
33546,11
33546,2
33547,11
33548,11
33549,11
33550,11
33550,2
33550,32
33551,11
33552,11
33552,2
33552,3
33553,11
33553,21
33554,11
33554,31
33554,26
33555,11
33555,15
33556,11
33556,21
33557,11
33557,16
33557,32
33558,11
33559,11
33560,11
33560,15
33561,11
33561,15
33561,16
33562,11
33562,15
33562,21
33563,11
33563,21
33563,22
33564,11
33564,15
33564,21
33565,11
33566,11
33567,11
33567,2
33567,21
33568,11
33568,2
33568,21
33569,11
33569,22
33570,11
33571,11
33572,11
33573,11
33573,32
33574,11
33574,16
33574,21
33575,11
33575,6
33575,21
33576,11
33577,11
33578,11
33578,32
33579,11
33579,16
33579,21
33580,11
33580,26
33581,11
6019,2
33582,11
33582,16
33582,21
33583,11
33583,16
33583,21
33584,11
33584,15
33585,11
33586,11
33586,22
33587,11
33587,2
33587,21
33588,11
33588,19
33589,11
33589,15
33589,16
33590,11
33590,26
33591,11
33591,15
33591,26
33592,11
33592,22
33593,11
33593,2
33593,29
33594,11
33594,21
33595,11
33596,11
33596,16
33596,21
33597,11
33597,15
33597,24
33598,11
33598,16
33599,11
33599,3
33600,11
33601,11
33601,2
33601,3
33602,11
33603,11
33603,22
33604,11
33605,11
33606,11
33607,11
33608,11
33608,2
33608,32
33609,11
33610,11
33610,21
33611,11
33611,2
33611,24
33612,11
33612,21
33612,31
33613,11
33613,2
33613,15
33614,11
33614,2
33614,26
33615,11
33616,11
33617,11
33617,21
33618,11
33618,16
33619,11
33620,11
33620,24
33621,1
33621,11
33622,11
33622,21
33622,32
33623,11
33623,2
33624,11
33624,24
33624,22
33625,11
33626,11
33626,21
33627,11
33627,15
33627,31
33628,11
33629,11
33629,16
33629,21
33630,11
33631,11
33631,2
33631,21
33632,11
33633,11
33634,11
33634,15
33635,11
33636,11
33636,16
33636,22
11363,26
33637,11
33638,11
33638,2
33638,21
33639,11
33640,11
33640,2
33640,15
33641,11
33642,11
33642,2
33642,16
33643,11
33643,22
33644,11
33644,2
33644,16
33645,11
33646,11
33646,16
33646,21
33647,11
33648,11
33648,2
33648,21
33649,11
33649,2
33650,11
33650,7
33650,31
33651,11
33651,16
33652,11
33653,11
33653,32
33653,22
8764,26
8764,22
33654,11
33654,21
33655,11
33655,21
33655,22
33656,11
33656,21
33656,22
33657,11
33657,21
33658,11
33658,2
33658,16
33659,11
33659,21
22704,31
33660,11
33660,2
33660,26
33661,11
33662,11
33662,2
33663,11
33663,15
33663,21
33664,11
33664,15
33665,11
33666,11
33666,15
33667,11
33668,11
33668,15
33669,11
33669,22
33670,11
33670,2
33670,7
33671,11
33671,32
33671,10
33672,11
33672,21
20193,16
20193,22
33673,11
33673,15
33673,21
33674,11
33674,2
33674,21
33675,11
33675,2
33675,21
33676,11
33676,15
33676,21
33677,11
33678,11
33678,2
33678,16
33679,11
33679,2
33679,21
33680,11
33681,11
33681,16
33681,26
24911,21
33682,11
33683,11
33683,16
33684,11
33684,21
33684,32
33685,11
33685,16
33685,21
33686,11
33686,26
33687,11
33687,22
33688,11
33688,21
33688,24
33689,11
33690,11
33690,21
33691,11
33691,7
33691,19
33692,11
33692,16
33692,21
33693,11
33694,11
33695,11
33695,21
33695,19
33696,11
33696,16
33697,11
33697,21
33698,11
33698,15
33698,16
33699,11
33699,15
33700,11
33700,16
33700,21
33701,11
33701,16
33701,21
33702,11
33703,11
33703,21
33704,11
33704,31
33705,11
33706,11
33706,2
33706,21
33707,11
33708,11
33708,24
33709,11
33709,21
33709,3
33710,11
33710,16
33710,21
33711,11
33712,11
33712,21
33713,11
33713,21
33714,11
33714,31
33714,22
33715,11
33716,11
33717,11
33718,11
33719,11
33720,11
33720,21
33721,11
33721,15
33721,21
33722,11
33722,2
33722,26
33723,11
33723,2
33723,21
33724,11
33725,11
33725,2
33725,24
33726,11
33727,11
33727,2
33727,32
33728,11
33728,16
33728,21
33729,11
33729,15
33729,16
33730,11
19342,2
19342,19
33731,11
33731,15
33732,11
33732,31
33733,11
33733,21
33733,24
33734,11
33734,26
33735,11
33735,16
33735,21
26933,16
26933,21
33736,11
33736,16
33737,11
33738,11
33738,15
33738,29
33739,11
33740,21
33740,11
33741,11
33741,21
33741,10
33742,11
33742,31
33742,22
33743,11
33743,15
33743,31
33744,11
33744,2
33744,26
33745,11
33745,22
33746,11
33746,2
33746,32
33747,11
33747,16
33747,21
33748,11
33749,11
33749,7
33750,11
33750,15
33751,11
33752,11
33753,11
33753,2
33753,15
33754,11
33755,11
33755,21
33756,11
33757,11
33757,16
33757,21
33758,11
33758,15
33759,11
33759,15
33759,32
33760,11
33760,2
33760,21
33761,11
33761,21
33762,11
33763,11
33763,21
33763,30
33764,11
33764,21
33765,11
33765,22
33766,11
33766,19
33767,11
33767,6
33767,7
33768,11
33769,11
33769,21
33770,11
33770,2
33770,16
33771,11
33771,15
33771,16
33772,11
33773,11
33773,22
33774,11
33774,22
33775,11
33776,11
33776,2
33776,3
33777,11
33777,2
33778,11
33779,11
33779,15
33779,31
33780,11
33780,6
33780,15
33781,11
33781,21
33782,11
33782,31
33782,26
33783,11
33783,21
33784,11
33784,2
33784,31
33785,11
33785,15
33785,32
33786,11
33786,2
33786,32
33787,11
33788,11
33789,11
33789,16
33790,11
33790,16
33790,21
33791,11
33792,11
33793,11
33794,11
33795,11
33795,2
33795,16
33796,11
33796,15
33796,21
33797,11
33797,21
33798,11
33798,15
33798,3
33799,11
33799,16
33800,11
33800,2
33800,10
33801,11
33801,10
33801,26
33802,11
33803,1
33803,11
33803,26
33804,11
33804,21
4233,2
33805,11
33806,11
33806,21
33807,11
33807,16
33808,11
33809,11
33809,31
33810,11
33810,22
33811,11
33811,15
33811,31
33812,11
33813,11
33814,11
33814,2
33814,10
33815,11
33815,2
33815,6
33816,11
33817,11
33818,11
33818,19
33819,11
33820,11
33820,31
33821,11
33821,21
33821,19
33822,11
33822,16
33822,22
33823,11
33823,21
33824,11
33824,2
33824,32
33825,11
33825,15
33826,11
4769,22
33827,11
33827,15
33828,11
28137,22
33829,11
33829,2
33829,10
33830,11
33831,11
33832,11
33832,2
33833,11
33834,11
33834,16
33834,22
15690,21
15690,22
33835,11
33835,21
33836,11
33836,32
33836,26
33837,11
33837,15
33838,11
33838,2
33838,32
33839,11
33840,11
33841,11
33842,11
33843,11
33844,11
33844,2
33845,11
33845,16
33845,21
33846,11
33846,6
33846,21
33847,11
33848,11
33848,15
33848,31
33849,11
33849,7
33849,22
33850,11
33851,11
33851,21
33852,11
33852,2
33852,19
33853,11
33854,11
33854,2
33854,21
33855,11
33856,11
33857,11
33858,11
33858,15
33859,11
33859,15
33859,21
33860,11
33861,11
33861,21
33862,11
33862,2
33863,11
33863,22
33863,19
33864,11
33864,21
33865,11
33865,15
33865,21
33866,11
33866,15
33867,11
33867,29
33867,2
33868,11
33868,31
33868,26
33869,11
33870,11
33871,11
33872,11
33872,15
33872,24
33873,11
33873,2
33873,21
33874,11
33874,2
33874,22
33875,11
33876,11
33876,2
33877,11
33878,11
33878,2
33878,32
33879,11
33879,22
33880,11
33880,21
33880,19
33881,11
33882,11
33883,11
33883,21
33884,11
33884,19
33885,11
33886,11
33887,11
33888,11
33889,11
33889,16
33889,21
33890,11
33890,21
33891,11
33892,11
33892,2
33892,16
33893,11
33893,22
5178,24
33894,11
33895,11
33895,21
33895,24
33896,11
33896,29
33896,24
33897,11
33897,2
33897,32
33898,11
33899,11
33899,2
33899,29
33900,11
33900,31
33901,11
33901,15
33902,11
33903,11
33903,2
33903,22
33904,11
33905,11
33905,21
33906,11
33906,2
33906,21
33907,11
33907,21
33908,1
33908,11
33908,2
33909,11
33909,2
33910,11
33910,21
33910,31
33911,11
33912,11
33912,24
33913,11
33913,16
33913,21
33914,11
33914,22
33915,11
33915,16
33915,21
33916,11
33916,15
33917,11
33917,24
33918,11
33919,11
33919,32
33920,11
33921,11
33922,11
33923,11
33923,2
33923,29
33924,11
33924,10
33924,26
33925,11
33925,15
33925,29
33926,11
33927,11
33927,31
33927,22
3475,26
33928,11
33929,11
33930,11
33930,16
33930,21
33931,11
33931,6
33932,11
33932,21
33933,11
33934,11
33934,19
33935,1
33935,11
33935,2
33936,11
33936,15
33936,16
33937,11
33937,21
33938,11
33939,11
33940,11
33940,21
33941,11
33942,11
33942,26
25909,16
25909,22
33943,11
33944,11
33944,2
33945,11
33946,11
33947,11
33948,11
33948,16
33948,21
33949,11
33950,11
33950,2
33950,21
33951,11
33951,16
33952,11
33952,2
33952,27
33953,11
33953,2
33953,21
33954,11
33954,2
33954,29
33955,11
33955,32
33956,11
33957,11
33958,11
33958,21
33959,11
33960,11
33960,16
33961,11
33962,11
33963,11
33963,15
33963,16
33964,11
33965,11
33965,15
33965,21
33966,11
33966,15
33967,11
33968,11
33969,11
33969,21
12776,21
33970,11
33971,11
33972,11
33973,11
33974,11
33974,15
33975,11
33975,21
33976,11
33977,11
33977,16
33977,21
33978,11
33978,2
33978,15
33979,11
33979,2
33979,15
33980,11
33980,21
33980,24
33981,11
29983,15
33982,11
33982,15
33983,11
33984,11
33985,11
33985,2
33985,26
33986,11
33986,15
33987,11
33988,11
33989,11
33990,11
33991,11
33991,2
33992,11
33993,11
33994,11
33995,11
33996,11
33997,11
33997,21
33998,11
33998,2
33999,11
33999,21
33999,22
34000,11
34001,11
34002,11
34003,11
34003,21
34004,11
34005,11
34005,21
34005,14
34006,11
34006,31
34007,11
34008,11
34009,11
34009,2
34009,32
34010,11
5830,26
34011,11
34011,2
34011,3
34012,11
34012,2
34013,11
34014,11
34014,2
34014,32
34015,11
34016,11
34016,16
34016,21
34017,11
34018,11
34019,11
34019,16
34020,11
34020,16
34020,22
34021,11
34021,21
34021,22
34022,11
34023,11
34024,11
34025,11
34026,11
34026,21
34026,22
34027,11
34028,11
34028,2
34029,11
34030,11
34031,11
34032,11
34032,2
34032,31
34033,11
34033,21
34034,11
34035,11
34035,21
34036,11
34036,16
34037,11
34037,16
34037,21
34038,11
34039,11
34040,11
34040,2
34040,15
34041,11
34042,11
34042,21
34043,2
34043,11
34044,11
34044,21
34045,2
34045,11
34046,11
34047,11
34047,31
34047,22
34048,11
34048,15
34048,32
34049,11
34050,11
34050,3
34051,11
34051,22
34052,11
34052,16
34053,11
34054,11
34054,2
34055,11
34055,26
34056,11
34056,16
34057,11
34057,2
34057,31
34058,11
34059,11
34059,21
34059,22
34060,11
34060,31
34061,11
34061,2
34061,15
34062,11
34063,11
34064,11
34064,22
34065,11
34066,11
34067,11
34068,11
34069,11
34070,11
34070,26
34070,22
34071,11
34072,11
34072,16
34073,11
34074,11
34074,21
34074,24
34075,11
34075,2
34075,16
34076,11
34076,16
34076,22
34077,11
34078,11
34079,11
34079,21
34079,10
34080,11
34080,21
34080,7
34081,11
34081,27
34081,3
34082,11
34083,11
34083,2
34083,21
34084,11
34084,16
34085,11
34085,15
34086,11
34086,2
34086,16
34087,11
34087,2
34088,11
34089,11
34089,16
34090,11
34090,31
31376,21
34091,11
34092,11
34092,15
34093,11
34094,11
34094,2
34094,15
34095,11
34095,16
34095,21
34096,11
34096,15
34097,11
34097,16
34097,21
34098,11
34098,21
34098,29
34099,11
34100,11
34100,21
34101,11
34102,11
34102,16
34102,22
34103,11
34103,19
34104,11
34104,21
34104,10
34105,11
34105,21
34105,32
34106,11
34107,11
34107,7
34107,24
34108,11
34108,15
34109,11
34110,11
34110,31
34110,26
34111,11
34112,11
34112,2
34112,22
34113,11
34114,11
34114,19
34115,11
34115,19
34116,11
34117,11
34117,16
34117,21
34118,11
34118,15
34119,11
34120,11
34120,16
34121,11
34121,21
34121,30
34122,11
34123,11
34124,11
34125,11
34126,11
34126,31
34126,26
34127,11
34127,32
34128,11
34129,11
34129,22
34130,1
34130,11
34130,2
34131,11
34131,2
34131,16
34132,11
34133,11
34134,11
34134,21
34134,24
34135,11
34136,11
34136,15
34136,16
13696,7
34137,11
34137,15
34137,16
34138,11
34138,32
34139,11
34140,11
34140,16
34140,21
34141,11
34141,2
34141,3
34142,11
34143,11
34143,16
34143,21
34144,11
34144,15
34144,21
34145,11
34145,19
34146,11
34147,11
34148,11
34148,21
34148,24
34149,11
34150,11
34150,15
34151,11
34151,15
34151,16
34152,11
34152,16
34152,21
34153,11
34154,11
34155,11
34155,6
34155,15
34156,11
34156,2
34156,15
34157,11
34158,11
34159,11
34159,2
34159,24
34160,11
34161,11
34162,11
34163,2
34163,11
34163,21
34164,11
34165,11
34166,11
34166,16
34166,21
34167,11
34168,11
34168,21
34169,11
34169,26
34170,11
34170,21
34170,24
34171,11
34171,2
34171,32
34172,11
34172,21
34172,22
34173,11
34173,16
34173,21
34174,11
34174,22
34175,11
34175,15
34176,11
34177,15
34177,2
34177,11
28214,16
28214,21
34178,11
34179,11
34179,2
34179,24
34180,11
34180,2
34181,11
34181,21
34182,11
34182,22
34183,11
34183,16
34183,22
34184,11
34184,16
34184,21
34185,11
34185,15
34186,11
34187,11
34187,26
34188,11
34188,2
34188,21
34189,11
34189,26
34189,22
34190,11
34191,11
34191,19
34192,11
34192,16
34193,11
34193,21
34194,11
34195,11
34195,2
34195,26
34196,11
34196,21
34197,11
34197,15
34197,21
34198,11
34198,16
34198,21
34199,11
34200,11
34200,19
34201,11
34202,11
34202,21
34203,15
34203,2
34203,29
34204,11
34204,26
34205,11
34206,11
34207,11
34208,11
34208,22
34209,11
34209,15
34209,32
34210,11
34210,32
34210,26
34211,11
34212,11
34212,2
34212,21
34213,11
34213,24
34214,11
34214,6
34214,3
34215,11
34216,11
34216,7
34217,11
34217,2
34217,3
34218,11
34218,16
34219,11
34219,21
34220,11
34220,2
34220,15
34221,11
34222,2
34222,11
34223,11
34224,11
34224,15
34224,16
34225,11
34225,3
34226,11
34226,15
34226,24
34227,11
34227,15
34228,11
34228,21
34229,11
34230,11
34230,15
34230,3
34231,11
34231,21
34232,11
34233,11
34234,11
34235,11
34235,15
34235,21
34236,11
12149,16
12149,22
34237,11
34237,19
34238,11
34238,21
34239,11
34240,11
34241,11
34242,2
34242,32
34242,11
34243,11
34243,2
34243,7
34244,11
34244,2
34245,11
34246,11
34246,31
34246,26
34247,11
34247,22
34248,11
34248,16
34249,11
34250,11
34250,24
34251,11
34252,11
34253,11
34254,11
34254,16
34255,11
34255,22
34256,11
34256,31
34256,2
34257,11
34257,2
34258,11
34258,21
34259,11
34259,21
34259,24
34260,11
34260,21
34260,19
34261,11
34261,2
34261,31
34262,11
34262,16
34262,22
34263,11
34263,15
34264,11
34265,11
34265,21
34266,11
34266,16
34266,21
34267,11
34267,21
34268,11
34268,21
34269,11
34270,11
34271,11
34271,31
34271,26
34272,11
34272,2
34272,21
34273,11
34273,31
34274,11
34274,22
34275,11
34276,11
34276,21
34276,22
34277,11
34277,21
34278,11
34278,15
34278,16
34279,11
34279,15
34280,11
34280,2
34280,15
34281,11
34281,16
34281,31
34282,11
34283,11
34284,11
34285,11
34286,11
34287,11
34288,11
34289,11
34289,15
34290,11
34290,22
34291,11
34291,21
34292,11
34293,11
34293,21
34294,11
34294,16
34294,21
34295,11
34296,11
34296,21
34297,11
34297,15
34297,22
34298,11
34298,19
34299,11
34299,24
34300,11
34301,11
34302,11
34302,21
34302,22
34303,11
34304,11
34304,21
34305,11
34305,16
34305,21
34306,11
34307,11
34307,16
34307,21
34308,11
34309,11
34310,11
34310,22
34311,11
34311,31
34311,22
34312,11
34313,11
34313,16
34313,27
34314,11
34315,11
34316,11
34316,2
34316,21
34317,11
34317,15
34318,11
34318,16
34318,21
34319,11
34319,2
34319,26
34320,11
34321,11
34321,24
34322,11
34323,11
34324,11
34325,11
34326,11
34327,11
34327,16
34328,11
34329,11
34329,21
34330,11
34331,11
34331,2
34331,26
34332,11
34333,11
34334,11
34335,11
34336,11
34336,2
34336,32
34337,11
34337,21
34337,29
34338,11
33761,22
34339,11
34339,15
34339,21
34340,11
34340,2
34341,11
34341,21
34342,11
34343,11
34343,2
34344,11
34344,2
34344,16
34345,11
34345,15
34346,11
34346,26
34346,22
34347,11
34347,16
34347,21
34348,11
34348,26
34349,11
34350,11
34350,21
34351,11
34351,15
34352,11
34353,11
34353,7
34354,11
34354,21
34355,11
34355,21
34355,24
34356,11
34356,26
34357,11
34357,21
34358,11
34359,11
34359,2
34359,21
34360,11
34360,15
34360,21
34361,11
34362,11
34362,14
34362,24
34363,11
34364,11
34364,15
34365,11
34365,15
34366,11
34366,21
34367,11
34367,2
34367,16
34368,11
34369,11
34370,11
34371,11
34372,11
34372,21
34373,11
34373,15
34374,11
34374,26
34375,11
34375,22
34376,11
34376,21
34377,11
34378,11
34379,11
34379,22
34380,11
34380,16
34380,10
34381,11
34381,26
34382,11
34382,22
34383,11
34383,21
34383,3
34384,11
34384,16
34384,21
34385,11
34385,16
34385,21
34386,11
34386,16
34386,21
34387,11
34388,11
34389,11
34390,11
34391,11
34391,2
34391,21
34392,11
34393,11
34393,2
34393,29
34394,11
34394,16
34394,22
34395,11
34395,22
34396,11
34396,16
34396,21
34397,11
34397,16
34397,22
34398,11
34398,16
34399,11
34400,11
34400,21
34400,22
34401,11
34402,11
34402,2
34403,11
34404,11
34404,31
34404,3
34405,11
34405,15
34405,31
34406,11
34406,21
34407,11
34407,16
34407,29
34408,11
34408,21
34409,11
34409,2
34409,24
34410,11
34411,11
34412,11
34413,11
34414,11
34414,2
34415,11
34415,22
34416,11
34416,15
34416,7
34417,11
34417,21
34417,19
34418,11
34418,15
34419,11
34419,2
34419,26
34420,11
34421,11
34421,16
34421,22
34422,11
34423,11
34423,6
34423,16
34424,11
34425,11
34425,21
34426,11
34427,11
34428,11
34429,11
34429,2
34429,21
34430,11
34430,15
34431,11
34432,11
34433,11
34434,11
34434,31
34434,2
34435,11
34436,11
34437,11
34438,11
34438,21
34439,11
34440,11
34441,11
34441,2
34441,30
34442,11
34442,26
34442,22
34443,11
34443,3
34444,11
34444,15
34444,26
34445,11
34445,15
34446,11
34446,21
34446,19
34447,11
34447,21
34447,29
34448,11
34448,15
34448,31
34449,11
34450,11
34451,11
34451,2
34451,22
34452,11
34452,2
34452,15
34453,11
34454,11
34455,11
34456,11
34457,11
34457,2
34458,11
34458,2
34459,11
34459,15
34459,2
34460,11
34461,11
34462,11
34462,22
34463,11
34463,22
34464,11
34464,2
34464,15
34465,11
34465,15
34466,11
34466,22
34467,11
34468,11
34468,16
34468,21
34469,11
34469,2
34469,31
34470,11
34470,24
34470,3
34471,11
34471,31
34472,11
34473,11
34473,2
34473,16
34474,11
34474,21
34475,11
34476,11
34476,15
34476,26
34477,11
34478,11
34479,11
34479,2
34480,11
34480,21
34480,19
34481,11
34482,11
34482,21
34482,7
34483,11
34483,21
34484,11
34485,11
34485,16
34485,21
34486,11
34486,26
34487,11
34487,21
34488,11
34488,15
34488,21
34489,11
34489,26
34490,11
34490,15
34490,32
34491,11
34491,21
34492,11
34493,11
34493,15
34494,11
34494,16
34494,31
34495,11
34495,16
34495,21
34496,11
34497,11
34497,21
34497,7
34498,11
34499,11
34499,21
34499,29
34500,11
34500,16
34500,21
34501,11
34501,24
34501,30
34502,11
34502,2
34502,26
3961,26
3961,22
34503,11
34503,19
34504,11
34504,15
34505,11
34505,2
34505,32
34506,11
34506,16
34506,21
34507,11
34507,21
34507,29
34508,11
34508,21
34509,1
34509,11
34509,2
34510,11
34511,11
34512,11
34513,11
34513,21
34513,22
34514,11
34515,11
34515,2
34515,16
34516,11
34517,11
34517,16
34517,22
34518,11
34518,6
34518,21
34519,11
34520,11
34520,19
34521,11
34521,2
34521,21
34522,11
34523,11
34524,11
34524,15
34524,16
34525,11
34526,11
34526,16
34526,21
34527,11
34527,24
34528,11
34528,32
34528,26
34529,11
34529,2
34529,29
34530,11
34530,19
34531,11
34531,21
34531,19
34532,11
34532,21
34533,11
34533,15
34533,21
34534,11
34534,16
34534,31
34535,11
34535,21
34535,29
34536,11
34536,7
34536,31
34537,11
34538,11
34539,11
34540,11
34540,16
34540,21
34541,11
34542,11
34543,11
34544,11
34545,11
34545,21
34546,11
34546,16
34546,21
34547,11
34547,21
34548,11
34549,11
34550,11
34551,11
34552,11
34553,11
34553,2
34553,16
34554,11
34554,16
34555,11
34556,11
34556,2
34556,10
34557,11
34557,16
34558,11
34558,16
34558,21
34559,11
34560,11
34560,16
34560,21
34561,11
34561,32
34561,31
34562,11
34562,22
34563,11
34563,22
34564,11
34565,11
34565,22
34566,11
34566,16
34567,11
34567,21
34567,31
34568,11
34569,11
34569,15
34570,11
34571,11
34571,2
34571,24
34572,11
34573,11
34573,15
34574,11
34574,16
34574,10
34575,11
3378,16
34576,11
34576,21
34577,11
34577,24
34577,3
34578,11
34578,2
34578,15
34579,11
34580,11
34580,24
34581,11
34581,32
34581,31
34582,11
34583,11
34584,11
34585,11
10108,16
34586,11
34587,11
34588,11
34589,11
34589,21
34590,11
34590,15
34590,24
34591,11
34592,11
34592,2
34592,21
34593,11
34594,11
34595,11
34596,11
34597,11
34598,11
34598,21
34599,11
34600,11
34600,2
34601,11
34601,16
34601,22
34602,11
34603,11
34603,21
34604,11
34605,11
34605,2
34606,11
34606,31
34606,26
24288,2
24288,31
34607,11
34608,11
34608,22
34609,11
34610,11
34610,16
34610,21
34611,11
34611,16
23720,2
34612,11
34612,31
34612,22
34613,11
34613,21
34614,11
34614,15
34614,32
34615,11
4418,15
34616,11
34616,16
34616,21
34617,11
34618,11
34618,24
34619,11
34619,16
34620,11
34621,11
20349,24
34622,11
34623,11
34624,11
34625,11
34626,11
34627,11
34627,2
34627,21
34628,11
34628,32
34629,11
34629,15
34630,11
34630,21
34630,22
34631,11
34631,2
34631,15
34632,11
34633,11
34633,22
34634,11
34634,2
34634,3
34635,11
34636,11
34636,22
34637,11
2869,29
2869,22
34638,11
34639,11
34639,21
34639,32
34640,11
34640,24
34640,21
34641,11
34641,15
34641,32
34642,11
34642,16
34643,11
34643,21
34644,11
34645,11
34645,15
34645,22
34646,11
34646,2
34646,32
34647,11
34648,11
34649,11
34650,11
34651,11
34651,16
34651,22
34652,11
34653,11
34653,21
34654,11
18117,24
18117,22
34655,11
34656,11
34656,15
34657,11
34657,26
34657,22
34658,11
34658,24
34659,11
34659,2
34659,21
34660,11
12186,2
34661,11
34662,11
34662,21
34662,7
34663,11
34664,11
34664,16
34664,22
34665,11
34666,11
34666,15
34667,11
34667,2
34668,11
34668,21
34668,24
34669,11
34670,11
34670,16
34670,22
34671,11
34672,11
34672,24
34672,22
34673,11
34674,11
34674,6
34675,11
34675,16
34676,11
34676,16
34677,11
34677,21
6759,22
34678,11
34679,11
3519,22
34680,11
34680,16
34681,1
34681,11
34681,2
20603,21
34682,11
34683,11
34683,26
34683,22
34684,11
34684,2
34684,21
34685,11
34686,11
17066,22
34687,11
34687,2
34688,1
34688,11
34688,2
34689,11
34689,16
34689,21
34690,11
34691,11
34691,2
34691,21
34692,11
34692,2
34692,26
34693,11
34694,11
34695,11
34695,15
34695,22
34696,11
34696,21
34696,19
34697,11
34697,16
34697,21
34698,11
34698,15
34699,11
34699,15
34699,26
34700,11
34700,2
34701,11
34701,16
34701,10
34702,2
34702,11
34703,11
34703,21
34704,11
34705,11
34705,15
34705,31
34706,11
34706,22
34707,11
34708,11
34709,11
34709,21
34709,10
34710,11
34711,11
34712,1
34712,11
34712,2
34713,11
34713,2
34714,11
34715,11
34715,2
34715,15
34716,11
34716,2
34717,11
34717,22
34718,29
34718,15
34718,11
34719,11
34719,2
34719,24
34720,11
34721,11
34722,11
34723,11
34723,32
34723,26
34724,11
34724,15
34724,21
34725,11
34725,21
34725,22
3622,2
34726,11
34726,26
34727,11
34727,21
34728,11
34728,2
34728,31
34729,11
34729,2
34730,11
34731,11
34732,11
34732,16
34732,21
34733,11
34734,11
34734,21
34734,22
34735,11
34736,11
34737,11
34737,21
34738,11
34738,21
34738,24
34739,11
34739,15
34739,21
34740,11
34740,22
34741,11
34742,11
34742,15
34743,11
34744,11
34745,11
34745,15
34745,16
34746,11
34747,11
34747,22
34748,11
34748,21
34748,24
34749,11
34750,11
34751,11
34751,31
34752,1
34752,11
34752,24
34753,11
34753,16
34753,21
34754,11
34754,21
34754,24
34755,11
34755,15
34756,11
34756,16
34756,21
4487,31
34757,11
34757,15
34758,11
34758,21
34758,3
34759,11
34759,21
34759,29
34760,11
34760,24
34760,21
34761,11
34761,16
34762,11
34762,21
34762,24
34763,11
34763,15
34763,21
34764,11
34765,11
34765,15
34765,16
34766,11
34766,21
34766,30
34767,11
34768,11
34769,11
34770,11
34771,11
34771,2
34771,29
34772,11
34773,11
34773,31
34773,22
34774,11
34774,21
34774,14
34775,11
34776,11
34777,11
34777,21
34778,11
34778,16
34778,22
34779,11
34779,21
34780,11
34780,15
34780,16
34781,11
34781,2
34781,15
34782,11
34782,21
34782,22
34783,11
34783,15
34783,31
34784,11
34785,11
34785,19
34786,11
34787,11
34788,11
34789,11
34790,11
34791,11
34791,7
34792,11
34793,11
34793,16
34794,11
34795,11
34795,16
34795,31
34796,11
34797,11
34797,21
4735,22
34798,11
34798,2
34798,21
34799,11
34800,11
34800,16
34800,22
34801,11
34801,21
34802,11
34802,21
34802,22
34803,11
34803,21
34804,11
34804,15
34805,11
34805,16
34806,11
34807,11
34807,2
34808,11
34808,15
34809,11
34809,15
34809,21
34810,11
34810,21
34810,24
34811,11
34812,11
34812,22
34813,11
34814,11
34814,7
34815,11
34816,11
34816,21
34817,11
34818,11
34818,16
34819,11
34819,6
34819,16
34820,11
34820,26
34821,11
34821,2
34821,21
34822,11
34822,21
34823,11
34823,21
34824,11
34824,22
34825,11
34826,11
34826,10
34826,22
34827,11
34828,11
34829,11
34829,2
34829,15
34830,11
34830,15
34831,11
34832,11
34832,16
34833,11
34833,22
34834,11
34835,11
34836,11
34836,15
34837,11
34838,11
34838,16
34838,22
34839,11
34840,11
34840,21
34840,7
34841,11
34841,24
34842,11
34842,26
34842,22
34843,11
34844,11
34845,11
34845,31
34846,11
34847,11
34847,2
34847,15
34848,11
34848,2
34849,11
34850,11
34851,11
34851,16
34851,21
34852,11
34852,24
34852,3
34853,11
34853,2
34853,29
34854,11
34855,11
34855,21
34856,11
34856,15
34857,11
34857,24
34858,11
34858,2
34858,26
34859,11
34860,11
34860,21
34861,11
34861,15
34861,24
34862,11
34863,11
34863,21
34863,22
34864,11
34864,2
34864,15
34865,11
34865,22
34866,11
34866,15
34866,31
34867,11
34868,11
34868,16
34869,11
34870,11
34870,26
34871,11
34871,21
34871,19
34872,11
34872,15
34873,11
34874,11
34874,15
34875,11
34875,16
23627,16
23627,22
34876,11
34876,2
34876,21
34877,11
34877,15
34877,16
34878,11
34879,11
34880,11
34880,21
34881,11
34881,22
34882,11
34883,11
34884,11
34884,16
34884,22
34885,26
34885,11
34885,2
34886,11
34887,11
34887,21
34888,11
34888,21
34889,11
34889,21
34890,11
34890,22
34890,3
34891,11
34892,11
34893,11
34894,11
34894,16
34894,21
34895,11
34895,16
34895,21
34896,11
34897,11
34898,11
34899,11
34900,11
34901,11
34901,24
34902,11
34903,11
34903,21
34904,11
34905,11
34906,11
34010,22
34907,11
34907,15
34908,11
34908,16
34908,21
34909,11
34910,11
34910,15
34910,21
34911,11
34912,11
34913,11
34913,16
34914,11
34914,22
34915,11
34916,11
34916,21
34916,14
34917,11
34918,11
34918,26
34918,22
34919,11
34920,11
34921,11
34922,11
34922,16
34922,21
34923,11
34923,16
34923,22
34924,11
34924,15
34925,11
34925,14
34925,19
34926,11
34927,11
34927,16
34928,11
34929,11
34929,21
34929,22
34930,11
34930,22
34931,11
34932,11
34933,11
34934,11
34935,11
34936,21
34936,2
34936,11
34937,11
34937,3
34938,11
34939,11
34939,32
34940,11
34941,11
34942,11
34942,15
34942,16
34943,11
34943,15
34944,11
34944,16
34945,11
34946,11
34947,11
34947,16
34947,21
34948,11
34948,2
34948,21
34949,11
34949,16
34949,22
34950,11
34951,11
34952,11
34952,15
34953,11
34954,11
34954,21
34955,11
34956,11
34956,22
34957,11
34958,11
34958,21
34959,11
34960,11
34960,2
34960,15
34961,11
34961,6
34961,7
34962,11
34962,2
34962,32
34963,11
34964,11
34964,31
34964,3
34965,11
34966,1
34966,11
34966,15
34967,11
34967,2
34968,11
34968,15
34969,11
34969,15
34970,11
34970,19
34971,11
34971,2
34972,11
34973,11
34974,11
32488,16
34975,11
34976,11
34976,22
34977,11
34977,16
34977,22
34978,11
34978,16
34978,21
34979,11
34979,16
34979,21
34980,11
34980,2
34981,11
34981,21
34981,29
34982,11
34982,2
34982,15
34983,11
34984,11
34984,31
34984,10
34985,11
34986,11
34986,2
34986,32
34987,11
34988,11
34989,11
34990,11
34991,11
34991,21
34991,32
34992,11
34992,2
34992,24
34993,11
34993,2
34993,15
34994,11
34995,11
34996,11
34996,15
34997,11
34997,15
34997,29
34998,11
34998,16
34998,21
34999,11
34999,22
35000,11
35000,24
35000,26
35001,11
35001,2
35001,24
35002,11
35003,11
35004,11
35004,15
35004,16
35005,11
35006,11
35007,11
35008,11
35009,11
35009,2
35010,11
35011,11
35012,11
35013,11
35014,11
35014,15
35014,21
35015,11
35015,15
35016,11
35017,11
35017,2
35018,11
35018,21
35018,32
35019,11
35020,11
35020,19
35021,11
35022,11
35022,31
35023,11
35023,21
35023,32
35024,11
35025,11
35026,11
35026,2
35026,15
35027,11
35027,21
35028,11
35028,21
35029,11
35029,2
35029,15
35030,11
35030,16
35030,7
35031,11
35031,31
35031,22
35032,11
35032,15
35032,22
35033,11
35033,2
35033,21
35034,11
35035,11
35035,15
35036,11
35037,11
35038,11
35038,2
35038,21
35039,11
35040,11
35041,11
35042,11
35042,10
35042,22
35043,11
35043,22
35044,11
35044,21
35044,22
35045,11
35046,11
35046,22
35047,11
35047,6
35047,21
35048,11
35049,11
35049,26
35050,11
35050,16
35050,21
35051,11
35051,16
35051,21
35052,11
35053,11
35054,11
35054,16
35054,26
35055,11
35055,2
35055,21
35056,11
35057,11
35058,11
35059,11
35059,2
35059,6
35060,11
35060,16
35061,11
35062,11
35063,11
35063,21
35064,11
35064,16
35064,21
35065,11
35065,21
35066,11
35066,15
35066,16
26503,2
26503,3
35067,11
35067,21
35067,10
35068,11
35068,15
35069,11
35070,11
35071,11
35071,22
35071,19
35072,11
35072,19
35073,11
35074,11
35074,21
35075,11
35075,15
35076,11
35076,2
35076,21
35077,11
35077,27
35077,24
35078,11
35078,2
35079,11
4690,7
35080,11
35080,16
35080,21
35081,11
35081,31
35081,26
35082,11
35082,2
35083,2
35083,11
35084,11
35085,11
35085,21
35086,11
35086,2
35086,26
35087,11
35087,22
35088,11
35089,11
35089,16
35090,11
35090,15
35090,16
35091,11
35092,11
35093,11
35093,21
35093,10
35094,11
35095,11
35095,31
35095,26
35096,11
35097,11
35098,11
35098,2
35098,16
35099,11
35100,11
35100,16
35101,11
35102,11
35103,11
35103,2
35103,26
35104,11
35105,11
35105,2
35105,15
35106,11
35106,21
35107,11
35107,16
35107,22
35108,11
35108,2
35109,11
35109,21
35109,22
35110,11
35110,2
35110,27
35111,11
35111,21
35112,11
35113,11
35113,21
35114,11
35114,32
35115,11
35115,21
35116,11
35116,21
35117,11
35118,11
35118,19
35119,11
35120,11
35120,21
35121,11
35121,16
35121,21
35122,11
35122,2
35122,16
35123,11
35123,2
35123,16
35124,11
35124,21
35124,24
35125,11
35126,11
35126,32
35127,11
35127,15
4028,26
35128,11
35128,26
35129,11
35129,21
35129,30
35130,11
35130,16
35130,22
35131,11
35132,11
35132,21
35132,22
35133,11
35133,16
35133,22
35134,11
35135,11
35136,11
35137,11
35137,15
35138,11
35139,11
35139,31
35140,11
35141,11
35141,16
35141,21
35142,11
35142,26
35143,1
35143,11
35143,16
35144,11
35144,2
35144,29
35145,11
35145,2
35145,21
35146,11
35146,16
35146,10
35147,11
35147,15
35148,11
35149,11
35149,2
35149,26
35150,11
35150,16
35150,21
35151,11
35152,11
35152,16
35152,21
35153,11
35153,21
35154,11
35154,2
35155,11
35155,16
35155,21
35156,11
35156,2
35156,16
35157,11
35157,16
35157,21
35158,11
35159,11
35159,15
35159,16
35160,11
35161,11
35161,15
35162,11
35163,11
35164,11
35164,32
35164,31
35165,11
35166,11
35167,11
35168,11
35169,11
35169,2
35169,31
35170,11
35170,16
35171,11
35171,16
35171,21
35172,11
35172,16
35172,21
35173,11
35174,11
35174,21
35175,11
35175,15
35176,11
35176,21
35176,22
35177,11
35177,16
35177,21
35178,11
35179,11
35180,11
35180,2
35181,11
35182,11
35183,11
35183,21
35184,11
35184,24
35185,11
35185,21
35186,11
35187,11
35187,2
35187,15
35188,11
35189,11
35189,16
35189,21
35190,11
35191,11
35192,11
35193,11
35194,11
35194,16
35194,21
35195,11
35196,11
35196,21
35196,19
35197,11
35197,16
35197,21
35198,11
35198,21
35198,19
35199,11
35200,11
35200,15
35200,29
35201,11
35201,2
35201,21
35202,11
35202,2
35202,21
35203,11
35203,2
35204,11
35204,2
35204,32
35205,11
35205,15
35205,24
35206,11
35206,16
35206,21
35207,11
35207,15
35208,11
35208,15
35209,11
35209,16
35209,21
35210,11
35211,11
35211,21
35212,11
35212,16
35213,11
35213,2
35213,21
35214,11
35215,11
35216,11
35216,16
35217,11
35217,2
35217,26
35218,11
35219,11
35220,11
35220,21
35221,11
35222,11
35222,21
35222,24
35223,11
35224,11
35224,16
35224,21
35225,11
35225,22
35225,19
35226,11
35227,11
35227,21
35228,11
35228,22
35229,11
35229,2
35229,32
35230,11
35231,11
35232,11
35232,32
35232,26
35233,11
35233,22
35234,1
35234,11
35234,2
35235,11
35235,16
35235,31
35236,11
35237,11
35237,2
35238,11
35238,21
35239,11
35240,11
35240,21
35241,11
35241,2
35242,11
35243,11
35243,2
35244,11
35244,24
35245,11
35245,21
35245,27
35246,11
35247,11
35248,11
35248,26
35248,19
24944,16
35249,11
35250,11
35250,21
35250,24
35251,11
35252,11
35253,11
35253,2
35253,21
35254,11
35254,2
35254,16
35255,11
35256,11
35256,3
35257,11
35257,2
35257,3
35258,11
35258,2
35258,21
35259,11
35259,21
35259,7
35260,11
35260,15
35261,11
35262,11
35263,11
35264,11
35265,11
35266,11
35266,22
35267,11
35268,11
35268,2
35268,15
35269,11
22863,24
35270,11
35271,11
35272,11
35272,21
35273,11
35273,21
35274,11
35275,11
35276,11
35276,2
35276,21
35277,11
35278,11
35278,21
35279,11
35279,16
35280,11
35280,21
35280,22
35281,11
35281,16
35282,11
35282,16
22089,21
35283,11
35283,6
35284,11
35284,2
35285,11
35286,11
35287,11
35287,21
35287,27
35288,11
35288,2
35288,22
35289,11
35289,16
35290,11
35291,11
35291,15
35291,21
35292,11
35293,11
35293,2
35293,26
35294,11
35294,15
35295,11
35296,11
35296,21
35297,11
35297,21
35297,22
35298,11
35299,11
35300,11
35301,11
35302,11
35302,16
35303,11
35303,21
35304,11
35304,21
35305,11
35306,11
35306,21
35307,11
35308,11
35309,11
35309,15
35310,11
35310,15
35310,21
35311,11
35311,15
35311,22
35312,11
35312,15
35312,16
35313,11
35314,11
13678,21
35315,11
35315,27
35315,14
35316,11
35316,31
35317,11
35317,2
35317,15
35318,11
35318,16
35318,10
35319,11
35320,11
35320,16
35320,21
35321,11
35321,16
35322,11
35322,16
35323,11
35324,11
35324,10
35324,22
35325,11
35325,19
35326,11
35326,2
35327,11
35328,11
35329,11
35329,15
35330,11
35331,11
35332,11
35332,6
35332,21
35333,11
35334,11
35334,2
35334,32
35335,11
35335,21
35335,3
35336,11
35336,22
35337,11
35337,21
35338,11
35339,11
35339,21
35339,7
35340,11
35341,11
35342,11
35342,15
35343,11
35343,2
35343,32
35344,11
35344,2
35344,22
35345,11
35345,16
35345,22
35346,11
35347,11
35347,32
35347,26
35348,11
35349,11
35349,15
35349,21
35350,11
35351,11
35352,11
35352,2
35352,22
35353,11
35353,16
35353,21
6504,24
35354,11
35354,16
35354,21
35355,11
35356,11
35356,16
35356,21
35357,11
35358,11
35359,11
35360,11
35360,21
35360,22
35361,11
35362,11
35362,2
35362,3
35363,11
35364,11
35365,11
35366,11
35367,11
35367,2
35368,11
35368,16
35368,21
35369,11
35369,21
35369,7
35370,11
35371,11
35371,26
35372,11
35372,16
35372,21
35373,11
35373,31
35374,11
35374,29
35374,21
35375,11
35376,11
35376,21
35376,26
35377,11
35377,7
35378,11
35378,24
35379,11
35379,15
35380,11
35380,16
35381,11
35382,11
35382,16
35382,21
35383,11
35383,15
35383,26
35384,11
35384,2
35385,11
35385,6
35385,16
35386,11
35386,2
35386,15
35387,11
35388,11
35388,21
35389,11
35389,22
35390,11
35390,22
35391,11
35392,11
35393,11
35393,16
35394,11
35395,11
35395,15
35396,11
35396,16
35396,21
35397,11
35398,11
35399,11
35399,21
35400,11
35400,16
35400,21
35401,11
35401,21
35402,11
35402,31
35402,22
35403,11
35403,2
35403,22
35404,11
35405,11
35405,16
35405,32
35406,11
35406,22
35406,3
35407,11
35408,11
35408,2
35408,32
35409,11
35409,16
35409,22
35410,11
35410,16
35410,10
35411,11
35411,16
35411,21
35412,11
35413,11
35413,21
35413,24
35414,11
35414,2
35414,26
35415,11
35415,32
35415,22
28279,2
35416,11
35417,11
35417,22
35418,11
35418,21
35419,11
35419,2
35419,22
35420,11
35421,11
35421,16
35421,21
35422,11
35422,21
35422,24
35423,11
35423,21
35423,7
35424,1
35424,11
35424,15
35425,11
35425,21
35426,11
35426,21
35427,11
35427,15
35427,16
35428,11
35428,2
35428,24
35429,11
35429,16
35429,21
35430,11
35430,21
35431,1
35431,11
35431,2
35432,11
35433,11
35433,21
35434,11
35434,31
35435,21
35435,11
35436,11
35436,15
15073,10
15073,22
35437,11
35437,16
35437,22
35438,11
35438,2
35438,32
35439,11
35439,21
35440,11
35440,21
35440,22
35441,11
35441,16
35441,22
35442,11
35442,16
35443,11
35443,2
35443,15
35444,11
35444,26
35445,11
35445,16
35445,21
35446,11
35446,22
35447,11
35448,11
35449,11
35450,11
35451,11
35451,21
35451,24
35452,11
35452,2
35452,26
35453,11
35454,11
35454,15
35455,11
35455,22
35456,11
35456,15
35456,21
35457,11
35458,11
35458,21
35459,11
35459,2
35459,21
35460,11
35461,11
35462,11
35463,11
35464,1
35464,11
35464,26
35465,11
35465,22
35466,11
35466,16
35466,22
35467,11
35467,2
35467,16
35468,11
35468,26
35469,21
35469,11
35469,2
35470,11
35470,21
35471,11
35472,11
35473,11
35474,11
35475,11
35475,26
35476,11
35477,11
35478,11
35479,11
35479,21
35480,11
35480,2
35481,11
35481,16
35481,22
35482,11
35482,15
35483,11
35483,16
35483,31
35484,11
35484,21
35485,11
35485,16
35485,21
35486,11
35486,2
35486,32
16466,21
35487,11
35487,31
35487,26
35488,11
35488,21
35488,32
35489,11
35489,24
35490,11
35490,15
35490,16
35491,11
35491,21
35491,24
35492,11
35493,11
35493,16
35493,22
35494,11
35494,26
35494,22
35495,11
35495,19
35496,11
35497,11
35497,27
35497,24
35498,11
35498,16
35498,21
35499,11
35499,2
35500,11
35500,16
35500,21
35501,11
35502,11
35502,15
35502,24
35503,11
35503,21
35503,24
35504,11
35505,11
35505,31
35505,22
35506,11
35506,21
35506,19
35507,11
35507,31
35507,26
35508,11
35508,2
35508,19
35509,11
35509,16
35509,21
35510,11
35511,11
35512,11
35513,11
35513,22
35514,11
35514,22
35515,11
35515,15
35515,16
35516,11
35516,15
35516,21
35517,11
35518,11
35518,30
35518,22
35519,11
35520,11
35520,2
35520,6
35521,11
35521,32
35521,31
35522,11
35522,2
35522,15
35523,11
35523,26
35523,22
35524,11
35525,19
35525,11
35526,1
35526,11
35526,26
35527,11
35527,16
35528,11
35528,21
35529,11
35530,15
35530,11
35531,11
35531,2
35531,16
35532,11
35532,2
35533,11
35533,2
35533,21
35534,11
35534,26
35535,11
35535,2
35535,21
35536,11
35536,16
35537,11
35537,27
35537,24
35538,11
35539,11
35539,2
35539,21
35540,11
35540,2
35540,22
35541,11
35541,21
35542,11
35542,2
35542,15
35543,11
35544,11
35544,2
35544,21
35545,11
35545,30
35546,11
35546,16
35547,11
35547,16
35548,11
35548,15
35548,26
35549,11
35549,21
35549,16
35550,11
35550,21
35551,11
35551,26
35552,11
35552,21
35553,11
35553,31
35553,22
35554,11
35555,11
35556,11
35557,11
35557,15
35557,21
35558,11
35558,10
35559,11
35559,21
35559,3
35560,11
35560,16
35560,21
35561,11
35561,21
35562,11
35563,11
35564,11
35564,6
35564,21
35565,11
35565,31
35565,10
35566,11
35566,15
35566,14
26592,16
26592,21
35567,11
35567,2
35567,6
35568,11
35569,11
35570,11
35570,21
35571,11
35571,16
35572,11
35572,21
35572,29
35573,11
35573,21
35574,11
35574,26
35574,22
35575,11
35575,21
35576,11
35576,21
35577,11
35578,11
35579,11
35580,11
35580,2
35580,21
35581,11
35581,21
35581,19
14129,24
35582,11
35583,11
35583,15
35583,24
35584,11
35584,15
35584,19
35585,11
35586,11
35586,21
35587,11
35588,11
35588,2
35589,11
35590,11
35590,16
35590,21
35591,11
35591,3
35592,11
35592,21
35593,11
35594,11
35594,15
35594,7
35595,11
35595,2
35595,21
35596,11
35596,2
35596,32
35597,11
35597,16
35597,22
35598,11
35598,21
35599,11
32591,24
35600,11
35600,21
35600,29
35601,11
35602,11
35602,19
35603,11
35604,11
35605,11
35605,21
35606,11
35606,21
35606,24
35607,11
35607,21
35607,22
35608,11
35609,11
35610,11
35610,2
35610,15
35611,11
35611,16
35611,21
35612,11
35612,16
35612,21
35613,11
35613,16
35614,11
35615,11
35615,16
35615,21
35616,11
35617,11
35617,26
35617,22
35618,11
35618,21
35619,11
35619,7
35620,11
35621,11
35621,21
35622,11
35623,11
35624,11
35625,11
35626,11
35626,16
35626,21
35627,11
35627,16
35627,21
15604,22
35628,11
35628,21
35628,14
35629,11
35629,26
35629,22
35630,11
35630,2
35631,11
35632,31
35632,2
35632,11
35633,11
35633,2
35633,15
35634,11
35634,7
35634,19
35635,11
35635,26
35636,11
35637,21
35637,11
35637,16
35638,11
35639,11
35640,11
35641,11
35642,11
35643,11
35643,6
35644,11
35644,2
35645,11
35645,16
35645,21
35646,11
35647,11
35648,11
35648,15
35648,22
35649,11
35649,21
35650,11
35650,22
35651,11
35652,11
35652,24
35653,11
35653,3
35654,11
35654,2
35654,15
35655,11
35656,1
35656,11
35656,2
35657,11
35657,15
35657,31
35658,11
35658,22
35659,11
35660,11
35660,16
35661,11
35662,11
35662,22
35663,15
35663,11
35664,1
35664,11
35664,21
35665,11
35666,11
35666,22
35667,11
7443,15
35668,21
35668,11
35669,11
35669,21
35669,10
35670,11
35671,11
35671,21
35671,31
35672,11
35672,2
35672,24
35673,11
35674,11
35674,15
35674,21
35675,11
35676,11
35677,11
35678,11
35679,11
35680,11
35680,21
35681,11
35681,15
35682,11
35683,11
35684,11
35685,11
35685,21
35685,19
35686,11
35687,11
35688,11
35688,7
35688,10
35689,11
35689,2
35690,11
35691,11
35692,11
28829,16
28829,21
35693,11
35693,19
35693,3
35694,11
35694,2
35694,21
35695,11
35695,15
35695,16
35696,11
35696,16
35696,21
35697,2
35697,15
35697,11
35698,11
35698,31
35698,26
35699,11
35699,21
35700,11
35700,15
35700,16
35701,11
35701,15
35701,16
35702,11
35702,2
35702,32
35703,11
35703,21
35704,11
35705,11
35706,11
35706,2
35707,11
35707,2
35707,30
35708,11
35708,2
35708,15
35709,11
35709,15
35709,31
35710,11
35710,15
35710,24
35711,11
35712,11
35713,11
35714,11
35714,21
35715,11
35715,21
35716,11
35717,11
35717,15
35717,3
35718,11
35718,29
35719,11
35719,21
35720,11
35720,21
35721,11
35721,2
35721,32
35722,11
35722,2
35722,16
35723,11
35724,11
35724,21
35724,7
35725,11
35726,11
35727,11
35728,11
35728,16
35729,11
35729,16
35730,11
35730,10
35730,22
35731,11
35731,21
35732,11
35733,11
35734,11
35734,15
35735,11
35736,11
35737,11
35737,2
35737,32
35738,11
35738,22
35739,11
35739,21
35740,11
35740,22
35741,11
35742,11
35742,2
35743,11
35744,11
35745,11
35745,10
35746,11
35746,16
35746,21
35747,11
35747,21
35747,32
35748,11
35748,2
35748,32
35749,11
35749,21
35749,32
35750,11
35750,16
35750,21
35751,11
35751,32
35751,24
35752,11
35752,31
35752,26
35753,11
35754,11
35754,22
35755,11
35755,15
35756,11
35757,11
35758,11
35759,11
35759,21
35760,11
35761,11
35761,3
35762,11
35762,21
35763,11
35764,11
35764,21
35765,11
35765,22
35765,21
35766,11
35766,29
35766,26
35767,11
35768,11
35769,11
35769,16
35769,21
35770,11
35770,22
35771,11
35772,11
35773,11
35773,26
35774,11
35775,11
35776,11
35776,2
35776,21
35777,11
35778,11
35778,31
35778,26
35779,11
35779,16
35779,10
35780,1
35780,11
35780,2
35781,11
35782,11
35783,11
35783,2
35783,32
35784,11
35785,11
35785,2
35785,22
35786,11
35787,11
35787,21
35788,11
35789,11
35789,16
35789,21
35790,11
35791,11
7930,2
7930,15
35792,11
35793,1
35793,11
35793,22
35794,11
35795,11
35796,11
35796,2
35796,15
35797,11
35798,11
35799,11
35799,15
35800,11
35800,2
35800,15
35801,11
35801,22
35802,11
35803,11
35804,11
35805,11
35805,15
35805,32
35806,11
35806,21
35807,11
35808,11
35808,21
35808,24
35809,11
35810,11
35810,21
35810,7
35811,11
35812,11
35812,16
35813,11
35813,16
35813,21
35814,11
35815,11
35815,15
35816,11
35817,11
35817,15
35817,29
35818,11
35819,11
35819,16
35820,1
35820,11
35820,2
35821,11
35821,15
35822,11
35823,11
35823,16
35823,21
35824,11
35825,11
35825,16
35826,11
35826,21
35827,11
35827,21
35827,24
35828,11
35828,15
35828,26
35829,11
35830,11
35830,31
35830,26
35831,21
35831,2
35831,11
11072,7
35832,11
35832,16
35832,21
35833,11
35834,11
35834,2
35834,16
35835,11
35836,11
35836,2
35836,26
35837,1
35837,11
35837,32
35838,14
35838,11
35838,22
35839,11
35839,31
35839,26
35840,11
35840,22
35841,11
35842,11
35842,21
35843,11
35844,11
35844,2
35844,19
35845,11
35846,11
35846,22
35847,11
35847,16
35847,21
35848,11
35848,27
35848,3
35849,11
35849,24
35850,11
35851,11
35851,16
35851,32
35852,11
35853,11
35854,11
35854,21
35854,14
35855,11
35855,31
35855,26
35856,11
35856,16
35856,22
35857,11
35858,11
35858,2
35858,16
35859,11
35859,21
35859,24
35860,11
35861,11
35861,22
35862,11
35863,11
35863,2
35863,15
12773,6
35864,11
35865,2
35865,11
35866,11
35867,11
35867,15
35867,16
35868,11
35868,15
35869,11
35869,19
35870,11
35871,11
35872,11
35873,11
35873,2
35873,3
35874,1
35874,11
35874,29
35875,11
35876,11
35876,2
35876,26
35877,11
35877,15
35877,31
35878,11
35878,16
35878,21
35879,11
35879,15
35879,32
35880,11
35881,11
35881,2
35881,16
35882,11
35882,15
35882,16
35883,11
35884,11
35884,26
35885,11
35886,11
35887,11
35888,11
35889,11
35889,15
35889,32
35890,11
35890,15
35890,16
35891,11
35892,11
35893,11
35894,11
35894,16
35895,11
35895,22
35896,11
35897,11
35898,11
35898,16
35898,21
35899,11
35899,16
35899,22
35900,11
35900,2
35900,21
35901,11
35902,11
35902,15
35902,32
35903,11
35903,21
35904,11
35904,26
35904,22
35905,11
35906,26
35906,29
35906,11
35907,11
35907,15
35908,11
35908,15
35909,11
35909,2
35909,16
35910,11
35911,11
35912,11
35913,1
35913,11
35913,16
35914,11
35914,21
35914,24
12345,26
35915,11
35916,11
35916,15
35916,21
35917,11
35918,11
35919,11
35919,2
2993,2
2993,26
35920,11
35921,11
35922,11
35922,2
35922,21
35923,11
35924,11
35924,22
35925,11
35925,2
35925,21
35926,11
35926,21
35927,11
35927,21
35928,11
35928,21
35929,11
35929,26
35929,22
35930,11
35931,11
35931,2
35931,21
35932,11
35932,2
35932,15
35933,11
35933,26
35934,11
35935,11
35935,2
35935,3
35936,11
35936,22
35937,11
35937,15
35937,32
35938,11
35938,2
35939,11
35940,11
35941,11
35941,2
35941,21
35942,11
35942,21
35942,22
35943,11
35943,15
35944,11
35944,16
35944,21
35945,11
35945,2
35945,15
35946,11
35946,2
35946,21
35947,11
35948,11
35948,21
35948,30
35949,11
35950,11
35950,15
35950,16
35951,11
35952,11
35952,16
35952,21
35953,11
35954,11
35955,11
35955,16
35955,22
35956,11
35957,11
35957,16
35958,11
35958,21
35959,11
35960,11
35960,21
35961,11
35961,21
35962,11
35962,21
35962,24
35963,11
35963,16
35963,22
35964,11
35964,21
35965,11
35965,15
35966,11
35967,11
35967,21
35967,22
35968,11
35968,2
35968,7
35969,11
35970,11
35970,3
35971,11
35971,15
35971,30
35972,11
35972,2
35972,22
35973,11
35973,16
35973,21
35974,11
35974,15
35974,29
35975,11
35976,11
35976,2
35976,32
35977,11
35977,15
35977,21
35978,11
35979,11
35979,15
35979,24
35980,11
35981,11
35982,11
35982,29
35982,32
35983,11
35983,31
35983,10
35984,11
35984,22
35985,11
35985,10
35986,11
35986,15
35986,21
35987,11
35988,11
35988,21
35989,11
35990,11
35990,16
35991,11
35992,11
35992,19
35993,11
35993,21
35994,15
35994,11
35994,22
35995,11
35996,11
35996,21
35996,24
35997,11
35998,11
35998,21
35999,11
35999,2
35999,26
36000,11
36000,2
36000,7
36001,11
36001,15
36002,11
36002,2
36002,16
36003,11
36003,32
36004,11
36004,2
36004,3
36005,11
36006,11
36007,11
36008,11
36008,16
36009,11
36010,11
36011,11
36011,16
36012,11
36013,11
36014,11
36015,11
36015,15
36016,11
36017,11
36017,15
36017,24
36018,11
36018,16
36019,11
36019,22
36020,11
36020,2
36021,11
36021,16
36021,21
36022,11
36023,11
36023,31
36023,24
36024,11
36024,21
36024,24
36025,11
36025,15
36025,21
36026,11
36027,11
36027,21
36027,7
36028,11
36028,21
36029,11
36029,24
36030,11
36031,11
36032,11
36032,15
36032,21
36033,11
36033,21
36034,11
36034,32
36035,11
36036,11
36036,21
36037,11
36038,11
36039,11
36039,15
36040,11
36041,11
36041,16
36041,21
36042,11
36042,15
36042,32
36043,11
36044,11
36044,2
36045,11
36045,14
36045,24
36046,11
36046,2
36046,21
36047,11
36048,11
36048,15
36049,11
36049,15
36049,21
36050,11
36050,2
36050,16
36051,11
36052,11
36053,11
36053,16
36053,21
36054,11
36054,10
36054,26
36055,11
36056,11
36056,2
36056,16
36057,11
36057,16
36057,21
36058,11
36059,11
36059,15
36059,3
36060,11
36060,21
36061,11
36062,11
36062,6
36062,21
36063,11
36063,22
36064,11
36064,2
36064,16
36065,11
36065,32
36065,31
36066,11
36066,16
36066,21
36067,11
36068,11
36069,11
36069,32
31969,2
31969,16
36070,11
36070,16
36071,11
36071,15
36072,11
36072,15
36072,21
36073,11
36073,16
36074,11
36075,11
36076,11
36077,11
36078,11
36078,26
36079,11
36079,21
36079,7
36080,11
36081,11
36082,11
36082,26
36083,11
36083,16
36083,21
36084,11
36084,15
36084,21
36085,11
36086,11
36086,24
36087,11
36087,24
36087,22
36088,11
36088,21
36089,11
36089,31
36089,26
36090,11
36090,16
36090,21
36091,11
36092,11
36093,11
36094,11
36094,10
36094,26
36095,11
36095,2
36095,15
36096,11
36097,11
36097,3
36098,11
36099,11
36100,11
36100,30
36101,11
36101,24
36102,11
36103,11
36104,11
36104,26
36105,11
36105,19
28829,2
18800,31
36106,11
36106,26
36107,11
36108,11
36108,16
36109,11
36110,11
36111,11
36112,11
36113,11
36113,2
36113,22
36114,11
36115,11
36116,11
36117,11
36117,21
36117,24
36118,11
36118,32
36119,11
36119,16
36119,31
36120,11
36120,16
36121,11
36121,2
36121,16
36122,11
36122,2
36122,16
36123,11
36123,2
36123,21
36124,11
36125,11
36125,16
36125,21
36126,11
36127,11
36127,16
36128,11
36129,1
36129,11
36129,16
36130,11
36130,26
4360,2
4360,21
36131,11
36131,21
36131,22
36132,11
36132,16
36133,11
36133,2
36134,11
36135,11
36135,21
36136,11
36137,11
36138,11
36138,21
36139,11
36139,26
36140,11
36140,21
36140,26
36141,11
36141,21
36141,19
36142,11
36143,11
36143,16
36143,22
36144,11
36145,11
36146,11
36146,2
36146,15
36147,11
36147,10
36147,26
36148,11
36148,24
36148,22
36149,11
36149,15
36150,11
36150,21
36151,11
36151,16
36151,21
36152,11
36152,21
36152,19
36153,11
36153,21
36154,11
36154,21
36155,11
36155,15
36156,11
36157,11
36158,11
36159,11
36160,11
36160,10
36161,11
36162,11
36163,1
36163,11
36164,11
36164,7
36165,11
36166,11
36166,31
36166,3
36167,11
36168,11
36169,11
36170,11
36171,11
36172,11
36173,11
36173,21
36174,11
36175,11
36175,21
36175,10
36176,11
36177,11
36177,16
36177,21
36178,11
36178,21
36179,11
36180,2
36180,11
36181,11
36181,21
36181,24
36182,11
36182,2
36182,16
36183,11
36183,2
36184,11
36184,16
36184,21
36185,11
36185,22
36186,11
36187,11
36187,16
36187,22
36188,1
36188,11
36188,2
36189,11
36189,22
36190,11
36191,11
36191,21
36192,11
36192,26
36193,11
36194,11
36194,16
36194,22
36195,11
36195,31
36195,26
36196,11
36197,11
36197,2
36198,11
36199,11
36199,3
36200,11
36200,2
36201,11
36201,2
36201,21
36202,11
36202,21
36203,11
36204,11
36204,31
36205,11
36205,16
36206,11
36207,11
36208,11
36208,2
36208,15
36209,11
36210,11
36210,21
36210,24
36211,11
36211,21
36212,11
36212,21
36213,11
36214,11
36215,11
36216,11
36217,11
36218,11
36218,16
36218,24
36219,11
36220,11
36220,22
36221,11
36222,11
36223,11
36224,11
36225,11
36226,11
36226,16
36226,21
36227,11
36228,11
36228,16
36229,11
36229,21
36229,24
36230,11
36230,15
36230,16
36231,11
36231,2
36231,21
36232,19
36232,22
36232,11
36233,11
36234,11
36234,16
36234,22
36235,11
36235,2
36236,11
36236,21
36236,31
36237,11
36238,1
36238,11
36239,11
36239,15
36240,11
36241,11
36241,16
36241,3
36242,11
36242,16
36242,21
36243,11
36243,7
36244,11
36244,16
36245,11
36245,16
36246,11
36246,2
36246,16
36247,11
36248,11
36248,16
36248,21
36249,11
36249,21
36250,11
36251,11
36252,11
36252,16
36253,11
36253,2
36253,21
36254,11
36255,11
36255,21
36255,32
36256,11
36256,26
36256,22
36257,11
36257,2
36257,21
36258,11
36259,11
36259,31
36260,11
36260,2
36260,21
36261,11
36261,21
36261,24
36262,11
36262,15
36262,29
36263,11
36264,11
36264,16
36264,21
36265,11
36266,11
36266,32
36266,31
36267,11
36268,11
36268,21
36269,11
36269,2
36269,15
36270,11
36270,19
36271,11
36271,2
36271,26
36272,15
36272,11
36273,11
36273,15
36273,16
36274,11
36274,21
36275,11
36276,11
36276,16
36277,11
36277,22
36278,11
36278,7
36279,11
36280,11
36280,15
36280,21
36281,11
36282,11
36283,11
36283,31
36283,26
36284,11
36284,16
36284,21
36285,11
36285,16
36285,21
36286,11
36287,11
36287,16
36287,21
36288,11
36289,11
6390,21
36290,11
36291,11
36292,11
36292,2
36292,21
36293,11
36293,21
36293,32
36294,11
36294,21
36295,11
36295,22
36296,11
36297,11
36297,16
36297,21
36298,11
36299,11
36299,16
36299,21
36300,11
36300,21
36300,32
36301,11
36302,11
36303,11
36303,15
36303,21
36304,11
36304,2
36304,24
36305,11
36305,15
36305,10
36306,11
36306,2
36306,21
36307,11
36308,11
36308,2
36308,31
36309,11
36309,21
36310,11
36310,24
36311,11
36312,11
36312,16
36312,21
36313,11
36314,11
36315,11
36315,2
36315,15
36316,11
36316,22
36317,11
36318,11
36318,6
36318,21
36319,11
36320,11
36320,21
36320,29
36321,11
36322,11
36323,11
36323,15
36324,11
36325,11
36326,11
36327,11
36327,2
36328,11
36328,32
36329,11
36329,2
36329,16
36330,11
36330,15
36331,11
36331,16
36331,21
36332,11
36333,1
36333,11
36333,2
36334,11
36334,21
36334,22
36335,11
36336,11
36336,21
36336,3
36337,11
36337,19
36338,11
36338,15
36338,21
36339,11
36339,26
36340,11
36341,11
36341,21
36342,11
36343,11
36343,2
36343,21
36344,11
36344,21
36345,11
36345,2
36345,21
36346,11
36346,32
36346,3
36347,11
36347,16
36347,21
36348,11
36348,21
36349,11
36349,16
36350,11
36350,21
36350,24
36351,11
36352,11
36352,2
36353,11
36354,11
36354,22
36355,11
36355,15
36355,10
36356,11
36357,11
36357,16
36357,22
36358,11
36358,15
36359,11
36360,11
36360,16
36361,11
36361,21
36362,11
36362,15
36362,24
36363,11
36363,21
36364,11
36365,11
36365,22
36366,11
36366,15
36366,26
36367,11
36367,15
36368,11
36368,2
36368,16
36369,11
36369,16
36369,22
36370,11
20732,21
36371,11
36371,21
36371,22
36372,11
36373,11
36373,21
36373,24
36374,11
36374,24
36374,3
36375,11
36376,11
36377,11
36377,21
36378,11
36378,31
36378,26
36379,11
36379,2
36379,16
36380,11
36381,11
36381,21
36381,22
36382,11
36382,24
36382,3
36383,11
36383,15
36384,11
36385,2
36385,11
36386,11
36386,24
36387,11
36387,22
36388,11
36389,11
36389,2
36389,26
36390,11
36390,15
36390,30
36391,11
36391,2
36392,11
36392,21
36392,26
36393,11
36393,16
36393,22
36394,11
36395,11
36396,11
36396,21
36397,11
36397,32
36398,11
36399,11
36400,11
36400,26
36401,11
36402,11
36403,11
36404,11
36404,16
36404,21
36405,1
36405,11
36405,2
36406,11
36406,15
36406,26
36407,11
36407,2
36407,16
36408,11
36409,11
36410,11
36410,21
36411,11
36411,16
36411,22
36412,11
36412,15
36412,21
36413,11
36414,11
36414,2
36414,16
36415,1
36415,11
36415,2
36416,11
36416,21
36417,11
36418,11
36418,2
36418,15
36419,11
36419,27
36419,24
36420,11
36420,21
36421,11
36422,11
36422,2
36422,32
36423,11
36423,2
36423,15
36424,11
36424,26
36425,11
36425,21
26529,21
36426,11
36426,15
36426,10
36427,11
36427,2
36427,16
36428,11
36429,11
36429,7
36430,11
36430,21
36431,11
36432,11
36432,21
36433,11
36433,21
36434,11
36434,2
36434,21
36435,11
36436,11
36437,11
36438,11
36439,11
36440,11
36440,15
36441,11
36442,11
36442,21
36443,11
36443,2
36443,26
36444,11
36444,16
36444,22
36445,11
36445,24
36446,11
36446,2
36446,15
36447,11
36447,21
36448,11
36449,11
36449,21
36449,22
36450,11
36450,16
36450,21
36451,11
36452,11
36452,21
36452,22
36453,11
36453,26
36454,11
36454,16
36454,22
36455,11
2330,2
9965,14
36456,11
36456,22
36457,11
36457,16
36457,21
36458,11
36458,15
36459,11
36460,11
36460,10
36461,11
36462,11
36463,11
36464,11
36464,32
36464,26
36465,11
36466,11
36466,27
36467,11
36468,11
36469,11
36469,21
36469,7
36470,15
36470,11
36470,26
36471,11
36471,14
36472,11
36473,11
36473,21
36473,32
36474,11
36474,22
36475,11
36476,11
36476,16
36476,22
36477,11
36477,21
36478,11
36478,2
36478,15
36479,11
36479,26
36480,11
36481,11
36482,11
36483,11
36484,11
36484,21
36484,24
36485,11
36485,21
36485,19
36486,11
36487,11
36487,30
36488,11
36488,16
36488,21
36489,11
36489,16
36490,11
36491,11
36492,11
36492,2
36492,26
36493,11
36493,16
36494,11
36495,11
36495,21
36496,11
36496,22
36497,11
36497,21
36498,11
36499,1
36499,11
36499,32
36500,11
36500,16
36500,21
36501,11
36501,21
36502,11
36503,11
36503,2
36503,32
36504,11
36504,21
36504,22
36505,11
17807,2
17807,21
36506,11
36506,19
36507,11
36507,21
36508,11
36509,11
36510,11
36510,16
36510,21
36511,11
36512,11
36513,11
36513,2
36513,15
36514,11
36515,11
36515,31
36515,22
36516,11
36516,2
36516,15
36517,11
36518,11
36519,11
36520,11
36521,11
36521,22
26847,22
36522,11
36522,15
36523,11
36523,19
36524,11
36524,2
36524,24
36525,11
36525,21
36525,22
36526,11
36526,21
32127,31
36527,11
36527,15
36528,11
36528,21
36528,7
36529,11
36529,2
36529,16
36530,11
36531,11
36531,24
36531,22
36532,11
36532,2
36533,11
36533,2
36534,11
36534,2
36534,21
36535,11
36535,2
36535,21
36536,11
36537,11
36537,16
36537,21
36538,11
36538,22
36539,11
36540,11
36540,21
36541,11
36542,11
36542,21
36542,22
36543,11
36543,2
36543,16
36544,11
36544,21
36545,11
36545,31
36545,10
36546,11
36546,31
36546,26
36547,11
36547,16
36547,21
36548,11
36548,16
36549,11
36549,16
36550,11
36550,22
36551,11
36551,6
36551,15
36552,11
36552,3
36553,11
36553,22
5294,6
36554,11
36554,22
36555,11
36555,26
36556,11
36557,11
36558,11
36559,11
36560,11
36560,6
36561,11
36561,21
36562,11
36563,11
36563,15
36564,11
36564,16
36564,21
36565,11
36565,15
36566,11
36567,1
36567,11
36567,21
36568,11
36569,11
36570,11
36571,11
36571,21
36572,11
36572,31
36573,11
36574,11
36574,15
36575,11
5508,21
36576,11
36576,16
36576,21
36577,11
36577,16
36577,22
36578,11
36578,21
36579,11
36580,11
36581,11
36581,21
36582,11
36583,11
36584,11
36584,19
36585,11
36585,16
36586,11
36587,11
36587,24
36588,11
36588,2
36588,21
36589,11
36589,29
36589,32
36590,11
36591,21
36591,11
36591,16
36592,11
36592,16
36593,11
36593,19
36594,11
36595,11
36595,21
36596,11
36597,11
36598,11
36598,2
36599,11
36600,11
36601,11
36601,16
36602,11
36602,16
36602,21
36603,11
36603,24
36604,11
36604,21
36604,22
36605,11
36605,21
36605,3
36606,11
36606,29
36607,11
36608,11
36608,2
36608,16
36609,11
36609,15
36610,11
36611,11
36612,11
36612,16
36612,22
36613,11
36613,21
36613,24
36614,11
36614,14
36615,11
36616,11
36616,16
36616,21
36617,11
36617,16
36617,10
36618,11
36618,15
36619,11
36619,2
36619,24
36620,11
36621,11
36622,11
36622,26
36622,22
36623,11
36624,11
36624,2
36624,32
36625,11
36626,11
36627,11
36627,21
36628,11
36629,11
36629,22
36630,11
36631,11
36632,11
36633,11
36634,11
36635,11
36635,16
17874,16
17874,26
36636,11
36636,16
36636,22
36637,11
36638,11
36638,2
36638,16
36639,11
36639,26
36640,11
36641,11
36641,15
36641,21
36642,11
36642,32
36643,11
36644,11
36645,11
36645,21
36645,30
20609,15
36646,11
36647,11
36647,15
36647,22
36648,11
36648,15
36649,11
36649,2
12341,22
36650,11
36650,22
36651,11
36652,11
36652,2
36653,11
36653,16
36653,21
36654,11
36654,21
36654,24
36655,11
36656,11
36656,3
36657,11
36657,21
36657,22
36658,11
32854,26
32854,22
36659,11
36659,32
36660,11
36661,11
36661,32
36661,31
36662,2
36662,11
36663,11
36664,11
36665,11
36665,21
36665,26
36666,11
9322,32
36667,11
36667,16
36668,11
36668,2
36668,21
36669,11
36670,11
36670,3
31494,24
31494,3
36671,11
36672,11
36672,15
36673,11
36674,11
36675,11
36675,2
36676,11
36677,11
36677,21
36677,24
36678,11
36678,21
36678,10
36679,11
36680,11
36681,11
36681,16
36681,10
36682,11
36682,22
36683,11
36684,11
36684,16
36684,21
32558,3
36685,11
36685,16
36686,1
36686,11
36686,21
36687,11
36687,22
36688,11
36689,11
36690,11
36691,11
36692,11
36693,11
36693,2
36693,31
36694,11
36694,16
36695,11
36696,11
36696,15
36696,24
36697,11
36698,11
36698,16
36698,21
17120,21
17120,22
36699,11
36699,21
36700,11
36700,15
36700,16
36701,11
36701,19
36702,11
36702,16
36702,21
36703,11
36704,11
36704,19
36705,11
36706,11
36707,11
3936,31
36708,11
36709,11
36710,11
36710,6
36710,21
36711,11
36712,11
36712,2
36712,16
36713,11
36714,11
36715,11
36715,15
36715,14
36716,11
36716,21
36716,22
36717,11
36717,15
36717,7
36718,11
36719,11
36719,26
36719,22
36720,11
36721,11
36721,21
36721,7
36722,11
36722,2
36722,16
36723,11
36723,26
36723,22
36724,11
36725,1
36725,11
36725,2
36726,11
36727,11
36727,32
36728,11
36728,2
36728,31
36729,11
36730,11
36730,2
36730,24
6880,22
36731,11
36731,16
36732,11
36733,11
36733,21
36734,11
36734,21
36734,26
36735,11
36736,11
36736,21
36737,11
36737,2
36737,21
36738,11
36738,16
36738,21
36739,11
36740,11
36740,2
36740,22
36741,11
36742,11
36742,7
36743,11
36743,26
36744,11
36744,16
36744,21
36745,11
36745,15
36745,21
36746,11
36746,15
36747,11
36747,15
36748,11
36748,21
36748,32
36749,11
36750,11
36751,11
36751,2
36751,16
36752,11
36752,21
36752,22
36753,11
36754,11
36755,11
36755,2
36755,15
36756,11
36757,11
36757,21
36757,24
36758,11
36759,11
36759,24
36760,11
36760,16
36761,11
36761,21
36762,11
36763,11
36763,15
36764,11
36764,2
36764,22
36765,11
36765,15
36765,16
36766,11
36767,11
36768,11
3902,6
36769,11
36770,11
36771,11
36771,24
36771,21
36772,11
36773,11
36774,11
36774,19
36775,11
36776,11
36776,21
36777,11
36777,16
36778,11
36779,11
36779,32
36779,31
36780,11
36780,16
36781,11
36782,11
36783,11
36783,10
36783,22
36784,11
36785,11
36786,11
36787,11
36787,2
36788,11
36788,16
36789,11
36789,22
36790,11
3999,22
36791,11
36791,15
36791,21
36792,11
36792,15
36793,11
36793,22
36794,11
36795,11
36795,2
36795,21
36796,11
36796,16
36796,21
36797,11
36798,11
36798,26
36798,22
36799,11
36800,11
36800,16
36800,21
36801,11
36801,31
36801,22
36802,11
36802,21
36802,7
36803,11
36803,16
36804,11
36805,11
36806,11
36806,21
36806,26
36807,11
36808,11
36808,32
36809,10
36809,11
36809,22
36810,11
36810,22
36811,11
36811,26
36811,22
36812,11
36813,11
36814,11
36814,31
36814,26
36815,11
36815,15
36815,31
36816,11
36816,21
36816,30
36817,11
36818,11
36818,22
36819,11
36819,2
36820,11
36821,11
36822,11
36822,2
36822,15
36823,11
36823,15
36823,32
36824,11
36824,7
36824,19
36825,11
36825,22
36826,11
36826,2
36826,15
36827,1
36827,11
36827,32
36828,11
36829,11
36830,11
36831,11
36832,11
36832,21
36832,22
36833,11
36833,22
36834,11
36834,15
36834,16
36835,11
36835,16
36835,21
36836,11
36837,11
36838,11
36839,11
36840,11
36840,16
36841,11
36842,11
36842,2
36843,11
36843,15
36844,11
36844,22
36845,11
36845,22
36846,11
36847,11
36847,2
36847,21
36848,11
36848,15
36849,11
36849,16
36849,21
36850,11
36850,16
36850,21
36851,11
36852,11
36853,11
36853,2
36853,21
36854,21
36854,11
36855,1
36855,11
36855,2
36856,11
36856,21
36857,11
36857,15
36857,32
36858,11
36858,16
36858,21
36859,11
36860,11
36861,11
36861,2
36861,16
36862,11
36862,21
36863,11
36863,15
36863,31
36864,11
36865,11
36865,2
36866,11
36867,11
36867,2
36867,21
36868,11
36868,21
36868,22
36869,11
36870,11
36870,16
36870,22
36871,11
36871,16
36871,22
36872,11
36872,22
36872,3
36873,11
36873,21
36874,11
36874,10
36874,22
36875,11
36875,2
36875,16
36876,11
36877,11
36877,21
36877,22
36878,11
36878,2
36878,15
3706,21
3706,26
36879,11
36880,1
36880,11
36880,2
36881,11
36881,21
36882,11
36882,21
36883,11
36883,7
36883,22
36884,11
36885,11
36885,2
36885,16
36886,11
36886,15
36886,16
36887,11
36888,11
36888,16
36888,22
36889,11
36889,16
36889,21
36890,11
36890,16
36890,22
36891,1
36891,11
36891,32
36892,11
36893,11
36893,16
36894,11
36894,6
36894,16
36895,11
36896,11
36896,21
36897,11
36898,11
36898,16
36898,21
36899,11
36900,11
36900,19
36901,11
36901,21
36902,11
36902,21
36902,22
36903,11
36903,15
36904,11
36904,16
36904,21
36905,11
36905,32
36905,10
36906,11
36906,26
36907,11
36907,16
36907,30
36908,11
36909,11
36910,11
36910,16
36910,22
36911,11
36911,31
36911,26
36912,11
36912,15
36913,11
36914,11
36914,21
36915,11
36916,11
36917,11
36917,2
36917,29
36918,11
36919,11
36919,16
36919,21
36920,11
36920,2
36920,22
36921,11
36921,10
36921,26
36922,11
36922,21
36923,11
36923,16
36924,11
36924,2
36924,32
36925,11
36926,11
36926,2
36926,24
36927,11
36928,11
36928,21
36929,11
36930,11
36930,21
36930,7
36931,11
36931,15
36932,11
36933,11
36933,2
36934,11
36934,21
36934,24
36935,11
36936,11
36936,15
36936,26
36937,11
36937,32
36938,11
36938,2
36938,21
36939,11
36940,11
36940,21
36940,24
36941,11
36941,2
36941,26
36942,11
36942,2
36943,11
36943,16
36943,3
36944,11
36944,2
36944,16
36945,11
36945,2
36945,15
36946,11
36947,11
36948,11
36949,11
36950,11
36950,2
36950,16
36951,11
36951,2
36952,11
36952,21
36953,11
36953,21
36954,11
36954,15
36954,24
36955,11
36955,21
36955,24
36956,11
36956,21
36956,3
12530,21
36957,11
36957,21
36958,11
36958,22
36959,11
36960,11
36961,11
36962,11
9220,21
36963,11
36963,26
36963,3
14720,29
36964,11
36965,11
36965,19
36966,11
36966,2
36966,21
36967,11
36968,11
36969,11
36970,11
36970,26
36971,11
36971,2
36971,32
36972,11
36973,11
6595,26
36974,11
36974,21
36974,24
36975,11
36975,2
36975,29
36976,11
36977,11
36977,21
36978,11
36978,16
36978,21
36979,11
36979,15
36980,11
36981,11
36982,11
36982,26
36983,11
36984,11
36985,11
36986,11
36986,15
36986,24
36987,11
36988,11
36989,11
36990,11
36990,2
36991,11
36991,21
36992,11
36992,15
36993,11
36994,11
36995,11
36995,21
36996,11
36996,2
36996,6
36997,11
36997,15
36997,30
36998,11
36998,2
36999,11
36999,21
37000,11
37000,15
37000,21
37001,11
37002,11
37002,15
37003,11
37003,2
37003,24
37004,11
37005,11
37006,11
37006,15
37006,16
37007,11
37008,11
37009,11
37009,15
37009,16
37010,11
37010,15
37010,31
37011,11
37012,11
37012,22
37013,11
37014,2
37014,11
37015,11
37016,11
37016,15
17913,21
37017,11
37018,11
37018,21
37019,11
37019,15
37020,11
37020,21
37021,11
37021,22
37021,19
37022,11
37022,26
37023,11
37024,11
37024,26
37025,11
37025,15
37026,11
37027,11
37027,26
37027,22
37028,11
37029,1
37029,11
37029,31
37030,11
37031,11
37032,11
37032,31
37032,22
37033,11
37034,11
37034,16
37035,11
37035,16
37035,21
37036,11
37036,15
37036,21
37037,11
37037,21
37038,11
37039,11
37039,16
37039,21
37040,11
37040,26
37041,11
37041,21
37042,11
37042,15
37042,24
37043,11
37043,15
37043,21
37044,11
37044,15
37045,11
37046,11
37047,11
37048,11
37048,16
37048,22
37049,11
37049,21
7380,15
37050,11
37050,16
37050,21
37051,11
37052,11
37052,7
37053,11
37053,2
37053,32
37054,11
37054,2
37054,21
37055,11
37055,15
37056,11
37057,11
37057,16
37057,31
37058,11
37059,11
37060,11
37060,32
37061,11
37062,11
37063,11
37063,21
37063,22
37064,11
37064,3
37065,11
37065,2
37065,16
37066,11
37066,2
37066,6
37067,11
37067,21
37067,3
37068,11
37068,31
37068,22
37069,11
37069,24
37070,11
37071,11
37071,19
37072,11
37072,15
37072,16
37073,11
37074,11
37074,16
37075,11
37075,21
37076,11
37076,2
37076,32
37077,11
37077,15
37077,16
37078,11
37078,16
37078,21
37079,11
37079,21
37079,7
37080,11
37080,21
37080,10
37081,11
37081,16
37082,11
37082,2
37082,15
37083,11
37083,2
37084,11
37084,16
37085,11
37085,22
37086,11
37086,2
37086,15
37087,11
37087,2
37087,22
37088,11
37089,11
37090,11
37090,16
37090,21
37091,11
37091,22
37092,11
37092,21
37093,11
37093,21
37094,11
37095,15
37095,11
37096,11
37096,21
37097,11
37098,11
37099,11
37099,21
37099,29
37100,11
37100,2
37100,15
37101,11
37101,2
37101,26
37102,11
37103,11
37103,21
37104,11
37105,11
37105,21
37105,29
37106,11
37106,16
37106,21
37107,11
37107,27
37107,24
37108,11
37108,2
37108,10
37109,21
37109,11
37110,11
37110,21
37110,22
37111,11
17492,16
17492,22
37112,11
37113,11
37114,11
37115,11
37115,21
37116,11
37116,21
37117,11
37118,11
37118,15
37119,11
37120,11
37121,11
37121,16
37121,21
37122,11
37123,11
37124,11
37125,11
37125,16
37125,21
37126,11
37126,6
37126,7
37127,11
37128,11
37128,16
37129,11
37129,22
37130,11
37131,11
37131,16
37131,21
37132,11
37133,11
37133,2
37133,22
37134,11
37135,11
37135,16
9762,21
9762,24
37136,11
37137,11
37137,15
37137,24
37138,11
37138,2
37138,29
37139,11
37140,11
29822,21
37141,11
37141,32
37142,11
37143,11
37143,16
37143,21
37144,11
37144,16
37145,11
37145,2
37145,24
37146,11
17606,21
37147,11
37147,6
37147,21
37148,11
37148,2
37148,32
37149,11
37150,11
37150,16
37150,21
37151,11
37151,16
37152,11
37152,21
37153,11
37153,21
37153,22
37154,11
37154,31
37154,22
37155,11
37156,11
37156,16
37157,11
37157,21
37157,26
37158,11
37158,29
37158,21
37159,11
37159,15
37159,21
37160,11
37161,11
37162,11
37162,16
37162,22
37163,11
37164,11
37164,15
37165,11
37166,11
37167,11
37167,15
37167,16
37168,11
37168,21
37168,7
37169,11
37170,11
37170,26
37171,11
37172,11
37173,11
37174,11
37174,16
37174,21
37175,11
12968,31
37176,11
37176,21
37177,11
37178,11
37178,2
37178,22
37179,11
37179,21
37179,31
37180,11
37180,2
37181,11
27744,22
37182,11
37182,16
37182,21
37183,11
37183,31
37183,22
37184,11
37185,11
37186,11
37186,31
37186,22
37187,11
37187,16
37187,21
37188,11
37188,32
37188,22
37189,11
37189,32
37189,31
37190,11
37190,2
37190,15
37191,11
37192,11
37192,2
37192,26
37193,11
37193,24
37194,11
37194,29
37195,11
37195,15
37196,11
37197,11
37198,11
37198,16
37198,21
37199,11
37199,15
37200,11
37200,2
37201,11
37202,11
37203,11
37204,11
37205,11
37205,24
37206,11
37206,21
37206,32
37207,11
37207,26
37207,22
37208,11
37208,15
37208,21
37209,11
37209,2
37209,32
37210,11
12345,2
37211,11
37211,2
37211,6
37212,11
37213,11
37214,11
37215,11
37216,11
37216,21
37217,32
37217,29
37217,11
37218,11
37219,11
37219,21
37220,11
37221,11
37221,2
37221,32
37222,11
37223,11
37224,11
37224,16
37224,21
37225,11
37225,2
37225,16
37226,11
37227,11
37228,11
37229,11
37229,16
37229,21
37230,11
37230,21
37230,22
37231,11
37232,11
37232,21
37232,22
37233,11
37233,21
37233,24
37234,11
37234,2
37234,26
37235,11
37235,21
37235,19
37236,11
37237,11
37237,15
37237,16
29362,21
29362,24
37238,11
37238,32
37238,26
37239,11
37240,11
37240,21
37241,11
37242,11
37242,26
37243,11
37243,16
37243,21
37244,11
37245,11
37246,11
37247,11
37247,21
37248,11
37249,11
37249,22
37250,11
37250,31
37251,11
37251,15
37252,11
37252,16
37253,11
37254,11
37255,11
37256,11
37256,21
37256,24
8280,21
37257,11
37257,15
37257,16
37258,11
37258,16
37258,21
37259,11
37259,15
37259,30
37260,11
37260,2
37260,29
37261,11
37262,11
37263,11
37263,21
37263,24
37264,11
37264,21
37265,11
37266,11
37267,11
37268,11
37269,11
37269,21
19304,3
37270,11
37270,15
37271,11
37271,15
37271,16
37272,11
37273,11
37273,21
37274,11
37274,22
37275,11
37275,16
37276,11
37277,11
37277,15
37277,29
37278,11
37278,16
37279,11
37279,15
37280,11
37280,21
37280,22
37281,11
37281,16
37282,11
37282,2
37282,21
37283,11
37284,11
37284,2
37285,11
37285,31
37286,11
37286,15
37286,31
37287,11
37287,22
37288,11
37288,21
37289,11
37290,21
37290,11
37291,11
37292,11
37292,10
37293,11
37294,11
37294,16
37294,22
37295,11
37295,2
37295,21
37296,11
37297,11
37297,15
37297,16
37298,11
37299,11
37300,11
37300,21
37300,22
37301,11
37301,21
37301,31
37302,11
37302,15
37303,11
37303,15
37303,16
37304,11
37305,11
37305,16
6710,31
37306,11
37306,21
37307,11
37307,21
37307,3
37308,11
37308,2
37308,32
37309,11
37310,11
37310,15
37310,31
37311,11
37312,11
37313,11
37314,11
37314,16
37314,21
37315,11
37316,11
37316,2
37316,24
37317,11
37317,15
37318,11
37318,24
37319,11
37319,2
37320,11
37321,11
37322,11
37323,11
37324,11
37324,16
37324,21
37325,11
37325,2
37326,11
37326,16
37327,11
37327,21
37327,24
37328,11
37329,11
37330,11
37330,21
37331,11
37332,1
37332,11
37332,32
37333,11
37333,16
37333,21
37334,11
37335,11
37336,11
37337,11
37337,15
37337,16
37338,11
37338,2
37338,32
37339,11
37339,16
37339,21
37340,11
37340,2
37340,21
37341,11
37341,21
37342,11
37343,11
37344,11
37345,11
37346,11
37347,11
37348,11
37348,2
37348,3
37349,11
37349,2
37349,21
37350,11
37350,21
37351,11
37351,21
37351,7
37352,11
37352,21
37352,24
37353,11
37354,11
37354,16
37355,11
37356,11
8636,2
37357,11
37357,6
37357,21
37358,11
37358,16
37358,32
37359,11
37360,11
37361,11
37361,16
37362,11
37362,16
37362,21
37363,11
37363,16
37363,21
37364,11
37365,11
37366,11
37367,1
37367,11
37367,26
37368,11
37369,11
37369,2
37369,21
37370,11
37371,11
37371,16
37371,22
37372,11
37372,15
37373,11
37374,11
37374,21
37374,19
37375,11
37376,11
37376,22
37377,11
37378,11
37379,11
37380,11
37381,11
37382,11
37382,21
37383,11
37383,21
37383,7
37384,11
37385,11
37386,11
37387,11
37387,26
37388,11
37389,11
27744,16
27744,21
37390,11
37390,21
37390,22
37391,11
37392,11
37392,22
37393,11
37394,11
37395,11
37396,11
37397,11
37397,31
37398,11
37399,11
36872,21
37400,11
37400,21
37401,11
37401,15
37401,16
37402,11
37402,21
37403,11
37404,11
37404,16
37405,11
37405,16
37405,21
37406,11
37407,1
37407,11
37407,32
37408,11
37408,21
37408,22
30038,15
37409,11
37409,2
37409,7
37410,11
37411,11
37411,31
37411,22
37412,11
37413,11
37413,21
37414,11
37414,15
37414,22
37415,11
37416,11
37416,2
37416,21
37417,11
37418,11
37418,16
37419,11
37420,11
37420,21
37420,24
37421,11
37422,11
37422,6
37422,21
37423,11
37424,11
37424,2
37425,11
37426,11
37426,22
37427,11
37427,2
37427,32
37428,11
37428,21
37429,11
37429,2
37429,22
37430,11
37431,11
37431,2
37431,26
37432,11
37432,26
37432,22
37433,11
37433,21
37433,29
15164,26
37434,11
37434,15
37435,11
37435,27
37435,3
37436,11
37436,32
37437,11
37438,11
37439,11
37440,11
37441,11
37442,11
37442,16
37442,21
37443,11
37444,11
37444,21
37444,30
37445,11
37445,21
37446,11
37446,21
37446,22
37447,11
37447,16
37448,11
37449,11
37449,16
37449,21
37450,11
37450,22
37451,11
37451,2
37451,7
37452,11
37453,11
37454,11
37454,2
37454,15
37455,11
37455,15
37455,32
37456,11
37456,31
37457,11
37458,11
37458,7
37459,11
4417,2
4417,15
37460,11
37461,11
37461,21
37462,11
37462,15
37462,19
37463,11
37463,2
37463,32
37464,1
37464,11
37464,26
37465,11
37465,16
37465,22
37466,11
37466,16
37466,21
37467,11
37467,16
37467,24
37468,11
37469,11
37470,11
37470,15
37470,16
37471,11
37471,22
37472,11
37472,2
37473,11
37473,2
37473,16
37474,11
37474,21
37475,11
37475,15
37475,26
37476,11
37476,16
37477,11
37477,2
37477,26
37478,11
37479,11
37479,2
37480,15
37480,11
37481,11
37482,11
37483,11
37483,15
37484,11
37484,15
37484,16
37485,11
37485,21
37486,11
37486,21
37487,11
37488,11
37489,11
37490,11
37490,21
37490,29
37491,11
37491,2
37491,15
37492,11
37492,21
37493,11
37493,15
37493,31
37494,11
37494,21
37494,26
37495,11
37496,11
37496,32
37497,11
37498,11
37498,21
37498,30
37499,11
37499,21
37500,11
37501,11
37502,11
37503,11
37504,11
37505,24
37505,11
37506,11
37506,15
37506,31
37507,11
37507,16
37507,21
37508,11
37509,11
37509,21
37510,11
37510,15
37510,27
37511,11
37512,11
37512,2
37513,11
37513,31
37514,11
37515,11
37515,15
37515,16
37516,11
37516,2
37516,21
37517,11
37517,16
37517,21
37518,11
37518,21
37519,11
37520,11
37520,21
37520,10
37521,11
37521,15
37522,11
37523,11
37523,7
37524,11
37525,11
37526,11
37527,11
37528,11
37528,16
37529,11
37529,15
37529,21
37530,11
37530,16
37530,21
37531,11
37531,21
37531,7
37532,11
37533,11
37533,16
37534,11
37535,11
37536,11
37536,24
37537,11
37537,2
37537,3
37538,11
37538,2
37538,24
37539,11
37539,26
37540,11
37541,11
37542,15
37542,11
37543,11
37543,21
37544,11
37544,21
37544,24
37545,11
37546,11
37546,22
37547,11
37548,11
37548,21
2819,16
2819,21
37549,11
37549,21
37549,7
37550,11
37550,2
37550,21
37551,11
37551,16
37551,21
37552,11
37553,11
37553,32
37554,11
37555,14
37555,11
37555,21
37556,11
37556,24
37556,19
37557,11
37557,21
37557,31
37558,11
37559,11
37560,11
37561,11
37562,11
37562,21
37563,11
37564,11
37564,15
37565,11
37566,11
37567,11
37567,2
37568,11
37569,11
37569,15
37569,16
37570,11
37571,11
37571,2
37571,26
37572,11
37572,15
37572,16
37573,11
37574,11
37574,16
37575,11
37575,2
37575,22
37576,11
37576,21
37576,32
37577,11
37577,2
37577,15
37578,11
37578,16
37579,11
37580,11
37581,11
37581,2
37581,29
37582,11
37582,24
37582,22
37583,11
37583,21
37584,11
37584,15
37584,31
37585,11
37585,31
37586,11
37587,11
37587,2
37588,11
37589,11
37590,11
37590,16
37591,16
37591,11
37591,21
37592,11
37592,15
37593,11
37593,22
37594,11
37595,11
37596,11
37596,30
37597,11
37598,11
7380,14
37599,11
37600,11
37600,16
37600,21
37601,11
37602,11
37602,15
37602,24
37603,11
37604,11
37605,11
37605,26
37605,22
37606,11
37607,11
34312,15
34312,21
37608,11
37608,24
37608,3
37609,11
37610,11
37610,21
37611,11
37612,11
37613,11
37613,2
37613,32
37614,11
37615,11
31322,32
31322,31
37616,11
37617,11
37617,2
37618,11
37618,16
37618,21
37619,11
37619,21
37620,11
37621,11
37622,11
37623,11
37623,32
37623,31
37624,11
37624,22
37625,11
37625,21
37626,11
37626,2
37626,15
37627,11
37627,2
37627,32
37628,11
37629,11
37629,15
37630,11
37630,15
37630,32
37631,11
37632,11
37632,16
37633,11
28937,21
37634,11
37634,21
37635,11
37635,15
37636,11
37637,11
37638,11
37638,16
37639,11
37639,21
37639,19
37640,11
37640,2
37640,15
37641,11
37641,16
37641,21
37642,11
37642,21
37643,11
37644,11
37644,22
37645,11
37645,22
37646,11
37646,21
37647,11
37648,11
37648,2
37648,15
37649,11
37649,22
37650,11
37651,11
37652,11
37653,11
37653,21
37654,11
37654,2
37654,21
37655,11
37656,11
37657,11
37658,11
37659,11
37660,11
37660,15
37660,31
37661,11
37661,31
37661,22
37662,11
32648,16
32648,21
37663,11
37663,3
37664,11
37664,15
37664,16
37665,11
37665,16
37665,22
37666,11
37666,21
37667,11
37667,32
37667,10
37668,11
37669,11
37669,24
37669,3
37670,11
37671,11
37672,11
37673,11
37674,11
37674,26
37674,22
37675,11
37676,11
37676,16
37676,21
37677,11
37677,16
37678,11
37678,16
37679,11
37679,29
37679,32
37680,11
37681,11
37682,11
37683,11
37684,11
37684,2
37684,16
37685,11
37686,11
37687,11
37687,15
37688,11
37688,2
37688,16
37689,11
37689,15
37690,11
37691,11
37691,21
37691,26
37692,11
37692,26
37693,11
37693,2
37694,11
37694,22
37695,11
37695,21
37696,11
37697,11
37698,11
37698,16
37699,11
37699,16
37700,11
37700,21
37700,22
37701,11
37702,11
37703,11
37704,11
37704,15
37705,11
37706,11
37706,21
37706,26
37707,11
37707,21
37708,11
37709,11
37710,1
37710,11
37710,21
37711,11
37711,15
37712,11
37712,16
37713,11
37713,21
37713,29
37714,11
37715,11
37715,15
37715,16
37716,11
37716,15
37716,10
37717,11
37718,11
37718,16
37719,11
37720,11
37721,11
37722,11
37722,15
37722,26
37723,11
37723,22
37724,11
37725,11
37725,15
37726,11
37726,2
37726,3
37727,11
37728,11
37729,11
37729,21
37729,7
37730,11
35951,21
37731,11
37731,21
37732,11
37733,11
37733,2
37733,21
37734,11
37734,16
37735,11
37735,32
37735,31
37736,11
37736,21
37736,7
37737,11
37737,21
37738,11
37738,21
37739,11
37740,11
37740,22
37741,11
37741,26
37742,1
37742,11
37742,32
37743,11
37744,11
37744,2
37744,3
37745,11
37746,11
37746,16
37747,11
37747,32
37747,26
37748,11
37749,11
37750,11
37751,11
37751,21
37752,11
37752,16
37752,22
37753,11
37753,2
37754,11
37755,11
37756,11
37757,11
37757,26
37758,11
37758,2
37758,32
37759,11
37760,11
37761,11
37761,21
37761,22
37762,11
37762,2
37762,21
37763,11
37764,11
37764,2
37764,15
37765,11
37766,11
37766,21
37766,30
37767,11
37767,21
37768,11
37768,16
37768,21
37769,11
37770,11
37771,11
37772,11
37773,11
37773,15
37774,11
37774,15
37774,24
37775,11
37776,11
37776,2
37776,15
37777,11
37777,15
37777,21
37778,11
37779,11
37779,21
37779,24
37780,11
37780,15
37781,11
37781,21
37782,11
37782,16
37782,21
37783,11
37784,11
37784,31
37785,11
37785,22
37786,11
37787,11
37788,11
37788,21
37789,11
37789,2
37789,3
37790,11
37790,16
37790,21
37791,11
37791,16
37791,21
37792,11
2547,31
37793,11
37793,21
37794,11
37795,11
37796,11
37797,11
37797,21
37797,32
10011,2
10011,32
37798,11
37798,22
37799,11
37800,11
37800,21
37801,11
12453,2
12453,7
37802,1
37802,11
37802,32
37803,11
37804,11
37805,11
37805,16
37806,11
37807,11
37808,11
37808,21
37808,29
37809,11
37810,11
37810,10
37810,24
37811,11
37812,11
37812,26
37812,22
37813,11
37814,11
37815,11
37816,11
37816,15
37817,11
37818,11
37818,16
37818,22
37819,11
37819,2
37819,21
37820,11
37821,11
37821,2
37821,32
37822,11
37822,22
37823,11
37823,2
37824,11
37824,2
37824,10
37825,11
37826,11
37827,11
37827,24
37828,11
37829,11
37829,21
37829,19
37830,11
37831,11
37831,21
37831,24
37832,11
37833,11
37833,22
37834,11
37835,11
37836,11
37836,22
37837,11
37837,2
37837,15
37838,11
37838,21
37838,22
37839,11
37840,11
37840,14
37841,11
37841,21
37842,11
37842,2
37842,24
37843,11
37844,11
37844,15
37845,11
37845,2
37845,24
37846,11
37846,16
37847,11
37847,16
37848,11
37849,11
37849,3
37850,11
37851,11
37851,21
37852,11
37852,24
37853,11
37853,2
37853,15
37854,11
37855,11
37855,16
37856,11
37857,11
37858,11
37859,11
37860,11
37860,22
37861,11
37862,11
37862,32
37862,22
37863,11
37863,16
37864,11
37865,11
37865,26
37866,11
37867,11
37868,11
37868,21
37868,24
37869,11
37870,21
37870,11
37871,11
37871,15
37871,31
37872,11
37873,11
37873,21
37874,11
37875,11
37875,2
37875,21
37876,11
37876,2
37876,22
37877,11
37877,24
37878,11
37878,16
37878,21
37879,11
37879,2
37880,11
37880,16
37881,11
37882,11
37883,11
37884,11
37884,15
37884,16
37885,11
37885,15
37885,21
37886,11
37887,11
37887,21
37888,11
37888,15
37888,30
37889,11
37890,11
37891,11
37892,11
37892,21
37892,27
37893,11
37894,11
37894,15
37894,22
37895,11
37895,21
37895,24
37896,11
37896,2
37896,10
37897,11
37897,2
37897,10
37898,11
37898,21
37899,11
37899,2
37900,11
37901,11
37902,11
37903,11
37904,11
37905,11
37906,11
37907,11
37907,2
37908,11
37908,2
37908,21
37909,11
37909,21
37909,26
37910,11
37911,11
37911,15
37911,31
37912,11
37913,11
37913,21
37913,27
37914,11
37914,16
37914,22
37915,11
37915,21
37915,22
37916,11
37916,15
37917,2
37917,11
37918,11
37919,11
37920,11
37921,11
37921,2
37921,16
37922,11
37922,15
37922,21
37923,11
37923,2
31498,21
31498,24
37924,11
37924,24
37925,11
37926,11
37926,2
37926,32
37927,11
37928,11
37928,22
37929,11
37930,11
37930,16
37930,21
37931,11
37931,21
37931,32
37932,11
37932,16
37933,11
37933,15
37933,16
37934,11
37934,21
37934,22
37935,11
37935,24
37936,11
37937,11
37937,16
37937,21
37938,11
37938,31
37938,27
37939,11
37939,2
37940,11
37941,11
37942,11
37943,11
37944,11
37944,16
37944,21
37945,11
37946,11
37946,21
37947,11
37947,6
37947,21
13142,2
13142,26
37948,11
37948,6
19630,16
37949,11
37949,21
37949,31
37950,11
37951,11
37951,26
37952,11
37952,32
37952,22
37953,11
37953,24
37954,11
16585,16
37955,11
37955,21
37956,11
37956,16
37957,11
37958,11
37958,16
37958,22
37959,11
37960,11
37960,21
37961,11
37962,11
37962,2
37963,11
37963,21
37964,11
37964,15
37964,31
37965,11
37966,11
37967,11
37967,15
37967,26
37968,11
37968,15
37968,16
37969,11
37970,11
37970,21
37971,11
37971,16
37971,21
37972,11
37972,16
37972,21
37973,11
37974,11
37974,21
37975,11
37975,15
37975,21
37976,11
37977,11
37978,11
37979,11
37980,11
37980,15
37980,16
37981,11
37981,26
37981,22
37982,11
37983,11
37983,15
37983,16
37984,11
37984,24
37984,22
37985,11
37985,2
37985,21
37986,11
37987,11
37987,15
37988,11
37989,11
37990,11
37990,21
37991,11
37991,15
37991,24
20403,2
18239,21
18239,31
37992,11
37993,11
37993,22
37993,19
37994,11
37994,16
37994,21
37995,11
37996,11
37996,16
37996,21
37997,11
37998,11
37998,21
37999,11
38000,11
38001,11
38002,11
38002,16
38003,11
38004,11
38004,15
38004,26
38005,11
38006,11
38007,11
38008,11
38009,11
38010,11
38010,2
38010,7
38011,11
38011,21
38011,7
38012,11
38012,16
38012,21
38013,11
38014,11
38015,11
38015,16
38015,21
38016,11
38016,16
38016,21
38017,11
38017,2
38017,15
38018,11
38018,2
38018,15
38019,11
38020,11
38020,16
38020,21
38021,11
38021,2
38021,21
38022,11
38022,21
38023,11
38024,11
38024,21
38025,11
38025,15
38026,11
38026,2
38026,31
38027,11
38028,11
38028,16
38028,27
38029,11
38029,21
38030,11
38030,10
38030,24
38031,11
38032,11
38033,11
38033,10
38033,3
38034,11
38034,15
38034,10
38035,1
38035,11
38035,2
38036,11
38036,22
38037,11
38037,21
38038,11
38038,16
38038,22
38039,11
38039,15
38039,14
38040,11
38040,16
38040,21
38041,11
38041,19
38042,11
38043,11
3494,22
38044,11
38044,21
38045,11
38045,15
38045,24
38046,11
38046,21
38046,7
38047,11
38047,2
38048,11
38048,21
38049,11
38049,21
38049,22
38050,11
38050,21
38051,11
38051,19
38052,11
38052,15
38052,16
38053,11
38053,21
38054,11
38055,11
38055,16
38055,22
38056,11
38057,11
38058,11
38059,11
38060,21
38060,11
38061,11
38062,11
38062,21
38062,31
38063,11
38064,11
38064,21
38065,11
38065,2
38066,11
38066,2
38067,11
38068,11
38068,2
38068,21
38069,11
38070,11
38071,11
38072,11
38072,21
38073,11
38074,11
38075,11
38076,11
38076,2
38076,14
38077,11
38077,21
38078,1
38078,11
38078,2
38079,11
38079,15
38079,24
38080,11
38080,21
38081,11
38081,31
38081,22
38082,11
38083,11
38083,21
38084,11
38084,16
38084,21
38085,11
38085,2
38085,15
38086,11
38086,16
38086,21
38087,11
38087,16
38088,11
38088,21
38089,11
38089,2
38089,32
38090,11
38091,11
38091,15
38092,11
38092,22
38093,11
38093,21
38094,11
38094,6
38094,21
38095,11
38095,21
38096,11
38096,32
38096,7
17897,21
38097,11
38097,2
38097,15
38098,11
38098,21
38098,22
38099,11
38099,21
38100,11
38100,24
38101,11
38102,11
38102,21
38103,11
38103,2
38103,15
38104,11
38105,11
38106,11
38107,11
38107,22
38108,11
38108,21
38108,22
38109,11
38109,24
38109,22
38110,11
38110,15
38110,19
38111,11
38112,11
38112,2
38113,11
38114,11
38114,31
38114,22
38115,11
38116,11
38116,26
38116,22
38117,11
38118,11
38119,11
38120,11
38120,21
38120,29
38121,11
38122,11
38123,11
38123,16
38123,22
38124,11
38124,15
38124,21
38125,11
38125,7
38126,11
38126,16
38127,11
38127,21
38128,11
38128,2
38128,16
38129,11
38130,11
38131,11
38132,11
38133,11
38134,11
38135,11
38136,11
38136,2
38137,11
30938,15
30938,21
38138,11
38138,16
38138,21
38139,11
38140,11
38141,11
38141,26
38142,11
38143,11
38143,21
38144,11
38144,22
38145,11
38146,11
38147,11
38148,11
38149,11
38149,2
38149,26
38150,11
38150,16
38150,21
38151,11
38151,2
38151,16
38152,11
38153,11
38154,11
38155,11
38156,11
38156,16
38157,11
38157,16
38158,11
38158,16
38159,11
38160,11
38160,16
38161,11
38161,2
38161,21
38162,11
38162,21
38162,22
38163,11
38164,11
38164,2
38164,32
38165,11
38165,22
38166,11
38166,15
38167,11
38167,2
38167,26
38168,11
38169,11
38169,15
38170,11
38170,27
38170,3
32432,15
32432,31
38171,11
38171,2
38171,29
38172,11
38173,11
38173,15
38173,16
13242,21
38174,11
38174,22
38175,11
38175,21
38176,11
38176,21
38176,32
38177,11
38178,11
38179,11
38179,2
38179,16
38180,11
38181,11
38182,11
38183,11
38183,15
38184,11
38184,2
38184,26
38185,11
38185,2
38186,11
38186,16
38187,11
38187,29
38187,32
38188,11
38188,21
38189,11
38189,16
38189,21
38190,11
38191,11
38191,15
38191,27
38192,11
38193,11
38193,21
38194,11
38195,11
38196,11
38197,11
38198,11
38199,11
38200,11
38200,26
38201,11
38201,15
38201,16
38202,11
38202,24
38202,22
38203,11
38204,11
38204,15
38204,19
38205,11
38206,11
38206,16
38207,11
38207,31
38208,11
38208,2
38208,21
38209,11
38209,21
38210,11
38211,11
23519,22
38212,11
38213,11
38213,2
38214,11
38215,11
38216,11
38217,11
38217,21
38217,22
38218,11
38219,11
38219,21
38219,24
38220,11
38220,21
38220,22
38221,11
38221,2
38222,11
38222,21
38222,14
38223,11
38224,2
38224,11
38225,11
38226,11
38226,6
38227,11
38227,2
38227,21
38228,11
38228,15
38229,11
38230,11
38230,27
38230,3
38231,11
38232,11
38233,11
38234,11
38234,16
38235,11
38236,11
38236,21
38236,29
38237,11
38238,11
38239,11
38239,15
38239,31
38240,11
38241,11
38241,16
38241,21
38242,11
38242,21
38242,24
38243,1
38243,11
38243,2
38244,11
38245,11
38246,11
38246,21
38247,11
38248,11
21234,16
38249,11
38250,11
38251,11
38252,11
38252,2
38252,24
38253,11
38254,11
38254,21
38255,11
38255,16
38255,21
38256,11
38256,19
38257,11
38257,16
38257,21
38258,11
38258,16
38258,21
38259,11
38260,11
38260,15
38261,11
38261,21
38262,11
38262,15
38262,21
38263,11
38263,19
38264,11
38264,21
38264,29
38265,11
38265,21
38265,19
38266,11
38266,2
38266,15
38267,11
38267,21
38267,24
38268,11
38269,11
38270,11
38271,11
38271,16
38271,21
38272,11
38273,11
38273,2
38273,32
38274,11
38275,11
38275,16
38276,11
38277,11
38277,16
38277,21
38278,11
38278,15
38278,21
38279,11
38279,2
38279,24
38280,11
38280,22
38281,11
38282,11
38282,21
38282,19
12137,22
38283,11
38284,11
38284,2
38284,24
38285,11
38285,21
38285,29
38286,21
38286,11
38287,11
38288,11
38288,21
38289,11
38289,22
38290,11
38290,21
38291,11
38292,11
38292,10
38293,11
38294,11
38294,16
38294,21
38295,11
38295,15
38296,11
38297,11
38297,16
38298,11
38298,16
38299,11
38300,11
38300,31
38301,11
38302,11
38303,11
38304,11
38305,11
38305,26
38305,22
38306,11
38306,21
38306,27
38307,11
38308,11
38308,2
38308,26
38309,11
38309,2
38309,15
38310,11
38310,15
38310,21
38311,11
38312,11
38312,26
38313,11
38314,11
38314,21
38314,24
38315,11
38316,11
38316,31
38316,10
38317,11
38317,22
38318,11
38318,21
38319,11
38320,11
38320,2
38320,29
38321,11
38321,16
38322,11
38322,22
38323,11
38323,16
38324,11
38325,11
38325,21
38326,11
38326,15
38326,21
38327,11
38327,15
38328,15
38328,11
31371,24
31371,22
38329,11
38329,15
38330,11
38330,2
38330,32
38331,11
38331,21
38332,11
38332,2
38332,16
38333,11
38334,11
38335,11
38336,11
38337,11
38337,21
38337,27
38338,11
38338,15
38339,11
38340,11
38340,2
38340,21
38341,11
38341,22
38342,11
38342,21
38342,10
38343,11
38343,21
38343,22
9738,21
9738,27
38344,11
38345,11
38346,11
38347,11
38348,11
38348,15
38348,32
38349,11
38350,11
38351,11
38351,21
38351,19
38352,11
38353,11
38353,21
38353,24
38354,11
38354,16
38354,21
38355,11
38356,11
38357,11
38357,24
38357,22
17290,31
17290,22
38358,11
38359,11
38359,15
38360,11
38360,24
38360,3
38361,11
38361,2
38361,7
38362,1
38362,11
38362,26
38363,11
38363,16
38363,31
38364,22
38364,11
38365,11
38366,11
38366,22
38367,11
38367,2
38367,16
38368,11
38368,19
38369,11
38370,11
38370,2
38370,21
38371,11
38372,11
38373,11
38374,11
38374,2
38374,15
38375,11
38375,21
38375,19
38376,11
38376,15
38376,16
38377,11
38377,21
38378,11
38379,11
38380,11
38380,19
38381,11
38382,11
38382,22
38383,11
38383,21
38383,19
38384,11
38384,21
38385,11
38385,19
38386,11
38387,11
38387,16
38388,11
38389,11
38390,11
38390,15
38390,21
38391,11
38391,16
38392,11
38392,16
38393,11
38394,11
38395,11
38396,11
38396,21
38396,32
38397,11
38397,15
38397,21
38398,11
38398,16
38398,21
1492,11
1492,22
38399,11
38399,21
38399,22
38400,11
38400,2
38400,16
38401,11
38402,11
38402,15
38402,29
38403,11
38403,16
38403,21
38404,11
38404,22
38405,11
38406,11
38406,15
38407,11
38407,15
38407,24
38408,11
38409,11
38410,11
38411,11
38411,2
38411,21
38412,11
38412,21
38412,22
38413,11
38413,16
38414,11
38415,11
38415,16
38416,11
38417,11
38418,11
38418,21
38419,11
38419,21
38419,22
38420,11
38420,19
38421,11
38421,16
38422,11
38422,21
38423,11
38423,21
38424,11
38425,11
38426,11
38427,11
38427,2
38428,11
38429,11
38430,11
38430,2
38431,11
38431,21
38432,11
38433,11
38433,21
38433,29
38434,26
38434,29
38434,11
38435,11
38436,11
38437,11
38438,11
38438,2
38438,32
38439,11
38439,21
38440,11
38441,11
38442,11
38443,11
38443,2
38443,3
38444,11
38445,11
38446,11
38446,16
38446,21
38447,11
38447,21
38448,11
38449,11
38450,11
38450,21
38450,7
38451,11
38451,15
38451,16
38452,11
38453,11
38453,2
38453,32
38454,11
38455,11
38455,21
38456,11
38457,11
38458,11
38458,2
38458,26
38459,11
38459,3
38460,11
38460,32
38460,7
38461,11
38462,11
38463,11
38463,31
38464,11
38465,11
38465,21
38465,22
38466,11
38466,16
38466,22
38467,11
38467,21
38467,19
38468,11
38468,15
38468,10
38469,11
38470,21
38470,11
38471,11
38472,11
38473,11
38473,15
38474,11
38474,15
38474,31
38475,11
38475,16
38476,11
38476,16
38476,10
38477,11
38477,22
9519,2
38478,11
38479,11
38479,26
38480,11
38480,6
38480,21
38481,11
38482,11
38483,11
38483,15
38483,26
38484,11
38484,2
38484,26
38485,11
38485,15
38486,21
38486,11
38486,16
38487,11
38487,21
38488,11
38488,21
38488,31
38489,11
38489,15
38489,21
38490,11
38490,21
38491,11
38492,11
38492,26
38493,11
38493,21
38494,1
38494,11
38494,26
38495,11
38495,15
38495,21
38496,11
38497,11
38498,11
38498,21
38499,11
38500,11
38500,21
38501,11
38502,11
38502,2
38502,21
38503,11
38503,21
38503,30
38504,11
38505,11
38505,16
38506,11
38506,32
38507,11
38507,2
38507,21
26513,15
38508,11
38508,22
38509,11
38509,16
38509,10
38510,11
38510,16
38510,26
38511,11
38511,16
38512,11
38512,19
38513,11
38513,2
38514,11
38515,11
38515,21
38516,11
38516,21
38517,11
38517,16
38518,11
38518,19
38519,11
38519,16
38520,11
38520,31
38521,11
38521,21
38522,11
38523,11
38523,10
38523,24
38524,11
38525,11
38525,2
38525,16
38526,11
38527,11
38527,16
38527,31
38528,11
38528,21
38528,24
38529,11
38529,16
38530,11
38531,11
38531,21
38532,11
38533,11
38534,11
38534,16
38534,21
38535,11
38536,11
38536,21
38537,11
38537,15
38537,21
38538,11
38538,2
38538,10
38539,11
38539,2
38539,7
38540,11
38541,11
38541,21
38542,11
38542,15
38543,11
38544,11
38544,22
38545,11
38545,16
38545,21
38546,15
38546,11
38547,11
38547,21
38548,11
38549,11
38549,21
38550,11
38550,15
38550,16
38551,11
38551,2
38551,15
38552,11
38552,2
38552,15
38553,11
38553,2
38553,21
38554,11
38554,16
38554,21
38555,11
38555,15
9783,21
38556,11
38556,16
38556,21
38557,11
38557,22
38558,11
38559,11
38560,11
38560,16
38561,11
38562,11
38563,11
38564,11
38564,21
38564,24
38565,11
38565,2
38566,11
38566,2
38566,24
38567,11
38567,16
38568,11
38568,16
38569,11
38569,21
8675,2
38570,11
38570,16
38570,21
38571,11
38572,11
38572,16
38572,21
38573,11
38574,11
38574,21
38574,32
38575,11
38575,16
38575,21
38576,11
38576,3
38577,11
38577,2
38577,16
38578,11
38579,11
38580,11
38581,11
38581,32
38581,26
38582,11
38582,24
38583,11
38583,2
38584,1
38584,11
38584,16
38585,11
38585,24
38586,11
38586,16
38586,22
8023,15
38587,11
38587,15
38588,11
38588,2
38588,16
38589,11
38589,27
38589,24
38590,11
38590,26
38591,11
38591,29
38592,11
38592,22
38593,11
38594,11
38595,11
38595,21
38595,22
38596,11
38597,11
34169,21
34169,15
38598,11
38599,11
38599,15
38600,11
38600,2
38601,11
38601,16
38601,21
38602,11
38603,11
38604,11
38604,15
38604,21
38605,11
38606,11
38606,21
38607,11
38607,21
38608,11
38608,15
38608,22
38609,11
38609,21
38610,11
38611,11
38611,15
38611,24
38612,11
38612,30
38612,22
38613,11
38613,21
38614,11
38614,21
38615,11
38616,11
38616,24
38616,3
38617,11
38618,11
38618,32
38618,31
38619,11
38619,16
38620,11
38620,26
38620,22
38621,11
38621,15
38622,11
38623,11
38623,21
38624,11
38625,11
38625,21
38626,11
36704,16
16421,22
16421,3
38627,15
38627,11
38627,2
38628,11
38628,32
38629,11
38629,15
38630,11
38630,6
38630,16
38631,11
38632,11
38633,11
38634,11
38634,21
38635,11
38636,11
38636,21
38637,11
38637,6
38637,21
38638,11
38638,22
38639,11
38639,16
38640,11
38641,11
38642,11
38643,11
38643,22
38644,11
38644,22
38645,11
38646,11
38646,21
38646,31
38647,11
38647,24
38647,3
38648,11
38648,26
38648,22
38649,11
3716,16
38650,11
38650,16
38651,11
38651,2
38651,21
38652,11
38652,15
38652,24
38653,11
38032,21
38032,31
38654,11
38654,16
38654,21
38655,11
38656,11
38657,11
38657,2
38657,16
25329,21
25329,16
38658,11
38659,11
38659,15
38659,16
38660,11
38661,11
38661,2
38662,11
38662,2
38662,16
38663,11
38663,16
38663,10
38664,1
38664,11
38664,2
38665,11
38666,11
38666,16
38666,21
38667,11
38667,15
38668,11
38669,11
38670,1
38670,11
38671,11
38671,21
38672,11
38673,11
38673,15
38673,10
38674,11
38675,11
38675,21
38676,11
38676,15
38677,11
38678,11
38678,16
38678,21
38679,1
38679,11
38680,11
38680,15
38681,11
38681,32
38681,31
38682,11
38683,11
38684,11
38684,2
38684,21
38685,11
38685,21
38685,3
38686,11
38686,21
38687,11
38688,11
38688,2
38688,32
38689,11
38689,2
38689,22
38690,11
38691,11
38691,21
38691,32
38692,11
16536,24
16536,22
38693,11
38693,21
38694,11
38694,21
38694,24
38695,11
38695,2
38695,32
38696,11
38696,15
38696,16
10761,24
38697,2
38697,11
38698,1
38698,11
38698,2
38699,11
38699,31
38699,26
38700,11
38700,15
38701,11
38701,21
38702,11
38703,11
38703,2
38703,32
38704,11
38704,21
38704,30
38705,11
38705,32
38705,31
38706,11
38706,2
38707,11
38707,16
38707,21
38708,11
38709,11
38710,11
38711,11
38712,11
38712,15
38713,11
38714,11
38714,16
38714,21
38715,11
38716,11
38716,2
38717,11
38718,11
38718,2
38719,11
38719,21
38719,3
38720,11
38720,22
38721,11
38722,11
38722,22
38722,3
38723,11
38724,11
38725,11
38725,16
38725,24
38726,11
38726,15
38727,11
38727,22
38728,11
38728,2
38728,21
38729,11
38729,16
38729,21
38730,11
38731,11
38732,11
38732,2
38732,7
38733,11
38734,11
38734,29
38734,32
38735,11
38736,11
38736,16
38736,21
38737,11
38737,2
38738,11
38738,2
38739,11
38740,11
38741,11
38741,24
38741,19
38742,11
38743,11
38744,11
38744,26
38744,22
38745,11
38746,11
38746,21
20068,10
38747,11
38747,21
38748,11
38748,21
38749,11
38750,11
38751,11
38752,11
38752,2
38753,11
38753,16
38753,21
38754,11
38754,21
14397,15
14397,21
38755,11
38755,21
38755,22
38756,11
38757,11
38758,11
38758,21
38759,11
38760,11
38761,11
38762,11
38763,11
38764,11
38764,16
38764,21
38765,11
38765,21
38766,11
38767,11
38768,11
38768,15
38768,16
38769,11
38769,2
38769,24
38770,21
38770,11
38771,11
38771,21
38772,11
38772,2
38772,16
38773,11
38774,11
38774,21
38774,7
38775,11
38775,21
38776,11
38777,11
38777,16
38777,21
6684,2
38778,11
38778,15
38779,11
38779,2
38779,21
38780,11
38781,11
38782,11
38783,11
38783,21
38784,11
38784,3
38785,11
38785,15
38785,3
38786,11
38787,11
38787,2
38787,22
38788,11
38788,21
38788,24
38789,11
38789,14
38790,11
38790,2
38790,31
38791,11
38791,15
38791,21
1586,7
1586,19
38792,11
38792,2
38792,32
38793,11
38794,11
38794,2
38794,21
38795,11
38795,16
38796,11
38796,31
38796,26
38797,11
38798,11
38798,21
38799,11
38799,2
38800,11
38801,11
38801,2
38801,21
38802,11
38802,21
38802,7
38803,11
38803,16
38803,21
38804,11
38804,15
38804,16
38805,11
38806,11
38806,21
38806,19
38807,11
38808,11
38808,6
38808,21
38809,11
38809,15
38809,29
38810,11
38811,11
38811,16
38811,21
38812,11
38812,21
38812,3
38813,11
38813,19
38814,11
38815,11
38815,2
38815,19
38816,11
38817,11
38818,21
38818,11
38818,22
38819,11
38819,15
38820,11
38820,16
38821,11
38822,11
38822,21
38822,10
38823,11
38823,21
38824,21
38824,11
38825,11
38826,11
38827,11
38827,29
38827,26
38828,11
38829,11
38830,11
38830,19
38831,11
38831,16
38832,11
38833,11
38833,21
38834,11
38835,11
38836,11
38837,11
38838,2
38838,11
38839,11
38839,15
5392,21
4601,31
38840,1
38840,11
38840,32
38841,11
38841,2
38841,15
38842,11
38842,31
38843,11
38843,21
38843,32
38844,11
38844,21
38845,11
38845,15
38846,11
38847,11
38848,11
38848,2
38849,11
38849,2
38849,21
38850,11
38850,24
38851,11
38851,32
38852,11
38852,15
38852,21
38853,11
38854,11
38855,11
38856,11
38856,26
38857,11
38857,2
38857,15
38858,11
38859,11
38859,15
38859,3
38860,11
38860,21
38860,7
38861,11
38861,21
38862,11
38862,21
38862,7
38863,11
38864,11
38865,11
38866,11
38866,15
38866,24
7890,16
7890,21
38867,11
38867,2
38868,11
38868,15
38868,16
38869,11
38870,11
38871,11
38871,16
38871,21
5706,31
34277,24
38872,11
38872,2
38872,21
38873,11
38873,21
38873,31
38874,11
38874,21
38875,11
38876,11
38876,15
38876,21
38877,11
38878,11
38879,11
38879,2
38879,21
38880,11
38880,21
38881,11
38881,21
38882,11
38882,21
38883,11
38884,11
38885,11
38885,2
38886,11
38886,24
38887,11
38888,11
38889,11
38889,2
38889,15
38890,11
38891,11
38891,16
38891,22
38892,11
38892,21
38893,11
38893,2
38893,21
9909,21
9909,29
38894,11
38895,11
38896,11
38897,11
38897,30
38898,11
38898,2
38899,11
38900,11
38901,11
38901,15
38902,11
38902,21
38903,11
38903,24
38904,11
38904,21
38904,31
38905,11
38905,22
38906,11
38906,15
38906,16
38907,11
38907,21
38907,14
38908,11
38908,2
38908,32
38909,11
38910,11
38911,11
38911,16
38911,21
38912,11
38912,21
38912,24
38913,11
38914,11
38914,2
38914,21
38915,11
38915,32
38915,24
38916,11
38916,2
38917,11
38918,11
38918,16
38918,21
38919,2
38919,21
38919,11
38920,11
38920,2
38920,15
38921,11
38922,11
38923,11
38924,11
38924,21
38925,11
38925,16
38925,22
38926,11
38926,2
38927,11
38927,16
38928,11
38929,11
38930,11
38930,15
38930,21
38931,11
38932,11
38932,22
38933,11
38933,16
38934,11
38935,11
38935,22
38936,11
38936,2
38937,11
38938,11
38939,11
38940,11
38941,11
38941,15
38941,29
38942,11
38942,22
38943,11
38944,11
38944,2
38944,29
38945,11
38946,11
38947,11
38948,11
38948,32
38949,11
38949,15
38950,11
38951,11
38952,11
38953,11
38954,11
38954,16
38954,21
38955,11
38956,11
38957,11
38958,11
38958,15
38958,21
38959,11
38959,2
38959,15
38960,11
38961,11
38961,21
38961,24
38962,11
38962,21
38963,11
38963,32
38963,26
38964,11
38965,11
38965,16
38966,11
38967,11
38967,21
38968,11
38968,2
38968,21
38969,11
38969,16
38970,11
38971,11
38972,11
38972,16
38972,21
38973,11
38973,16
38973,21
38974,11
38974,24
38974,22
38975,11
38976,11
38977,11
38977,2
38978,11
38978,21
38979,11
38980,11
38980,2
38980,16
38981,11
38981,15
38981,29
38982,11
38983,11
38983,2
38984,11
38984,15
38984,26
38985,11
38985,21
38986,11
38986,31
38987,11
38987,2
38988,11
38988,21
38988,24
38989,11
38989,16
38989,22
38990,11
38990,16
38991,11
38992,11
38993,11
38993,21
38993,19
38994,11
38994,21
38995,11
38996,11
38996,21
38997,11
38998,11
38999,11
39000,11
39000,16
39000,21
39001,11
39002,11
39002,16
39003,11
39003,16
39003,21
39004,11
39005,11
39006,11
39007,11
39007,2
39007,10
39008,11
39009,11
39010,11
39010,22
39011,11
39011,22
39012,11
39013,11
39013,16
39014,11
39014,21
39015,1
39015,11
39015,15
39016,11
39016,2
39016,21
39017,11
39017,7
39018,11
39019,11
39020,11
39020,21
39020,26
39021,11
39022,11
39022,15
39023,11
39024,11
39024,16
39024,21
39025,11
5180,24
39026,11
39026,26
39026,22
39027,11
36907,21
39028,11
39029,11
39029,21
39030,11
39031,11
39031,16
39032,11
39033,11
39033,21
39034,11
39035,11
39036,11
39037,11
39037,21
39038,11
39038,2
39038,26
39039,11
39039,22
39040,11
39041,11
39041,16
39042,11
39042,32
39043,11
39044,11
39044,21
39045,11
39045,26
39046,11
39046,16
39046,22
39047,11
39047,21
39047,7
39048,11
39048,15
39048,21
39049,11
39049,32
39049,24
39050,11
39050,2
39050,15
39051,11
39051,26
39052,11
39053,11
39053,16
39053,21
39054,11
39055,11
39055,2
39056,11
39057,11
39058,11
39058,22
27557,2
27557,21
39059,11
39059,15
39059,30
39060,11
39060,22
39061,11
39061,2
39061,15
39062,11
39062,10
39063,11
39063,15
39063,21
39064,11
39064,2
39064,32
39065,11
39065,21
39065,24
39066,11
39067,11
39068,11
39068,21
39068,29
39069,11
39069,21
39069,19
39070,11
39070,16
39070,22
39071,11
39071,21
39072,11
39072,26
39073,21
39073,11
39074,11
39074,2
39075,11
39075,16
39075,21
39076,11
39076,16
39077,11
39077,15
39077,16
39078,11
39079,11
39079,16
39079,21
39080,11
39081,26
39081,29
39081,11
39082,11
39082,2
39082,16
39083,11
39083,21
39083,22
39084,11
10702,24
39085,11
39086,11
39086,15
39086,24
39087,11
39087,31
39087,22
39088,11
39089,11
39089,26
39090,11
39091,11
39091,14
39091,24
39092,11
39093,11
39094,11
39094,26
39095,11
39096,11
39096,31
39096,22
39097,11
39097,15
39097,26
39098,11
39099,11
39100,11
39100,15
39101,11
39101,16
39102,11
39102,6
39102,21
39103,11
39104,11
39105,11
39105,21
39106,11
39106,16
39107,11
39108,11
39108,22
39109,11
39109,16
39110,11
39110,2
39110,7
39111,11
39111,2
39111,15
21988,22
39112,11
39112,26
39113,11
39114,11
39114,16
39114,21
39115,11
39116,11
39117,11
39118,11
39118,16
39118,21
39119,11
39119,15
39120,11
39120,6
39121,11
39121,2
39121,22
39122,11
39122,2
39122,7
39123,11
39124,11
39124,15
39125,11
39125,29
39125,32
39126,1
39126,11
39126,26
39127,11
39127,22
39128,11
39128,32
39128,31
39129,11
39130,11
39131,11
39131,2
39131,15
39132,11
30417,15
39133,2
39133,11
39133,32
39134,11
39135,11
39135,30
39136,11
39136,15
39137,11
39137,21
39138,11
39138,15
39139,11
39139,10
39140,11
39141,11
39142,11
39142,21
39143,11
39143,15
39143,14
39144,11
39145,11
39146,11
39147,11
39148,11
39149,11
39150,11
39151,11
39152,11
39153,11
39153,31
39153,22
39154,11
39155,11
39155,2
39155,29
39156,11
39156,21
39157,11
39157,6
39158,11
34312,2
39159,11
39159,21
39159,22
39160,21
39160,16
39160,2
39161,11
39161,15
39161,31
39162,11
39162,31
39162,26
39163,11
39163,22
3268,26
39164,1
39164,11
39164,2
39165,11
39166,11
39166,27
39166,3
39167,11
39167,2
39167,10
39168,11
39168,16
39168,21
39169,11
39169,21
39170,11
39170,15
39170,31
39171,11
39171,10
39172,11
39172,2
39172,15
39173,11
39174,11
39175,11
39176,11
39176,21
39177,11
39177,15
39177,27
39178,11
39179,11
39180,11
39181,11
39181,21
39182,11
39182,16
39182,22
39183,11
39183,15
39184,11
39184,16
39184,21
39185,11
39185,16
39185,21
39186,11
39187,11
39187,15
39187,24
39188,11
39188,21
39188,10
39189,11
39189,2
39189,32
39190,11
39190,2
39191,11
39191,2
39191,15
39192,11
39192,16
39193,11
39193,21
39194,11
39195,11
39195,16
39196,11
39196,2
39196,21
39197,11
39198,11
39198,16
39198,21
39199,11
39199,16
39199,21
39200,11
39200,21
39201,11
39201,2
39201,32
39202,11
39203,11
39203,21
39204,11
39205,11
39205,22
39206,11
39206,15
39206,16
39207,11
39207,15
39207,24
39208,11
39209,11
4330,30
4330,19
39210,11
39210,16
39211,11
39212,11
39213,11
39214,11
39214,16
39215,11
39216,11
39216,22
39217,1
39217,11
39217,2
39218,11
39219,1
39219,11
39219,2
39220,11
39221,11
39222,14
39222,11
39222,15
39223,11
39224,11
39225,11
39226,11
39226,2
39226,3
39227,11
39228,11
39229,11
39229,22
39230,11
39231,11
39231,21
39231,19
39232,11
39232,10
39233,11
39234,11
39234,26
39234,22
39235,11
39235,2
39235,16
39236,11
39236,3
39237,11
39237,6
39237,21
39238,11
39238,2
39238,6
39239,11
39239,16
39239,21
39240,11
39240,21
39240,30
39241,11
39241,2
39241,21
39242,11
39242,16
39242,21
39243,11
39243,15
39244,11
39244,21
39245,11
39245,2
39245,21
39246,11
39246,2
39246,19
39247,11
39248,11
39249,11
39249,2
39250,11
39250,2
39250,22
39251,11
39252,11
39253,11
39253,19
39254,11
39254,7
39255,11
39255,2
39255,16
39256,11
39256,15
39257,11
39258,11
39259,11
39260,11
39261,11
39262,11
39263,3
39263,2
39263,11
39264,11
39265,11
39266,11
39266,15
39266,16
39267,11
39267,21
39268,11
39269,11
39270,11
39270,2
39270,21
39271,11
39271,16
39272,11
39272,7
39273,11
39274,11
39275,11
39276,11
39276,15
39276,16
39277,11
39278,11
39278,21
39279,11
39280,11
39280,21
39280,32
39281,11
39281,21
39281,32
39282,11
39283,11
39284,11
39285,11
39285,15
39285,21
39286,11
39286,21
39287,11
39288,11
39289,11
39289,15
39289,16
39290,11
39290,21
39290,7
39291,11
39291,2
39291,32
39292,11
39293,11
39293,2
39293,21
39294,11
39294,31
39294,22
39295,11
39295,2
39295,21
39296,11
39296,21
39297,11
39297,2
39297,16
39298,11
39299,11
39300,11
39301,11
39301,2
39301,15
18562,21
39302,11
39303,11
39304,11
39305,11
39306,11
39306,19
39307,11
39307,16
39307,21
39308,11
39308,21
39309,11
39309,16
39310,11
39310,19
39311,11
39311,15
39311,16
39312,11
39313,11
39313,32
39313,24
39314,11
39314,16
39314,21
39315,11
39315,15
39315,26
39316,11
39317,11
39317,21
39317,7
39318,11
39319,11
39319,2
39319,32
39320,11
39320,21
39320,22
39321,11
39321,16
39321,21
39322,11
39322,15
39322,16
39323,11
39324,11
39324,2
39325,11
39325,21
39326,11
39326,21
39326,19
39327,11
39327,2
39327,21
39328,11
39329,11
39330,11
39331,11
39331,15
39332,11
39332,2
39333,11
39334,11
39334,15
39334,21
39335,11
39336,11
39336,16
39336,21
39337,11
39338,11
39338,2
39338,16
39339,11
39339,2
39340,11
39341,11
39341,2
39341,21
39342,11
39343,11
39343,2
39343,21
39344,11
39345,11
39345,24
39345,3
39346,11
39346,2
39346,26
39347,11
39347,2
39347,22
39348,11
39348,21
39349,11
39349,21
39349,22
39350,11
39351,11
39351,2
39352,11
39352,21
39353,11
39354,11
39355,11
39356,11
39357,11
39358,11
39358,15
39358,32
39359,11
39359,16
39359,21
39360,11
39360,2
39361,11
39362,11
39363,11
39364,11
39364,16
39365,11
39366,11
39366,15
39366,16
39367,11
39368,11
39369,11
39369,21
39370,11
39371,11
39371,15
39371,21
39372,11
39372,10
39372,24
39373,11
39373,15
39374,11
39375,11
39375,15
39375,21
39376,11
39377,11
39377,15
39377,21
39378,11
39378,21
39378,24
39379,11
39380,11
39381,11
39381,15
39381,22
39382,11
39382,15
39383,11
39384,11
39385,11
39385,15
39385,21
39386,11
39387,11
39387,15
39388,11
39389,11
39389,15
39389,26
39390,11
39390,2
39390,15
39391,11
39391,16
39391,22
39392,11
39393,11
39393,31
39393,24
39394,11
39395,11
39396,11
39397,11
39397,2
39397,21
39398,11
39398,2
39399,11
39400,11
39401,11
39401,31
39401,26
39402,11
39403,11
39403,21
39403,24
39404,11
39404,16
39404,21
39405,11
39406,11
39407,11
39407,29
39407,26
39408,11
39408,21
39408,27
39409,11
39409,22
39410,11
39411,11
39411,22
39412,11
39412,21
39413,11
39413,7
39414,11
39414,6
39414,21
39415,11
39415,2
39415,15
39416,11
39417,11
39418,11
39418,21
39418,27
39419,11
39420,11
39420,21
39421,11
39422,21
39422,11
39423,11
39424,11
39425,11
39426,11
39426,16
39427,11
39427,3
39428,11
39428,24
39429,11
39430,11
39431,11
39431,21
39432,11
39432,16
39433,11
39434,11
39434,16
39435,11
39435,16
37980,2
37980,29
39436,11
39436,15
39437,11
39437,21
39438,11
39438,15
39439,11
39439,15
39440,11
39441,11
39442,11
39442,2
39442,15
39443,11
39444,11
39444,15
39444,21
39445,11
39445,15
39446,11
39447,11
39447,16
39447,21
39448,11
39449,11
39449,16
39450,11
39451,11
39452,11
39453,11
39454,11
39454,31
39454,22
39455,11
39456,11
3720,26
39457,11
39458,11
39459,11
39460,11
39461,11
39462,11
39462,16
39462,21
39463,11
39463,16
39463,21
39464,11
39465,11
39465,15
39465,27
39466,11
39466,2
39466,22
39467,11
39467,21
39467,10
39468,11
39468,2
39469,11
39469,31
39469,22
39470,11
39470,16
39471,11
39472,11
39472,15
39473,11
39474,11
39475,11
39475,16
6988,31
39476,11
39476,16
39477,11
39477,2
39477,32
39478,11
39478,15
39478,21
39479,11
39480,11
39480,21
39481,11
39481,2
39481,21
39482,11
39483,11
39484,11
39484,21
39484,19
39485,11
39485,15
39486,11
39487,11
39488,11
8670,21
39489,11
39490,11
39490,16
39491,11
39491,6
39491,21
39492,11
39493,11
39493,21
35119,21
35119,24
39494,11
39494,15
39495,11
39495,21
39496,11
39497,11
39498,11
39499,11
39500,11
39501,11
39502,11
39502,26
39502,22
39503,11
39503,15
39503,3
39504,11
39505,11
39505,21
39505,26
39506,11
39506,26
39507,11
39507,2
39507,26
39508,11
39508,16
39509,11
39510,11
39510,16
39511,11
39512,11
39512,22
39513,11
39513,21
39513,14
39514,11
39514,15
39514,21
39515,11
39515,24
39516,11
39517,11
39518,11
39519,11
39519,2
39520,11
39520,31
39520,26
39521,11
39521,15
39521,31
39522,11
39523,11
39523,16
39523,21
39524,11
39524,16
39524,21
39525,11
39525,21
39526,11
39526,16
39526,21
39527,11
39527,16
39528,11
39528,21
39529,11
39529,16
39530,11
39530,2
39531,11
39532,11
39532,19
39533,11
39533,2
39533,29
39534,11
39534,15
39534,21
39535,11
39535,16
39536,11
39537,11
39537,2
39537,26
39538,11
39539,11
39539,21
39540,11
39540,31
39540,22
39541,11
39542,11
39542,15
39543,11
39543,16
39543,22
39544,11
39545,11
39545,15
39545,24
39546,11
39546,16
39547,11
39547,21
39547,24
39548,11
39549,11
39549,15
39550,11
39550,2
39550,22
39551,11
39552,11
39552,15
39553,11
39553,2
39553,21
27577,22
39554,11
39554,2
39554,26
39555,11
39555,21
39555,24
39556,11
39557,11
39557,16
4199,26
39558,11
39558,21
39559,11
39559,10
39559,22
39560,11
39561,11
39561,24
7333,26
7333,22
39562,11
39562,16
39562,21
39563,11
39564,11
39564,21
39564,19
39565,11
39565,21
39566,11
39566,21
39566,19
39567,11
39567,22
39568,11
7276,2
7276,31
39569,11
39570,11
39571,11
39571,15
39572,11
39572,21
39572,19
39573,11
39573,21
39574,11
39575,11
39575,21
39576,11
39576,2
39577,11
24308,22
39578,11
39578,21
39578,22
39579,11
39580,11
39581,11
39582,11
39582,21
39582,22
39583,11
39583,21
39584,11
39584,2
39584,24
39585,11
39585,2
39585,15
39586,11
39587,11
39587,16
39587,22
39588,11
39588,31
39589,11
39590,11
39590,16
39591,11
39591,21
39592,11
39592,21
39593,11
39593,21
39593,32
39594,11
39594,21
39595,11
39595,30
39596,11
39596,22
39597,11
39598,11
39599,11
39600,11
39600,2
39601,11
39602,11
39602,2
39602,21
39603,11
39604,11
39605,11
39605,24
39606,11
39607,11
39607,15
39607,21
39608,11
39609,11
39609,22
39610,11
39610,26
39611,11
39611,21
39612,11
39613,11
39613,16
39614,11
39614,2
39614,26
39615,11
39615,2
39615,16
39616,11
39617,11
39618,11
39619,11
39619,21
39620,11
39621,11
39621,21
39622,11
39622,21
39623,11
39623,22
39624,11
39625,11
39626,11
39626,15
39627,11
39628,11
39628,7
39628,26
34567,26
39629,11
39630,11
39631,11
39632,11
39633,11
39634,11
39634,2
39634,15
39635,11
39635,15
39636,21
39636,2
39636,15
39637,11
39637,31
39637,26
39638,11
39639,11
39639,6
39640,11
39640,19
39641,11
39642,11
39643,11
39643,2
39643,16
39644,11
39645,11
39645,21
39646,11
39647,11
39647,15
39648,11
39648,16
39649,11
39650,11
39651,11
39652,11
39652,16
39652,31
39653,11
39653,15
39654,11
39654,2
39654,21
39655,11
39656,11
39656,2
39656,15
39657,11
39657,15
39657,22
39658,11
39658,2
39658,24
39659,11
39659,2
39659,15
39660,11
39660,16
39661,11
39661,16
39661,26
39662,11
39663,11
39663,21
39664,11
39664,21
39664,24
39665,11
39666,11
39667,11
39668,11
39669,11
39669,15
39670,11
39670,16
39671,11
39672,11
39672,16
39673,11
39673,16
39674,11
39675,11
39675,2
39676,11
39677,11
39678,11
39679,11
39680,11
39680,16
39681,11
39682,11
39683,11
39684,11
39684,15
39685,11
39686,11
39686,16
39686,22
39687,11
39687,15
39687,31
39688,11
39689,11
39689,2
39689,3
39690,11
39691,11
39691,22
39692,11
39692,21
39692,19
39693,11
39693,2
39694,11
39694,22
39695,11
39695,21
39696,11
39697,11
39697,6
39697,21
39698,11
39699,11
39699,15
39699,21
39700,11
39701,11
39702,11
39703,11
39704,11
39704,22
39705,11
39705,16
39705,21
39706,11
39706,15
39706,21
39707,11
39707,21
39707,3
39708,11
39709,11
39710,11
39710,21
39711,11
39711,2
39711,21
39712,11
39713,11
39713,2
39713,15
39714,11
39715,11
39716,11
39716,2
39716,16
39717,11
39717,16
39717,21
39718,11
39719,11
39720,11
39720,21
39721,11
39722,11
39723,11
1024,11
1024,31
39724,11
39724,2
39724,22
39725,11
39726,11
39727,11
39728,11
39729,11
39729,22
39730,11
39730,24
39731,11
39732,11
39732,21
39733,11
39733,2
39733,16
39734,11
39735,11
39736,11
39737,11
39737,15
39738,11
39738,21
39739,11
39740,11
39740,24
28376,15
39741,11
39741,16
39741,21
39742,11
39743,11
39743,16
39743,21
39744,1
39744,11
39744,2
39745,11
39746,11
39746,16
39746,21
39747,11
39748,11
39748,15
39749,11
39749,16
39749,22
39750,11
39750,10
39751,11
39752,11
39753,11
39753,21
39754,11
39754,21
39755,11
39756,11
39757,11
39758,11
39758,2
39758,26
39759,11
39760,11
39761,11
39761,16
39761,21
39762,11
39762,16
39762,21
39763,11
39764,11
39764,2
39765,11
39765,2
39766,11
39766,16
39767,11
39768,11
39768,2
39768,21
39769,11
39769,21
39770,11
39771,11
39771,15
39771,31
39772,11
39772,10
39773,11
39774,11
39774,16
39774,22
39775,11
39776,11
39777,11
39777,16
39777,21
39778,11
39778,21
39779,11
39779,16
39780,11
39780,2
39780,21
39781,11
39781,21
39782,11
39782,16
39782,21
39783,11
39783,2
39784,11
39785,11
39785,21
39786,11
39787,11
39788,11
39789,11
39790,11
39791,11
39791,21
39791,19
39792,11
39793,11
39794,11
39794,22
39794,3
39795,11
39796,11
39796,16
39796,21
39797,11
39797,22
39798,11
39798,21
39799,11
39799,21
39800,11
39800,15
39801,11
39801,2
39802,11
39802,15
39803,11
39804,11
39804,22
39805,11
39806,11
39807,11
39808,11
39808,21
39809,11
39809,2
39809,32
39810,11
39811,11
39812,11
39812,16
39813,11
39814,11
39815,11
39816,11
39817,11
39817,2
39817,16
39818,11
39818,21
39819,11
39819,15
39819,21
39820,11
39821,11
39822,11
39822,6
39822,16
39823,11
39823,21
39823,26
39824,11
39824,31
39825,11
39825,16
39826,11
39827,11
39827,15
39827,21
39828,11
39828,15
39829,11
39829,21
39829,10
39830,11
39830,2
39831,11
39831,15
39831,16
39832,11
28644,21
39833,11
39833,15
39834,11
39835,11
39836,11
39837,11
39838,2
39838,11
39839,11
39839,16
39839,10
39840,11
39840,6
39840,21
39841,19
39841,11
39842,11
39843,11
39844,11
39845,11
39846,11
39847,11
39848,11
39849,11
39849,7
39850,11
39851,11
39851,15
39852,11
39853,11
39854,11
39855,11
39855,21
39855,3
39856,11
39857,11
39857,15
39858,11
39858,21
39859,11
39859,2
39859,32
39860,11
39861,11
39862,11
39863,11
39864,11
39865,11
39866,11
39866,21
39867,11
39867,31
39867,26
39868,11
39868,22
39868,19
39869,11
39869,16
39869,21
39870,11
39870,27
39870,24
39871,11
39871,16
39872,11
39872,15
39873,11
39873,21
39873,32
39874,11
39874,27
39874,24
7645,16
39875,11
39876,11
39877,11
39878,11
39879,11
39880,11
39881,11
39881,24
39882,11
39882,2
39882,21
39883,11
39883,16
39883,21
39884,11
39884,32
39884,26
39885,11
39885,2
39885,21
39886,11
39886,6
39886,32
39887,11
39887,21
39888,11
39888,2
39888,21
39889,11
39889,26
39890,11
39890,19
39891,11
39891,15
39891,24
39892,11
39892,2
39892,31
39893,11
39893,31
39894,11
39894,16
39895,11
39896,11
39896,21
39897,11
39898,11
39899,11
39899,2
39899,29
39900,11
39900,21
39900,22
39901,11
39901,16
39902,11
39902,21
39902,27
39903,11
39904,11
39904,16
39904,21
39905,11
39906,11
39906,21
39907,11
39907,2
39907,32
39908,11
39908,16
39909,11
39909,16
39909,21
39910,11
39911,11
39912,11
39913,11
39913,21
39914,11
39914,15
39914,16
39915,11
39915,16
39915,21
39916,11
39916,2
39916,15
39917,11
39917,22
39918,11
39918,15
39919,11
39919,21
39920,11
39920,21
39920,22
39921,11
39921,2
39921,15
39922,11
39922,16
39923,11
39923,2
39923,15
39924,11
39924,2
39925,11
39925,21
39926,11
39927,11
39927,2
39928,11
39929,11
39162,2
39162,22
39930,11
39930,19
39931,11
39931,2
39931,15
39932,11
39933,11
39933,26
39933,22
39934,11
39934,21
39935,11
39936,11
39936,2
39936,15
39937,11
39938,11
39938,16
39938,22
39939,11
39939,15
39940,11
39940,21
39941,11
39941,16
39942,11
39943,11
3999,16
39944,11
39944,21
39945,11
39945,26
39946,11
39946,16
39947,11
39947,16
39948,11
39948,2
39948,32
39949,11
39949,2
39949,31
39950,11
39951,11
39952,11
39952,16
39953,11
39954,11
39954,2
39954,6
39955,11
39955,21
39955,7
39956,11
39957,11
39957,2
39957,21
39958,11
39959,11
39960,11
39960,2
39960,29
39961,11
39961,31
39961,22
39962,11
39962,16
39962,22
39963,11
39964,11
39964,15
39964,16
39965,11
39965,32
39965,31
39966,11
39967,11
39968,11
39968,21
39969,1
39969,11
39969,2
39970,11
39970,2
39970,16
39971,1
39971,11
39971,15
39972,11
39972,21
39973,11
39974,11
39974,2
39974,15
39975,11
39976,11
39977,11
39977,2
28145,16
28145,21
39978,11
39978,16
39978,21
39979,11
39979,16
39979,22
39980,11
39980,2
39980,26
39981,11
39982,11
39982,16
39983,11
39984,11
39984,16
39985,11
39986,11
39986,21
39986,32
27744,31
39987,11
39988,11
39988,16
39989,11
39989,16
39989,22
39990,11
39990,21
39991,11
39992,11
39992,24
39993,11
39994,11
39995,11
39996,11
39997,11
39998,11
39999,11
40000,11
40000,15
40001,11
40001,16
40001,21
40002,11
40002,2
40003,11
40003,2
40003,32
40004,11
40004,2
40004,32
40005,11
40006,11
40007,11
40007,16
40007,22
40008,11
40008,19
40009,11
40010,11
40011,11
40012,11
40012,2
40012,16
40013,11
40014,11
40014,16
40014,21
40015,11
40016,11
40017,11
40017,21
40017,26
40018,11
40019,11
40019,21
40020,11
40020,15
40021,11
40022,11
40022,16
40023,11
40023,2
40023,16
40024,11
40025,11
40025,2
40025,21
40026,11
40026,31
40026,26
40027,11
40028,11
40028,15
40029,11
40029,2
40029,32
40030,11
40031,11
40032,11
40032,15
40032,21
40033,11
40034,11
40034,2
40034,21
40035,11
40035,7
40035,31
40036,11
40036,21
40037,11
40038,11
40038,22
40039,11
40039,21
40040,11
40041,11
40042,11
40043,11
40043,22
40044,11
40045,11
40046,11
40046,19
40047,11
40047,2
40048,11
40049,21
40049,11
40049,15
40050,11
40050,15
40050,31
40051,11
40051,21
40052,11
40052,2
40052,26
40053,11
40054,11
40054,16
40055,11
40055,21
40056,11
40056,2
40057,11
40057,22
40058,11
40058,24
40058,3
40059,11
40059,2
40059,22
40060,11
40061,11
40061,2
40062,11
40063,11
40064,11
40065,11
40065,21
40065,24
40066,11
40067,11
40067,15
40067,22
40068,11
40069,11
40070,11
40070,24
40071,11
40071,32
10399,2
10399,1
40072,11
40072,21
4050,16
40073,11
40073,16
40073,10
40074,11
40074,15
40074,3
40075,11
40076,11
40076,16
40077,11
40077,21
40077,19
40078,11
40078,2
40079,11
40079,19
40080,11
40080,21
40081,11
40082,11
40083,11
40084,11
40084,21
40084,24
40085,11
40085,2
40085,16
40086,11
40086,16
40086,31
40087,11
40088,11
40088,16
40088,21
40089,11
40089,22
40090,11
20836,24
40091,11
40092,11
40092,2
40092,15
40093,11
40094,11
40095,11
40095,32
40095,31
40096,11
40096,15
40096,21
40097,11
5832,7
40098,11
40099,11
40100,11
40101,11
40101,21
40102,11
40103,11
40103,21
40104,11
40105,11
40106,11
40106,16
40106,21
40107,11
40108,11
40108,21
40108,19
40109,11
40109,2
40109,16
40110,11
40110,16
40110,21
40111,11
40111,21
40112,11
40113,11
12119,21
40114,11
40115,11
40116,11
40116,21
40117,11
40117,2
40117,15
40118,11
40119,11
40119,10
40119,22
40120,11
40120,2
40120,29
40121,11
40121,16
40121,10
40122,11
40123,11
40123,21
40123,26
40124,1
40124,11
40124,2
40125,11
40125,2
40125,15
40126,11
40126,24
40127,11
40128,11
40128,16
40129,11
40130,11
40130,16
40131,11
40132,11
40132,2
40132,21
40133,11
40134,11
40134,2
40134,21
40135,11
40136,11
40136,15
40137,11
40138,11
40139,11
40139,32
40139,22
40140,11
40140,21
40140,22
40141,11
40141,26
40141,22
40142,11
40143,11
40144,11
40145,11
40145,15
40146,11
40147,11
40148,11
40148,16
40149,11
40149,2
40149,29
40150,11
40150,16
40150,21
40151,11
40152,11
40152,21
40152,29
40153,11
40154,11
40155,11
7822,2
40156,11
40157,11
40157,2
40157,26
40158,11
40158,21
40158,22
7007,16
7007,21
40159,11
40160,11
40161,11
40162,11
40162,24
40163,11
40164,26
40164,29
40164,11
40165,11
40166,11
40167,11
40167,16
40167,21
40168,11
40168,21
40168,22
40169,11
40170,11
40170,2
40170,29
40171,11
40172,11
40172,16
40173,11
40173,22
40174,11
40175,11
40175,21
40176,11
40176,16
40177,11
40178,11
40179,11
40179,21
40180,11
40181,11
40181,15
40182,10
40182,11
40183,11
40183,15
40184,11
40184,21
40184,30
40185,11
40185,21
40186,11
40186,16
40186,22
40187,11
40187,24
40188,11
40189,11
40189,2
40189,15
40190,11
40190,16
40191,11
40192,11
40192,16
40193,11
40193,21
40194,11
40194,16
40194,21
40195,11
40195,32
40195,7
40196,11
40197,11
40197,21
40198,11
40199,11
40199,29
40200,11
40200,16
40201,11
40201,16
40202,11
40202,21
40203,11
40203,16
40203,21
40204,11
40204,2
40205,11
40205,21
40205,24
40206,11
40206,21
40206,24
40207,11
40208,11
40209,11
40210,11
40211,11
40211,21
40211,24
9965,24
40212,11
40212,15
40213,11
40214,11
40214,32
40214,26
40215,11
40216,11
40217,11
40218,11
40218,2
40218,32
40219,11
40219,21
40220,11
40220,32
40220,22
40221,11
40221,32
40221,26
40222,11
40223,11
40223,16
40223,21
40224,11
40224,2
40225,11
40226,11
40226,21
40227,11
40228,11
40228,21
40228,26
40229,11
40229,21
40230,11
40231,11
40232,11
40233,11
40234,11
40234,31
40235,11
40235,21
40236,11
40237,11
40237,15
40238,11
40239,11
40239,31
40239,26
40240,11
40241,11
40241,16
25594,21
40242,11
40242,16
40242,21
40243,11
40244,11
40244,3
40245,11
40245,22
40246,11
40246,19
40247,11
40247,2
40247,16
40248,11
40249,11
40249,2
40249,22
40250,11
40251,11
40251,21
40252,11
40252,2
40253,11
40253,2
40253,32
40254,11
40255,11
40255,32
40256,11
40256,22
40257,11
40257,15
40257,22
40258,11
40258,15
40258,21
40259,11
40260,11
40260,22
40261,11
40261,15
40261,31
40262,11
40262,15
40263,11
40264,11
40264,2
40264,15
40265,11
40266,11
40267,11
40268,11
40269,11
40269,16
40269,22
40270,11
40271,11
40271,6
40271,21
40272,11
40272,21
40272,22
40273,11
40274,11
40274,24
13925,29
40275,11
40275,21
40275,27
40276,11
40276,21
40276,22
40277,11
40278,11
40278,21
40279,11
40279,22
40280,2
40280,11
40281,11
40281,10
40282,11
40283,11
40284,11
40284,32
40284,31
40285,11
40286,11
40287,11
40287,16
40287,21
40288,11
40289,11
40290,11
40290,21
40291,11
40292,11
40293,11
40294,11
40294,22
40295,11
40295,21
40295,19
40296,11
40296,16
40296,21
40297,11
40298,11
40298,16
40298,26
40299,11
40299,22
40300,11
40300,21
40300,24
40301,11
40301,31
40302,11
40303,11
40304,11
40304,21
40305,11
40305,15
40306,11
40306,31
40307,11
40308,11
40309,11
40309,2
40309,26
40310,11
40310,21
40311,11
40311,16
40311,21
40312,11
40312,2
40312,22
40313,1
40313,11
40313,2
40314,11
40315,11
40315,31
40315,22
40316,11
40316,16
40317,11
29139,19
40318,11
40319,11
40319,21
40320,11
40320,21
40320,24
40321,11
40322,11
40323,11
40323,21
40324,11
40324,2
40324,24
40325,11
40326,11
40327,11
40328,11
40328,2
40328,32
40329,11
40330,11
40331,11
40331,2
40331,26
40332,11
40333,11
40334,11
40334,16
40334,31
40335,11
40335,2
40335,15
40336,11
40336,21
40336,24
40337,11
40337,2
40337,21
40338,11
40339,11
40339,15
40340,11
40341,11
40341,21
13900,16
40342,11
40342,2
40342,31
40343,11
40343,16
40343,21
40344,11
40345,11
40345,21
40345,7
40346,11
40347,11
40348,11
40348,21
19079,16
40349,11
40350,11
40351,11
40352,11
40353,11
40353,6
40353,7
40354,11
40355,11
40355,21
40356,11
40357,11
40357,15
40358,11
40358,21
40359,11
40360,11
40361,11
40361,7
40362,11
40363,11
40364,11
40364,22
40365,11
40366,11
40367,11
40368,11
40368,21
40368,24
40369,11
40370,11
40371,11
40371,16
40371,22
40372,11
40372,16
40372,22
40373,11
40374,11
40375,11
40376,11
40376,21
40377,11
40377,32
40378,11
40378,3
40379,11
40380,11
40381,11
40382,11
40382,22
40383,11
40383,26
40384,11
40385,11
40386,11
40387,11
40387,10
40387,26
40388,11
40389,11
40390,11
40391,11
40392,11
40392,15
40393,11
40394,11
40395,11
40395,15
40396,11
40396,15
40397,11
40397,21
35899,2
40398,11
40399,11
40399,21
40400,11
40401,11
40402,11
40403,11
40403,2
40403,26
40404,11
40404,19
40405,11
40406,11
40406,24
40406,19
40407,11
40407,16
40408,11
40408,2
40408,32
40409,11
40409,2
40410,11
40411,11
40411,16
40411,21
40412,11
40412,24
40413,11
40414,11
40414,26
40414,19
40415,11
40415,26
40415,22
40416,11
40416,15
40417,11
40417,15
40418,11
40418,24
40419,11
40419,21
40420,11
40421,11
40421,16
40422,11
40423,11
40424,11
40424,15
40425,11
40425,15
40425,16
40426,11
40427,11
40428,11
40429,11
40430,11
40431,11
40431,2
40431,32
40432,11
40432,2
40433,11
40433,15
40434,11
40435,11
40435,15
40436,11
40436,21
40436,10
40437,11
40438,11
40439,11
40439,2
40439,16
40440,11
40440,2
40440,16
40441,11
40442,11
40443,11
40444,11
40444,21
40445,11
40445,21
40446,11
40446,2
40446,26
40447,11
40447,21
40448,11
40448,22
40449,11
40450,11
40450,2
12453,30
40451,11
40452,11
40452,21
40452,24
40453,11
40454,11
40455,11
40456,11
40456,2
40457,11
40458,11
40458,6
40458,7
40459,11
40459,15
40460,11
40461,11
40462,11
40462,21
40463,11
40463,16
40464,11
40464,15
40465,11
40465,16
40465,21
40466,11
40466,2
40466,32
40467,11
40467,16
40468,11
40469,11
40469,15
40470,11
40470,21
40471,11
40472,11
40473,11
40473,2
40474,11
40475,11
40475,16
40475,22
40476,11
40476,21
40476,32
40477,11
40477,16
40477,22
40478,11
40478,16
40479,11
40480,11
40481,11
40481,21
40481,24
40482,11
40482,16
40482,22
40483,11
40484,11
40484,21
40484,22
40485,11
40485,21
40486,11
40486,19
40487,11
40487,21
40488,11
40488,21
40488,19
40489,11
40490,11
40490,15
40490,21
40491,11
40491,21
40492,11
40493,11
40494,11
40494,21
40495,11
40496,11
40497,11
40498,11
40499,11
40499,15
40500,11
40500,16
40501,11
40501,16
40502,11
40502,2
40502,10
40503,11
40504,11
40504,24
40505,11
40505,15
40505,24
40506,11
40507,11
40507,15
40508,11
40509,11
40509,21
40510,11
40510,2
40510,10
40511,11
40512,11
40512,2
40513,21
40513,3
40513,11
40514,11
40514,31
40515,11
22456,2
40516,11
40517,11
40518,1
40518,11
40518,15
40519,11
40520,11
40520,32
40521,11
40522,11
40523,11
40523,21
40523,19
40524,11
40524,21
40524,22
40525,11
40525,24
40525,3
40526,11
40526,21
40527,11
40527,15
40528,11
40528,16
40529,11
40529,6
40529,21
40530,11
40531,11
40531,22
40531,19
40532,11
40533,11
40534,11
40535,11
40535,15
40535,16
40536,11
40536,16
40536,22
40537,11
40537,16
40538,11
40538,26
40538,22
40539,11
40539,21
40539,22
40540,1
40540,11
40540,10
40541,11
40542,11
40542,21
40542,32
40543,11
40543,10
40543,22
40544,11
40545,11
40545,2
40546,11
40547,11
40547,22
40548,11
40548,26
40548,22
40549,11
40550,11
40550,2
40550,29
40551,11
40551,22
40552,11
40553,11
40554,11
40554,21
40554,3
40555,11
40555,15
40555,16
40556,11
40557,11
25157,16
25157,21
40558,11
40558,2
40559,11
40559,7
40560,11
40561,11
40562,11
40563,11
40563,22
40564,11
40565,11
40566,11
40567,11
40567,15
40568,11
40569,21
40569,11
40570,11
40570,2
40570,21
40571,11
40571,16
40572,11
40573,11
40573,15
40574,11
40574,2
40574,16
40575,11
40575,21
40576,11
40576,21
40577,11
40577,2
40577,16
40578,11
40578,16
40579,11
40580,11
40581,11
40581,24
40581,22
40582,11
40583,11
40584,11
10478,2
10478,6
40585,11
40585,21
40586,11
40587,11
40587,15
40587,16
40588,11
40589,11
21015,2
40590,11
40591,11
40592,11
40593,11
40593,15
40594,11
40595,11
40596,11
40597,11
40597,2
40597,16
40598,11
40598,16
40598,10
40599,11
40600,11
40600,2
40600,3
40601,1
40601,11
40602,11
40602,6
40602,21
40603,11
40603,16
40603,21
40604,11
40605,11
40605,21
40605,32
40606,11
40607,11
40607,21
40608,11
40609,6
40609,11
40609,24
40610,11
40610,16
40610,22
40611,11
40612,11
40612,21
40612,7
40613,11
40613,15
40613,31
40614,11
40615,11
40615,2
40615,24
40616,1
40616,11
40616,2
22131,2
40617,11
40618,11
40618,15
40619,11
40620,11
40621,11
40622,11
40622,21
40622,24
40623,11
40624,11
40625,11
40626,21
40626,2
40626,11
40627,11
40627,32
40627,26
40628,11
40628,21
40629,11
40630,11
40630,16
40631,11
40632,11
40633,11
40634,11
40634,22
40635,1
40635,11
40636,11
40636,22
40637,11
40637,21
40637,19
40638,11
40639,11
40639,21
40640,11
40641,11
40642,11
40642,16
40643,11
40643,16
40643,21
40644,11
40644,21
40644,22
40645,11
40646,11
40646,16
40646,10
40647,11
40647,21
40648,11
40648,16
40649,11
40650,11
40650,32
40651,11
40651,16
40651,21
40652,11
40652,21
40653,11
40653,21
40654,11
40654,22
40655,11
40655,16
40656,11
40657,11
40657,16
40658,11
40659,11
40659,21
40659,29
40660,11
40661,11
40661,16
40662,11
22032,22
40663,11
40664,11
40664,15
40664,24
40665,11
40665,15
40665,16
40666,11
40667,11
40667,15
40667,3
40668,11
40668,22
40669,11
40669,16
40669,21
40670,11
40671,11
40671,2
40671,21
40672,11
40672,16
40672,22
40673,11
40674,11
40675,11
40675,2
40676,11
40676,10
40676,26
40677,11
40677,21
40678,11
40678,16
40678,21
40679,11
40679,26
40680,11
40681,21
40681,11
40681,16
40682,11
40682,15
40682,16
40683,11
4060,30
40684,11
40684,2
40684,21
40685,11
40685,21
40685,24
40686,11
40686,21
40687,11
40688,11
40689,11
40690,11
40690,16
40691,11
40691,16
40692,11
40693,11
40693,21
40694,11
40695,11
40696,11
40696,2
40696,21
40697,11
40697,15
40697,21
40698,11
40698,21
40699,11
40699,2
40699,26
40700,11
40700,15
40701,15
40701,11
40702,11
40702,2
40702,21
40703,11
40704,11
40704,16
40704,21
40705,11
40705,21
40706,11
40706,2
40706,21
40707,11
40708,11
40708,21
40708,31
40709,11
40709,2
40709,29
40710,11
40710,21
40710,24
40711,11
40711,31
40711,22
40712,11
40712,16
40713,11
40714,11
40714,19
40715,11
40716,11
40716,22
40717,11
40717,16
40717,21
40718,1
40718,11
40719,11
40719,10
40719,24
40720,11
40720,16
40721,11
40721,21
40722,11
40722,16
40722,21
40723,11
40723,16
40723,21
40724,11
40725,11
40725,2
40725,16
40726,11
40726,21
40726,19
40727,11
40728,11
40729,14
40729,11
40729,15
40730,11
40730,21
40731,11
40731,16
40731,32
40732,11
40732,2
40732,21
40733,11
14103,16
14103,22
40734,11
40734,15
40735,11
40735,15
40735,21
40736,11
40736,2
40736,21
40737,11
40737,16
40737,21
40738,11
40738,16
40738,21
40739,11
40740,11
40741,11
40741,15
40742,11
40743,11
40744,11
40745,11
40746,11
40747,1
40747,11
40747,15
40748,11
40748,15
40748,21
40749,11
40749,2
40749,21
40750,11
40751,11
40752,11
40753,11
40754,11
40755,11
40755,15
40756,11
40756,2
40756,21
40757,11
40757,2
40757,7
40758,11
40759,11
40760,11
40760,2
40761,11
40761,21
40761,29
40762,11
40763,11
40764,11
40764,10
40764,26
40765,11
40766,11
40767,1
40767,11
40767,21
40768,11
40768,15
40769,11
40769,21
40770,11
40770,21
40771,11
40771,21
40771,22
40772,11
40773,11
40773,15
40773,26
40774,11
40774,7
40775,11
40775,16
40776,11
40777,11
40777,21
40778,11
40778,16
40778,22
40779,11
40779,16
40780,11
40781,11
40781,19
40782,11
40782,16
40783,11
40784,11
40785,11
40785,16
40786,11
40787,11
40787,24
40788,11
40788,21
40789,11
40790,11
40791,11
40792,11
40792,24
40792,3
40793,11
40794,11
40795,11
40795,15
40796,11
40796,27
40796,3
40797,11
40797,15
40797,32
40798,11
40798,21
40799,11
40800,11
40800,21
40800,24
40801,11
40802,11
40802,6
40802,7
40803,11
40803,21
40804,11
40804,31
40804,10
40805,11
40806,11
40807,11
40808,11
40809,11
40809,21
40809,3
40810,11
40810,15
40811,11
40812,11
40812,22
40813,11
40814,11
40814,2
40814,21
40815,11
40816,21
40816,11
40817,11
40818,11
40819,11
40819,16
40819,22
40820,11
40820,32
40820,26
40821,11
40821,32
40822,11
40822,2
40823,11
4690,19
40824,11
40825,11
40826,11
40826,2
40826,7
40827,11
40828,11
40828,16
40829,11
40830,11
40830,21
40831,11
40831,6
40831,21
40832,11
40833,11
40833,16
40834,11
40834,21
40835,11
40835,31
40835,22
40836,11
40836,16
40837,11
40838,11
40838,2
40838,32
40839,11
40839,16
40839,21
40840,11
40841,11
40841,16
40841,21
40842,11
40842,21
40843,11
40843,16
40843,22
40844,11
40844,21
40844,22
40845,11
40845,32
40845,22
40846,11
40847,11
40847,24
40848,11
40849,11
40849,21
40850,11
40850,15
40850,21
40851,11
40851,22
40852,11
40853,11
40853,10
40854,11
40855,11
40856,11
40857,11
40857,21
40857,26
40858,11
40859,11
40859,10
40859,26
40860,11
40860,15
40861,11
40861,22
40862,11
40862,16
40863,11
40863,16
40864,11
40864,2
40864,32
40865,11
40865,2
40865,22
40866,11
40866,21
40867,11
40868,11
40869,11
40869,16
40870,11
40871,1
40871,11
40871,2
40872,11
40873,11
40873,15
40873,31
40874,11
40875,11
40876,11
40876,16
40876,22
40877,11
40878,11
40878,2
40878,21
40879,11
40879,21
40880,11
40881,11
40881,21
40881,7
40882,11
40882,22
40883,11
40883,2
40883,21
40884,11
40884,15
40884,24
40885,11
40886,11
40886,22
40887,11
40888,11
40889,11
40889,16
40889,24
40890,11
40891,11
40891,2
40892,11
40892,21
40893,11
40894,11
40894,32
40894,31
40895,11
40895,26
40895,22
40896,11
40896,21
40897,11
40897,15
40897,24
40898,11
40899,11
40899,2
40900,11
40900,31
40900,26
40901,11
40901,16
40902,11
40902,2
40902,32
40903,11
40903,2
40903,3
40904,1
40904,11
40904,21
40905,11
40906,11
40906,21
40906,24
40907,11
40908,11
40908,16
40909,11
40909,22
40910,11
40911,11
40911,16
40912,11
40913,11
40914,11
40914,21
40915,11
40916,11
40916,21
40917,11
40917,2
40917,21
40918,11
40918,2
40918,26
40919,11
40920,11
40920,21
40921,11
40922,11
40922,6
40922,21
40923,11
40924,11
40924,15
40925,11
40925,15
40926,11
40926,15
40927,11
40928,11
40928,21
40928,24
40929,11
40930,11
40930,21
40930,30
40931,11
40932,11
40932,2
40932,24
40933,11
40934,11
40934,16
40934,21
40935,11
40935,21
40935,31
40936,11
40936,2
40937,11
40938,11
40939,11
40939,22
40940,11
40940,16
40940,22
40941,11
40942,11
40943,11
40944,11
40944,15
40944,26
40945,11
40945,21
40945,31
7544,16
40946,11
40946,2
40946,22
40947,11
40947,31
40948,11
7761,24
40949,11
40950,11
40950,16
40951,11
21188,24
40952,11
40953,11
40954,11
40955,11
40955,31
40956,11
40957,11
40958,11
40958,21
40958,26
40959,11
40959,15
40960,11
40960,15
40961,11
40962,11
40963,11
40963,22
40964,11
40964,2
40964,15
40965,11
40965,2
40966,11
40967,11
40968,11
40969,11
40970,11
40971,11
40971,31
40972,11
40973,11
40974,11
40975,11
40976,11
40977,11
40977,2
40977,32
40978,11
40978,6
40978,21
40979,11
40979,15
40979,26
40980,11
40980,6
40981,11
40981,22
40982,11
40983,11
40983,21
40984,11
40984,21
40985,11
40986,11
40987,11
40988,11
40988,16
40989,11
40989,22
40989,19
40990,11
40991,11
40991,21
40992,11
40992,21
40992,24
40993,11
40993,21
40994,11
40994,16
40994,21
40995,11
40996,11
40997,11
40998,11
40998,21
40998,19
40999,11
40999,22
41000,11
41000,15
41001,11
41001,21
41001,24
41002,11
41002,21
41003,11
41003,7
41003,24
41004,11
41004,2
41004,21
41005,11
41006,11
41006,7
41007,1
41007,11
41007,15
41008,11
41008,21
41008,22
41009,11
41010,11
41011,11
41011,21
41011,29
41012,11
41013,11
41013,31
41014,11
41014,21
41015,11
41016,11
41016,2
41016,19
41017,21
41017,11
41018,11
41018,16
41018,21
41019,11
3361,32
3361,26
41020,11
41021,11
41021,21
41022,11
41022,15
41022,16
41023,11
41024,11
41024,16
41024,21
41025,11
41025,26
41026,11
41026,26
41027,11
41028,1
41028,11
41028,32
41029,11
41030,11
41030,2
41030,32
41031,11
41032,11
41032,2
41032,15
41033,11
41034,11
41034,21
41034,22
41035,11
41035,16
41035,21
41036,11
41036,21
41036,22
41037,11
41037,16
41038,11
41039,11
41039,2
41039,15
41040,11
41040,21
41041,11
41042,11
41043,11
41043,21
41043,26
41044,1
41044,11
41044,2
41045,11
41045,16
41045,21
7143,15
7143,30
41046,11
41047,11
41048,11
41048,15
41048,24
41049,11
41050,11
41050,16
41050,21
41051,11
41051,24
41052,11
41052,2
41052,16
41053,11
41053,15
41054,11
41055,11
41056,11
14515,2
14515,15
41057,11
41057,15
41058,11
41058,2
41058,21
41059,11
41059,2
41059,21
41060,11
41060,31
41061,11
41061,31
41062,11
41062,21
6987,15
41063,11
41063,15
41064,11
41064,26
41065,11
41065,2
41066,11
41067,11
41068,11
41068,16
41069,11
41070,11
41070,16
41070,21
41071,11
41071,15
41072,11
41072,15
41072,21
41073,11
41074,11
41074,21
41075,11
41076,11
41076,2
41077,11
41077,21
41078,11
41078,3
41079,11
41080,11
41081,11
41081,16
41081,21
41082,11
41082,31
41082,26
41083,11
41084,11
41085,11
41085,16
41085,21
41086,11
41086,2
41086,24
41087,11
41088,11
41088,15
41089,11
41090,11
41090,21
41091,11
41092,11
41092,24
41093,11
41094,11
41094,16
41094,22
41095,11
41095,16
41095,24
41096,11
41096,15
41096,30
41097,11
41097,16
41097,21
41098,11
41098,16
41099,11
41099,22
41100,11
41100,21
41100,24
41101,11
41101,16
41101,21
41102,11
41102,16
41103,11
41104,11
41104,2
41105,11
41105,2
41105,16
41106,11
41107,11
41107,22
41108,11
41108,16
41109,11
41110,11
41111,11
41111,2
41112,11
41113,11
41114,11
41114,21
41114,3
41115,11
41116,11
41117,11
41118,11
41118,2
41119,11
41119,22
41120,11
41120,21
41121,11
41122,11
41122,32
41123,11
41123,21
41123,22
41124,11
41125,11
41126,11
41127,11
41127,2
41127,15
41128,11
41129,11
41129,26
41130,11
41130,24
41131,11
41131,16
41131,22
41132,11
41132,21
29877,6
29877,16
41133,11
41134,11
41134,15
41135,11
41136,11
41137,11
41137,21
41138,11
41139,11
16640,22
41140,11
41140,21
41140,19
41141,11
41141,2
41141,32
41142,11
41142,2
41142,15
41143,11
41144,11
41145,11
41146,11
41147,11
41148,11
41148,15
41149,11
41149,26
41150,11
41150,2
41151,11
41151,15
41152,11
41152,16
41152,21
41153,11
41153,21
41153,26
41154,11
41155,11
41155,2
41155,21
41156,11
41157,11
41157,16
41157,21
41158,11
41158,7
41159,11
41160,11
41160,15
41161,1
41161,11
41161,2
41162,11
41162,21
41162,24
41163,11
41163,16
41163,21
8311,27
41164,11
41165,11
41166,11
41166,16
41166,21
41167,11
41167,15
41168,11
41168,21
41169,11
41169,2
41170,11
41170,16
41170,21
41171,11
41171,15
41171,16
41172,11
41172,16
41172,21
41173,11
41173,2
41173,15
41174,11
41175,11
41175,21
41176,1
41176,11
41176,26
41177,11
41178,11
41178,26
41179,11
41180,11
41181,11
15009,22
41182,11
41183,11
41183,16
41183,21
41184,11
41184,2
41185,11
41186,11
41187,11
41188,11
41189,11
41189,16
41189,31
41190,11
41191,11
41191,16
41192,11
41192,21
41193,11
41193,16
41193,21
41194,11
41195,11
41195,31
41196,11
41197,11
41197,15
41198,11
41198,16
41198,10
41199,11
41199,21
41200,11
41200,15
41201,11
41202,11
41203,11
41204,11
41204,32
41204,10
41205,11
41205,2
41205,24
41206,11
41206,16
41207,11
41207,2
41207,32
41208,11
41208,32
41209,11
41210,11
41210,21
41211,11
41211,2
41211,26
41212,11
41213,11
41214,11
41215,11
41215,21
41215,3
41216,11
41216,3
41217,11
41217,15
41218,11
41218,16
41218,21
41219,11
41220,11
41220,16
41221,11
41222,11
41223,11
41223,16
41223,10
41224,11
41224,2
41224,16
41225,11
41225,21
41226,11
41227,11
41227,21
41227,29
41228,21
41228,16
41228,11
41229,11
41229,22
41230,11
41231,11
41232,11
41232,15
41233,11
41233,21
41234,11
41235,11
41236,11
41236,3
41237,11
41237,2
41237,15
41238,11
41238,16
41238,21
41239,11
41239,21
41240,11
41240,22
41241,11
41241,2
41241,16
41242,11
41242,7
41242,19
41243,11
41244,11
41244,2
41244,32
41245,11
41245,2
25673,21
41246,11
41247,11
41247,21
41248,11
41248,24
41249,11
4420,29
41250,11
41250,2
41250,19
41251,11
41251,15
41251,31
41252,11
41253,11
41254,11
41254,15
41255,11
41255,15
41256,11
41257,11
41258,11
41258,15
41258,26
41259,11
41260,11
41261,11
41261,22
3700,2
41262,11
41262,2
41262,19
41263,11
41263,24
41263,22
41264,11
41265,11
41265,3
41266,11
41266,16
41266,21
41267,11
41268,11
41268,16
41268,21
41269,11
41270,11
41270,6
41270,21
41271,11
41271,24
41272,11
41273,11
41273,21
41274,11
41274,2
41275,11
41276,11
41277,11
41277,21
41278,11
41279,11
41280,11
41281,11
41281,21
41282,11
41283,11
41283,21
41283,7
41284,11
41285,11
41285,16
41286,11
41287,11
41287,15
41287,16
41288,11
41289,11
41290,11
41291,11
41291,26
41292,11
41292,26
41292,22
41293,11
41293,16
41293,22
41294,11
41295,11
41295,31
41295,22
41296,11
41296,16
41296,21
41297,11
41297,21
41298,11
41299,11
41300,11
41301,11
41301,21
41302,11
41302,16
41303,11
41304,11
41305,11
41306,11
41306,15
41306,31
41307,11
41308,11
41308,16
41308,21
41309,11
41309,16
41309,21
41310,11
41310,16
41310,21
41311,11
41311,21
41312,11
41312,2
41312,16
15304,22
41313,11
41313,21
41314,11
41315,11
41316,11
41317,11
41318,11
41318,10
41318,22
41319,11
41319,24
41319,22
41320,11
41321,11
41321,6
41321,21
41322,11
41322,21
41323,11
41323,26
41324,11
41325,11
41325,21
41326,11
41326,2
41326,26
41327,11
41327,2
41327,15
41328,11
41328,22
41329,11
41330,11
41330,2
41330,32
41331,11
41331,31
41331,22
41332,11
41332,2
41333,11
41333,16
41333,22
6512,30
41334,11
41334,6
41335,11
41335,16
41336,1
41336,11
41336,27
34816,22
41337,11
41337,2
41337,24
41338,11
41339,11
41339,2
41340,11
41340,16
41340,32
41341,11
41342,11
41342,2
41342,32
41343,11
41344,11
41345,11
41345,16
41346,11
41347,11
41348,11
41349,11
41349,19
41350,11
41350,16
41351,11
41351,2
41351,21
41352,11
41353,11
41354,11
41355,11
41356,11
41356,2
41356,21
41357,11
41358,11
41359,11
41360,11
41360,24
41361,11
41362,29
41362,21
41362,11
41363,11
41363,32
41363,31
41364,11
41364,22
41364,19
41365,11
41365,2
41365,26
41366,11
41367,11
41367,2
41367,21
41368,11
41369,11
41370,11
41370,15
41371,11
41371,16
41371,22
41372,11
41372,15
41373,11
41373,22
41374,11
41374,26
41374,19
41375,11
41375,2
41375,15
41376,11
41376,2
41376,21
41377,11
41377,16
41377,10
41378,11
41378,21
41379,11
41379,15
41379,32
41380,11
41380,21
41381,11
41381,2
41382,11
41382,16
41383,11
41384,11
41384,15
41384,21
41385,11
41386,11
41386,16
41387,11
41387,10
41388,11
41388,16
41389,11
41390,11
41391,11
41391,2
41391,24
41392,11
41393,11
41394,11
41395,11
41396,11
41397,21
41397,11
41398,11
41398,15
41399,11
41399,2
41399,32
41400,11
41400,21
41400,15
41401,11
41401,16
41401,21
41402,11
41402,21
41402,10
41403,11
41404,11
41405,11
41405,2
41405,3
41406,11
41406,21
41406,26
41407,11
41407,15
41407,14
41408,11
41409,11
41410,11
41410,2
41411,11
41412,11
3096,32
3096,19
41413,11
41413,15
41414,11
41414,15
41414,16
41415,11
41416,11
41416,2
41416,21
41417,11
41418,11
41418,16
41418,32
41419,11
41420,11
41420,21
41421,11
41421,16
41422,11
41422,26
41423,11
41424,11
41424,16
41424,21
41425,1
41425,11
41425,16
41426,11
41426,21
41426,22
41427,11
41427,2
41427,15
41428,11
41428,2
41429,11
41429,21
41430,11
41430,2
41430,21
41431,11
41432,11
41433,11
41434,11
41435,11
17834,16
17834,21
41436,11
41436,32
41436,10
41437,11
41437,29
41437,30
41438,11
41438,22
41439,11
41440,11
41441,11
41441,21
41441,22
41442,11
41442,21
41442,22
41443,11
41443,15
41443,21
41444,11
41444,15
41445,11
41446,11
41446,2
41446,21
41447,11
41447,15
41448,11
41449,11
41449,2
41449,16
41450,11
41451,11
41451,31
41452,11
41452,21
41452,32
41453,11
41454,11
41454,2
41454,10
41455,11
41455,2
41455,21
41456,11
41457,11
41458,11
41459,11
41459,21
41459,24
41460,11
41460,10
41460,26
2748,16
41461,11
41461,24
41461,21
41462,11
41463,11
41463,15
41463,16
41464,11
41465,11
41465,15
41465,24
41466,11
41466,6
41466,16
41467,11
41468,11
41469,11
41470,11
41471,11
41472,11
41473,11
41474,11
41474,2
41474,15
41475,11
41476,11
41476,2
41476,26
41477,11
41477,2
41478,11
41478,16
41478,21
41479,11
41479,2
41479,10
41480,11
41481,11
41481,21
41482,11
41483,11
41483,15
41483,16
41484,11
41485,11
41486,11
41486,21
41487,11
41488,11
41489,11
41490,11
41491,11
41491,15
41492,11
41492,16
41493,11
41493,2
41493,31
41494,11
41494,15
41495,11
41495,2
41495,15
41496,11
41497,11
41498,11
41498,16
41498,22
41499,11
41499,2
41499,32
41500,11
41500,15
41500,26
41501,11
41502,11
41502,2
41502,21
41503,11
41504,11
41504,2
41505,11
41505,21
41505,22
41506,11
41506,6
41506,19
41507,11
41508,11
41508,32
41509,11
41510,11
41510,16
41510,21
41511,11
41512,11
41512,2
41513,11
41513,16
41513,21
41514,11
41514,16
41515,11
41515,32
41515,26
41516,11
41517,11
41518,11
41519,11
41519,29
41520,11
41520,2
41521,11
41521,26
41522,11
41523,11
41524,11
41525,11
41525,2
41526,11
37124,22
41527,11
41528,11
41528,16
41528,21
41529,11
41529,15
41530,11
41531,1
41531,11
41531,15
41532,11
41533,11
41533,15
41533,21
41534,11
41535,11
41536,11
41537,11
41537,15
41538,11
41538,21
41538,26
41539,11
41539,15
41540,11
41541,11
41541,21
41542,11
41543,11
41544,11
41544,16
41544,21
41545,11
41546,11
41546,21
41547,11
41547,21
41547,26
41548,11
41548,16
41549,11
41549,2
41549,10
41550,11
41551,11
41551,21
41551,24
41552,11
41553,11
41554,11
41555,11
41556,11
41556,2
41556,32
41557,11
41557,21
41557,30
41558,11
41559,11
19007,21
19007,27
41560,11
41561,11
41561,2
41561,32
41562,11
41562,22
41563,11
41563,16
41563,31
41564,11
41565,11
41565,16
41565,21
41566,11
41566,15
41567,11
41568,11
41568,21
41568,19
41569,11
41569,31
41570,11
41570,15
41571,1
41571,11
41571,28
41572,11
41573,11
41574,11
41574,15
41575,11
41576,11
41576,21
41576,26
41577,11
41577,2
41577,16
41578,11
41579,11
41579,22
41580,11
41580,2
41580,21
41581,11
41581,15
41581,21
41582,11
41582,16
41582,21
41583,11
41584,11
41585,11
41585,16
41585,21
41586,11
41586,21
41587,11
41588,11
41589,11
41589,15
41589,31
41590,11
41591,11
41592,11
41592,15
41593,11
41593,15
41594,11
41594,21
41595,21
41595,11
41596,11
41596,21
41597,11
41598,11
41598,16
41598,21
41599,11
41600,11
41600,15
41601,11
41601,21
41601,24
41602,11
41602,2
41602,15
41603,11
41604,11
41604,21
41604,30
41605,11
41606,11
41607,11
10547,10
10547,22
41608,11
41608,21
41609,11
41609,16
41610,11
41610,15
41610,21
41611,11
41612,11
41612,2
41612,21
41613,11
41613,15
41613,21
41614,11
41615,11
41615,2
41615,7
41616,11
41617,11
41617,15
41617,21
41618,11
41618,21
41619,2
41619,11
41620,11
41620,2
41621,11
41621,15
41621,24
41622,11
41622,16
41622,22
41623,11
41624,11
41624,2
41624,24
41625,11
41626,11
41627,11
41627,32
41628,11
41628,30
41629,11
41630,11
41630,16
41631,11
41632,11
41633,11
41633,19
41634,11
41634,21
41635,11
41635,2
41635,24
41636,11
41637,11
41637,16
41637,21
41638,11
41639,11
41639,15
41640,11
41641,11
41641,16
41641,14
41642,11
41642,31
41642,22
41643,11
41644,11
41645,11
41646,11
41646,21
41647,11
41648,11
41648,16
41648,22
41649,11
41649,15
41649,19
41650,11
41650,15
41650,21
41651,11
41652,11
41652,21
41652,29
41653,11
41653,10
41653,26
41654,11
41655,11
41655,2
41655,16
14749,16
14749,22
41656,11
41656,2
41657,11
41658,11
41659,11
41659,15
41660,11
41661,11
41661,2
41662,11
41662,21
41662,7
41663,11
41664,11
41664,21
41665,11
41666,11
41666,16
41667,11
41668,11
41668,16
41669,11
41669,16
41669,22
41670,11
41670,2
41670,29
41671,21
41671,11
41671,3
41672,11
41673,11
41673,15
41674,11
41674,16
41674,10
41675,11
41676,11
41677,11
41678,11
41679,11
41679,21
41679,24
41680,11
41680,2
41680,21
41681,11
41682,11
41683,11
41684,11
41685,11
41685,24
41686,11
41686,21
41686,24
41687,11
41687,21
41687,22
41688,11
41689,11
41690,11
41690,2
41690,32
41691,11
41691,2
41692,11
41692,2
41692,16
29980,21
41693,11
41694,11
41694,2
41694,19
41695,11
41695,16
41696,11
41697,11
41698,11
41699,11
41700,11
41700,21
41700,7
41701,11
41701,2
41702,11
41702,2
41702,15
41703,11
39470,21
39470,26
41704,11
41705,11
41706,11
41707,11
41708,11
41708,16
41709,11
41709,16
41709,22
41710,11
41711,11
7567,30
41712,11
41712,16
41712,21
41713,11
41713,15
41713,16
41714,11
41715,11
41715,2
41715,7
41716,11
41716,16
41716,30
41717,11
41717,15
41718,11
41718,21
41718,26
41719,11
41719,21
41720,11
41720,21
41720,24
41721,11
41721,16
41722,11
41722,16
41722,21
41723,11
41723,15
41724,11
41724,15
41724,16
41725,11
41725,22
41726,11
41726,21
41726,7
41727,11
41727,21
41728,11
41728,2
41728,32
37134,32
41729,11
41730,2
41730,11
7890,2
41731,11
41731,22
41732,11
41732,32
41732,31
41733,11
41733,16
41733,21
41734,11
29274,26
41735,11
41735,2
41735,32
41736,11
41736,2
41736,15
41737,11
41737,22
41738,11
41739,11
41739,21
41739,32
41740,11
41741,11
41741,22
41742,11
41743,11
41743,21
41743,19
41744,11
41745,11
41746,11
41746,16
41746,21
41747,11
41747,31
9657,16
41748,11
41748,16
41749,11
41749,15
41750,11
41750,2
41750,26
41751,11
41752,11
41752,15
41752,27
41753,11
41754,11
41754,15
41755,11
41756,11
41757,11
41757,19
41758,11
41758,2
41759,11
41759,21
41760,11
41760,10
41761,1
41761,11
41761,2
41762,11
41763,11
41764,1
41764,11
41765,11
41766,11
41766,15
41766,24
41767,11
41767,15
41768,11
41769,11
41769,21
41770,11
41771,11
41772,11
41772,21
41773,11
41774,11
41774,21
41775,11
41775,16
41776,11
41776,16
41776,21
41777,11
41777,15
41777,16
41778,11
41779,11
41779,2
41779,32
41780,11
41780,3
41781,11
41782,11
41783,11
41783,16
41783,21
41784,11
41784,15
41784,21
41785,11
41785,21
41786,11
41786,16
41787,11
41787,22
41788,11
41788,2
41788,32
41789,11
41790,11
41791,11
41791,2
41791,19
41792,11
41792,21
41793,11
41794,11
9886,16
17991,15
41795,11
41796,11
41796,21
41797,11
41797,21
41797,24
41798,11
41798,15
41799,11
41800,11
41800,16
41801,11
41802,11
41803,11
41804,11
41804,16
41805,11
41806,11
41807,11
41807,16
41807,22
41808,11
41808,21
41808,7
41809,11
41809,22
41810,11
41810,21
41810,22
41811,11
41811,21
41812,11
41813,11
41813,21
41813,22
41814,11
41814,2
41814,15
41815,11
41815,22
41816,11
41817,11
29198,21
29198,10
41818,11
41818,32
41819,11
41819,15
41819,26
41820,11
41820,21
41820,19
41821,11
41822,11
41822,16
41822,10
41823,11
41823,16
41823,21
41824,11
41824,21
41824,32
41825,11
41825,15
41826,11
41826,2
41826,26
41827,11
41828,11
41829,21
41829,11
41830,11
41830,10
41830,22
41831,11
41832,11
23771,31
23771,24
41833,11
41834,11
41834,16
41835,11
41835,16
41835,21
41836,11
41836,10
41836,22
41837,11
41838,11
41838,29
41839,11
41839,2
41839,26
41840,11
41841,11
41841,15
3005,22
41842,11
41843,11
41843,2
41843,21
41844,11
41844,21
41844,10
41845,11
41845,16
41845,22
41846,21
41846,2
41846,11
41847,11
41847,21
41847,31
41848,11
41849,11
41849,31
41850,11
41851,11
41851,32
41851,26
41852,11
41853,11
41853,15
41853,24
41854,11
41854,2
41854,31
41855,11
41856,11
41856,2
41857,11
41858,11
41859,11
41860,11
41860,15
41860,31
41861,11
41861,21
41861,29
41862,11
41862,21
41863,11
41863,15
41864,11
41865,11
41865,10
41866,11
41867,11
8485,16
41868,11
41868,2
5892,2
5892,21
41869,11
41869,16
41869,21
41870,11
41870,2
41870,10
41871,11
41871,15
41871,21
41872,11
41872,16
41872,21
41873,11
41874,11
41874,15
41218,15
41218,24
41875,11
41875,21
41876,11
41877,11
41877,22
41878,11
41878,21
41878,29
41879,11
41879,21
41880,11
41880,21
41881,11
41881,15
41881,24
41882,11
41883,11
41883,7
41883,22
41884,11
41884,16
41885,11
41885,21
41885,19
41886,11
41886,3
41887,11
41888,11
41889,11
41890,11
41890,2
41890,3
41891,11
41891,15
41892,11
41892,2
41892,7
41893,11
41894,11
41894,15
41894,21
41895,11
41895,15
41896,11
41897,11
41898,11
41899,11
41899,2
41899,15
41900,11
41901,11
41902,11
41902,16
41902,21
41903,11
41903,31
41904,11
41904,15
41905,11
41905,16
41906,11
41907,11
41908,11
41909,11
41910,11
41911,11
41911,2
41911,29
41912,11
41912,22
41913,11
41913,21
41914,11
41915,11
41915,21
41916,11
41917,11
41917,2
41917,21
41918,11
41919,11
41919,2
41919,21
41920,11
41920,21
41921,11
41921,16
41922,11
41922,31
41923,11
41923,16
41923,21
41924,11
41924,15
41924,31
41925,11
41926,11
41926,21
41927,11
41928,11
41928,31
41929,11
41929,21
41930,11
41930,15
41931,11
41931,21
41931,24
41932,11
41933,11
41934,15
41934,11
41934,10
41935,11
41935,16
41936,11
41936,15
41936,26
41937,11
41937,21
41938,11
41938,15
41939,11
41939,2
41939,32
41940,11
41940,21
41941,11
41941,2
41941,15
41942,11
41942,21
41942,3
41943,21
41943,11
41943,29
41944,11
41945,11
41945,21
41946,11
41946,2
41947,11
41948,11
41949,11
41949,21
41949,19
41950,11
41950,21
41951,11
41951,21
41952,11
41952,15
41953,11
41954,11
41955,11
35364,16
35364,22
41956,11
41956,15
41957,11
41957,2
41957,29
41958,11
23978,15
23978,22
41959,11
41959,21
41960,11
41961,11
41962,11
41963,11
41963,3
41964,11
41964,16
41964,22
41965,11
41966,11
41966,15
41967,11
41968,11
41968,21
41969,11
41969,16
41970,11
41971,11
41972,11
41973,11
41973,2
41974,11
41975,16
41975,11
41976,11
41976,21
41977,11
41978,11
41978,21
41979,11
41980,11
41980,16
41981,11
41982,11
41982,15
41982,16
41983,11
41984,11
41984,2
41984,26
41985,11
41985,15
41986,11
41986,15
41986,21
41987,11
41988,11
41989,11
41990,11
41991,11
41992,11
41992,22
41993,11
41993,15
41993,32
41994,11
41994,16
41994,10
41995,11
41996,11
41997,11
41997,15
41997,19
41998,11
41999,11
41999,21
42000,11
42000,2
42000,16
42001,11
42001,26
42002,11
42002,15
42003,11
42004,11
42004,2
42004,21
42005,11
42005,7
42005,24
42006,11
42007,11
42008,11
42008,6
42008,21
42009,11
42009,21
42009,19
42010,11
42010,16
42011,11
42011,3
42012,11
42012,2
42013,11
42013,2
42014,11
38612,26
42015,11
42015,16
42015,21
42016,11
42017,11
42017,2
42017,21
42018,11
42018,21
42018,24
42019,11
42019,19
42020,11
42021,11
42021,21
42021,19
42022,11
42022,32
42022,19
42023,11
42024,11
42024,2
42024,24
42025,11
42025,15
42025,26
42026,11
42026,21
42026,22
42027,11
42027,16
42027,31
42028,11
42029,11
42030,11
42030,15
42031,11
42031,15
42031,21
42032,11
42033,11
42033,2
42034,11
42035,11
42036,11
42036,26
42036,19
42037,11
42037,7
42038,11
42039,11
42040,11
42040,21
42041,11
42042,11
42042,15
42042,16
42043,11
42043,31
42043,22
42044,11
42045,11
42046,11
42047,11
42047,21
42048,11
42048,2
42049,11
42050,11
42051,11
42052,11
42053,11
42054,11
42055,11
42055,2
42056,11
42057,11
42058,11
42058,2
42058,21
42059,11
42060,11
42061,11
42061,31
42061,24
42062,11
42063,11
42064,11
42064,2
42065,11
42065,15
42066,11
42067,11
42068,11
42069,11
42069,16
42070,11
42070,24
42071,11
42072,11
42072,31
42072,22
42073,11
42073,21
42074,11
42074,31
42075,11
42076,11
42077,11
42078,11
42079,11
42079,16
42079,22
42080,11
42081,11
42081,15
42081,16
42082,11
42082,19
42083,11
42083,21
42083,10
42084,11
42085,11
42085,21
42086,11
42087,11
42087,16
42087,21
42088,11
42089,11
42090,11
42090,16
42091,11
42091,16
42091,22
42092,11
42093,11
42093,26
42093,22
42094,11
42094,2
42094,21
42095,11
42096,11
42096,16
42096,21
42097,11
42097,16
42097,22
42098,11
42098,21
42098,31
42099,11
42099,22
42100,11
42100,16
42100,21
42101,11
42101,2
42101,22
42102,11
42103,11
42103,2
42103,21
42104,11
42104,15
42105,11
42106,11
42106,22
42107,11
42108,11
42108,15
42108,29
37985,16
42109,11
42109,21
42110,11
42110,2
42111,11
42112,11
42113,11
27336,21
27336,32
42114,11
42115,11
42115,15
42116,11
2867,24
42117,11
42118,11
42119,11
42119,15
42120,11
42120,2
42120,26
42121,11
42122,11
42123,11
42124,11
42125,11
42125,2
42125,21
42126,11
42127,11
42128,11
42128,16
42129,11
42130,11
42130,2
42130,15
42131,11
42131,21
42132,11
42133,11
42134,11
42134,2
42135,11
42135,16
42135,21
42136,11
42137,11
42137,32
42138,11
42138,21
42138,29
42139,11
42140,11
42141,11
42141,21
42142,1
42142,11
42142,2
42143,11
42143,21
42143,24
42144,11
42145,11
42146,11
42147,11
42148,11
42148,32
42148,10
42149,11
42149,16
42149,21
42150,11
42150,16
42150,21
42151,11
42151,16
42151,21
42152,11
42153,11
42154,11
42155,11
9406,16
9406,21
42156,11
42157,11
42158,11
42158,31
42159,11
42159,21
42160,11
42160,2
42160,15
42161,11
42162,11
42162,21
42162,7
42163,11
42163,2
42163,16
42164,11
42165,11
42165,16
42165,32
42166,11
42167,11
42167,22
42168,11
42169,11
42169,24
42169,3
42170,11
42170,15
42170,22
42171,11
42171,15
42172,11
8898,26
42173,11
42173,21
42174,11
42174,26
42174,22
42175,11
42175,21
42175,22
42176,11
42176,2
42176,32
42177,11
42178,11
42178,15
42178,31
42179,11
42179,15
42179,21
42180,11
42181,11
42181,16
42181,21
42182,11
42183,11
42184,11
42184,32
42185,11
42185,15
42185,16
42186,11
42186,21
42187,11
42187,29
42188,2
42188,11
42189,11
42190,11
42190,21
42190,7
42191,11
42192,11
42193,11
42193,3
42194,11
42194,15
42194,32
42195,11
42196,11
42196,21
42197,11
42197,16
42198,11
42199,11
42200,11
42200,21
42200,22
3730,29
42201,11
42202,11
42202,21
42202,7
42203,11
42203,6
42203,21
42204,11
42205,11
42206,11
42206,21
42206,27
42207,11
42207,2
42207,21
42208,11
42208,26
42209,11
42210,11
42210,22
42211,11
42212,11
42213,11
42214,11
42214,2
42214,21
42215,11
42215,21
42215,24
42216,11
42216,21
42216,24
42217,11
42217,16
42218,11
42218,2
42219,11
42220,11
42221,11
42221,2
42222,11
42222,22
42223,11
42223,22
42224,11
42224,21
42224,7
42225,11
42225,16
42226,11
42226,22
42227,11
42227,26
42228,11
42228,21
42229,11
42229,16
42229,21
42230,11
42231,11
42231,21
42232,11
42233,11
42234,11
42234,2
42234,15
42235,11
42236,11
42236,2
42236,15
42237,11
42237,21
42238,11
42239,11
42239,15
42239,21
42240,11
42241,11
42242,11
42242,16
42243,11
42244,11
42244,16
42245,11
42245,22
42246,11
42246,15
42246,30
42247,11
42248,11
42249,11
42250,11
42251,11
42252,11
42252,21
42253,11
42253,15
42254,11
42254,2
42254,15
42255,11
42255,2
42255,21
42256,11
42256,21
42256,22
42257,11
42257,21
42258,11
42259,11
42260,11
42260,2
42260,15
42261,11
42261,2
42261,15
42262,11
42262,21
42263,11
42264,11
42264,14
42265,11
42265,15
42266,11
42266,10
42266,24
42267,11
42267,21
42268,11
42268,2
42268,31
42269,11
42269,16
42269,21
42270,11
42270,22
42271,11
42271,2
42272,11
42272,2
42272,3
42273,11
42273,3
42274,11
42275,11
42275,16
42276,11
42276,21
42277,11
42278,11
42278,16
42278,26
42279,11
42279,22
42280,11
42280,15
42281,11
42281,16
42282,11
42282,15
42282,31
42283,11
42283,15
42284,11
42285,11
42285,2
42286,11
42286,31
42286,22
42287,11
42287,16
42288,11
42289,11
42289,10
42289,22
42290,11
42290,21
42290,19
42291,21
42291,11
42291,24
42292,11
42292,10
42292,24
42293,11
42293,21
42294,11
42294,2
42294,3
42295,11
42295,16
42295,21
42296,11
42296,16
42296,21
42297,11
42298,11
42299,11
42299,21
42300,11
42300,15
42300,21
42301,11
42301,21
42302,11
42303,11
42303,15
42303,26
42304,11
42304,21
42304,24
42305,11
42305,2
42305,21
42306,11
42306,21
42307,11
42308,11
42309,11
42309,16
42310,11
42311,11
42311,15
42311,3
42312,11
42313,11
42314,11
42315,11
42315,16
42315,21
42316,11
42317,11
42317,2
42317,3
42318,11
42318,15
42318,31
28883,21
42319,11
42319,2
42319,21
42320,11
42320,2
42320,32
42321,11
42321,16
42321,22
42322,11
42323,11
42324,11
42325,11
42325,21
42326,11
42327,11
42327,2
42327,21
42328,11
42328,15
42328,21
42329,11
42330,11
42331,11
42332,11
42332,24
42332,15
42333,11
42333,15
42334,11
42334,22
42335,11
42336,11
42337,11
42338,11
42338,21
42339,11
42339,21
42340,11
42341,11
42342,11
42342,21
42342,24
42343,15
42343,11
42343,1
42344,11
42345,11
42346,11
42346,16
42346,21
42347,11
42348,11
42349,11
42349,16
42350,11
42351,11
42351,19
42352,11
42353,11
42353,15
42353,29
42354,11
42355,11
42356,11
42356,21
42356,7
42357,11
42358,11
42359,11
42359,16
42360,11
42361,11
42361,16
42362,11
42362,21
42363,11
42363,21
31708,22
42364,11
42365,11
1566,11
1566,26
1566,22
42366,11
42367,11
42368,11
42368,22
42369,11
42370,11
42371,11
42371,16
42372,11
42373,11
42373,15
42373,16
42374,11
42375,11
42376,11
42377,11
42377,22
42378,11
42378,15
42378,31
42379,11
32873,21
42380,11
42381,11
42381,16
42381,21
42382,11
42383,11
42384,11
42385,11
42386,11
42386,2
42387,11
42388,11
42388,15
42388,32
42389,11
42390,11
42391,11
42392,11
42392,16
42393,11
42393,16
42393,22
42394,11
42395,11
42396,11
42396,31
42397,11
42397,22
2222,16
42398,11
42399,11
42400,11
42401,11
42401,21
42402,11
42402,3
42403,11
42404,11
42405,11
42405,21
42406,11
42407,11
42407,10
42407,19
42408,11
42409,11
42410,11
42411,11
42412,11
42412,21
42412,19
42413,11
42413,16
42413,21
42414,11
42415,11
42416,1
42416,11
42416,31
42417,11
42418,11
42418,7
42419,14
42419,11
42420,11
42420,21
42421,11
42422,11
42423,11
42423,15
42424,11
42425,11
42426,11
42426,21
42426,24
42427,11
42428,11
42428,2
42429,11
42430,11
42430,15
42430,16
42431,11
42432,11
42432,16
42433,11
42433,16
42433,21
42434,11
42435,11
42436,11
42436,21
42437,11
42437,10
42437,22
42438,11
42439,11
42439,16
42439,22
42440,11
42441,11
42441,16
42441,21
42442,11
42442,15
42443,11
42444,11
42445,11
42446,11
42446,21
42447,11
42447,21
42447,19
42448,11
42448,24
42448,22
42449,11
42449,32
42449,26
42450,11
42450,30
42451,11
42451,15
42452,11
42452,16
42453,11
42454,11
42455,11
42455,21
42455,30
42456,11
42456,21
42457,11
42457,21
42457,19
42458,11
42459,11
42459,14
42459,26
42460,11
42461,11
42461,30
42462,11
42463,11
42463,16
42463,21
42464,11
42465,11
42465,15
42465,24
42466,11
42467,11
42467,16
42467,24
42468,11
42469,11
42469,16
42470,11
42470,21
42470,22
42471,11
42472,11
42472,21
42472,32
42473,11
42473,2
42474,11
42475,11
42476,11
42476,16
42477,11
42478,11
42478,21
42479,11
42479,21
42479,24
42480,11
42480,22
42481,11
42481,15
42482,11
42482,16
42482,21
42483,11
42483,21
42484,11
42485,11
42485,2
42485,21
42486,11
42486,21
42487,11
42488,11
42488,16
42488,10
42489,11
42489,21
42490,11
42491,11
42491,21
42491,22
42492,11
42492,15
42493,11
42494,11
42494,2
42494,26
42495,11
42496,1
42496,11
42496,21
42497,11
42497,22
42497,19
42498,11
42499,11
42500,11
42500,15
42501,11
42501,15
42501,16
42502,11
42503,11
42504,11
42505,11
42505,32
42506,11
42506,15
42506,29
42507,11
42507,32
42507,26
42508,11
42508,2
42508,26
42509,11
42510,11
42511,11
42511,21
42512,11
42512,2
42512,16
42513,11
42513,15
42513,31
42514,11
42514,2
42514,26
42515,11
42516,11
42516,16
42516,21
42517,11
42517,16
42518,11
42518,2
42519,11
42519,31
42520,11
42520,2
42520,21
42521,11
42522,11
42523,11
42524,11
42524,16
42524,21
42525,11
42526,11
42526,21
42526,19
42527,11
42527,2
42527,21
42528,11
42528,15
42529,11
42529,21
42529,7
42530,11
42531,11
42532,11
42532,2
42532,24
42533,11
42533,16
42533,21
42534,11
42534,16
42535,11
42536,11
42536,15
42536,3
42537,11
42538,11
42538,21
42538,3
42539,11
42539,16
42540,11
42540,21
42541,11
42542,11
42542,21
42543,11
42543,21
42544,11
42544,16
42544,21
42545,11
42545,31
42545,22
42546,11
42547,11
42547,16
42548,11
42549,11
42549,26
42550,11
42550,15
42550,26
42551,11
42551,2
42551,26
42552,11
42552,15
42552,10
42553,11
42553,16
42553,22
42554,11
42555,11
42555,2
42555,32
42556,11
42556,21
42557,11
42558,11
42558,32
42558,31
42559,11
42559,19
42560,11
42560,31
42560,26
42561,11
42562,11
42563,11
42564,11
42565,11
42566,11
42566,16
42567,11
42567,16
42567,21
42568,11
42568,2
42568,21
42569,11
42570,11
42571,11
42572,11
42572,22
42573,11
42574,11
42574,27
42575,11
42575,21
42575,19
42576,11
42577,11
42578,11
42578,21
42579,11
42579,16
42580,11
42580,22
42581,11
42582,11
42582,16
42583,11
42583,16
42584,11
42584,21
42584,32
42585,11
42585,30
42586,11
42587,11
42587,31
42587,10
42588,11
42589,11
42589,2
42589,21
42590,11
42591,11
42591,2
42591,32
42592,11
42593,11
42593,21
42593,19
42594,11
42595,11
42596,11
42596,21
17556,21
42597,11
42598,11
42598,16
42599,11
42599,19
42600,11
42600,31
42601,11
42602,11
42603,11
42603,15
42604,11
42604,21
42605,11
42605,15
42605,3
42606,11
42606,32
42607,11
42607,21
42607,22
42608,11
42608,2
42608,30
42609,11
42610,11
42610,21
42611,11
42611,21
42612,11
42612,22
42612,19
42613,11
42614,11
42615,11
42615,15
42616,11
42617,1
42617,11
42617,2
42618,11
42618,16
42618,21
42619,11
42619,21
42619,7
42620,11
42620,21
42620,22
42621,11
42621,15
42621,21
42622,11
42623,11
42623,16
42623,21
42624,11
42625,11
42625,16
42626,11
42627,11
42628,11
42629,11
42629,2
42629,16
42630,11
42630,24
42631,11
42632,11
42633,11
42633,2
42634,11
42634,15
42634,29
42635,11
42636,11
42637,11
42637,2
42637,15
42638,11
42638,16
42638,21
42639,11
42639,16
42639,32
42640,11
42640,22
42641,11
42641,21
42641,19
42642,11
42643,11
42643,16
42643,21
42644,11
42645,11
42646,11
42646,10
42647,11
42647,21
42648,11
42648,15
42648,21
42649,11
42649,16
42650,11
42650,15
42650,31
42651,11
42652,11
42652,2
42652,16
42653,11
42653,16
42653,22
42654,11
42655,11
42656,11
42656,16
42657,11
4351,15
42658,11
42658,16
42658,21
42659,11
42660,11
42660,19
42661,11
42662,11
42662,21
42663,11
42664,11
42665,11
42665,21
42665,24
42666,11
42667,11
42667,2
42668,11
42669,11
42670,11
42671,11
42671,21
42672,11
42672,22
42673,11
42674,11
42675,11
42675,19
42676,11
42676,15
42677,11
42677,15
42678,11
42678,26
42679,11
42679,32
42680,11
42680,22
42681,11
42682,11
42682,15
42683,11
42683,15
42683,26
42684,11
42685,11
42686,11
42686,32
42687,11
42688,11
42689,11
42689,21
42689,24
42690,11
42691,11
42691,16
42692,11
42693,11
42693,19
42694,11
42694,15
42694,14
42695,11
42695,16
42695,21
42696,11
42696,22
42697,11
42697,21
42698,1
42698,11
42699,11
42699,2
42699,6
42700,11
42700,21
42700,22
42701,11
42702,11
42703,11
42704,11
42704,21
42704,19
13047,16
42705,11
42705,15
42705,32
42706,11
42707,11
42707,15
42707,21
42708,11
42708,2
42709,11
42710,11
42710,22
42711,11
42711,16
42712,11
42713,11
42714,11
42715,11
42716,11
42717,11
42717,16
42718,11
42719,11
42719,21
42719,22
42720,11
42720,2
42720,16
42721,11
42722,11
42723,11
42724,11
42724,19
42725,11
42726,11
42726,16
42727,11
42727,21
42727,3
42728,11
42729,11
37923,16
37923,24
42730,11
42731,11
42731,21
42732,11
42733,11
42734,11
42735,11
42735,16
42736,11
42737,11
42737,19
42738,11
42738,32
42739,11
42739,22
42740,11
42740,31
42741,11
42742,11
42743,11
42744,11
42745,11
42745,2
42745,26
42746,11
42746,16
42747,11
42747,15
42747,21
42748,11
42749,11
42750,11
42750,22
42751,11
42751,2
42751,21
42752,11
42753,11
42753,2
42753,21
42754,11
42755,11
42755,16
42755,21
42756,11
42756,21
42756,10
42757,11
42758,11
42758,16
42758,22
42759,11
42759,21
42759,19
42760,11
42760,21
42760,29
42761,11
42762,11
42762,16
42763,11
42763,16
42764,11
42764,16
42765,11
42765,21
42765,24
42766,11
42767,11
42767,3
42768,11
42768,26
42769,11
42770,11
42771,11
42772,11
42772,16
42772,22
42773,11
42773,15
42773,19
42774,11
42775,11
42775,2
42775,16
42776,11
42776,21
42777,11
42777,22
42778,11
42779,11
42779,21
42780,11
42780,16
42781,11
42781,15
42782,11
42782,21
42783,11
42784,11
42784,21
42785,11
42786,11
42786,2
42786,32
42787,11
42787,21
42787,32
42788,11
42789,11
42789,15
42790,11
42790,19
42791,11
42791,21
42791,24
42792,11
42793,11
42794,11
42795,11
42795,21
42796,11
42796,2
42797,11
42797,15
42798,11
42799,11
42799,21
42799,29
42800,11
42801,11
42801,22
42802,11
42803,11
42803,15
42804,11
42804,21
42805,11
42805,2
42806,11
42807,11
42808,11
42809,11
42810,11
42811,11
42811,15
42812,11
42812,21
42813,11
42814,11
42815,11
42816,11
42816,21
42817,11
42817,16
42045,16
42045,22
42818,11
42818,32
42819,11
42820,11
42821,11
42822,11
42823,11
42823,15
42823,21
42824,11
42825,11
42826,11
10644,22
42827,11
42828,11
42829,11
42830,11
42830,16
42831,11
42831,21
42832,11
42832,21
42833,11
42834,11
42834,21
42835,11
42835,2
42835,16
42836,11
42836,16
42837,11
42837,21
42838,11
42838,15
42838,3
42839,11
42840,11
42841,11
42841,15
42841,21
42842,11
42842,21
42842,30
42843,11
42843,21
36200,21
42844,11
42845,11
42845,16
42846,11
42847,11
42847,2
42847,24
42848,11
42848,31
42848,22
27332,19
42849,11
42850,11
42851,11
42851,15
42851,21
42852,11
42853,11
42853,2
42853,15
42854,11
42855,11
42855,16
42856,11
42856,2
42856,29
42857,11
42857,21
42858,11
42859,11
42859,15
42860,11
42861,11
42862,11
42863,11
42864,11
42864,16
42865,11
42865,16
42865,21
42866,11
42866,21
42867,11
42868,11
42868,16
42869,11
42869,2
42869,21
42870,11
42870,2
42870,21
42871,11
42871,21
42871,24
42872,11
42872,15
42873,11
42873,16
42874,11
42874,16
42875,11
42876,11
42877,11
42877,2
42877,24
42878,11
42878,16
42878,21
42879,11
42880,11
42880,32
42880,24
42881,11
42881,16
42882,11
42882,24
42883,11
42883,31
42883,22
42884,11
42884,2
42884,32
42885,11
42886,11
42887,11
42887,15
42888,11
42888,15
42889,11
32778,22
42890,11
42891,11
42892,11
42892,16
42893,11
42894,11
42895,11
42896,11
42897,11
42897,16
42897,21
42898,11
42898,2
42898,21
42899,11
42900,11
42900,16
42900,21
5178,22
42901,11
42902,11
42903,11
42904,11
42904,16
42905,11
42906,11
42907,2
42907,11
42908,11
42908,16
42909,11
42909,21
42910,11
42911,11
42911,15
42911,26
42912,11
42913,11
42913,15
42914,11
42915,11
42915,2
42916,11
42916,21
42917,11
42917,21
42917,22
42918,11
42919,11
42920,11
42920,16
42921,11
42922,11
42922,21
42923,11
42924,11
42925,11
42925,21
42926,32
42926,11
42927,11
42928,11
42928,21
42929,11
42930,11
42930,2
42930,32
42931,11
42931,15
42931,21
42932,11
42933,11
42933,16
42934,11
42935,11
42935,16
42936,11
42937,11
42938,11
42939,11
42939,2
42940,11
42941,11
42941,7
42941,31
42942,11
42942,2
42942,6
42943,11
42944,11
42945,11
42946,11
42946,21
42947,11
42948,11
42949,11
42950,11
42951,11
42951,16
42952,11
42952,15
42953,11
42954,11
42954,2
42954,21
42955,11
42955,21
42955,19
42956,11
42957,11
42958,11
42959,11
42959,16
42959,22
42960,11
42960,21
42960,30
42961,11
42962,11
42962,22
42963,11
42963,19
42964,11
42965,11
42965,19
42966,11
42967,11
42968,11
42968,21
42969,11
42970,11
42970,2
42970,32
42971,11
42971,2
42971,21
42972,11
42973,11
42974,11
42975,11
42976,11
42977,11
42977,26
42978,11
42979,11
42980,11
42980,21
42981,11
42982,11
42983,11
42983,19
42984,11
42985,11
42986,11
42986,16
42986,10
42987,11
42988,11
42988,16
42988,21
42989,11
42990,11
42990,2
42990,21
42991,11
42992,11
42992,21
42992,7
42993,11
42993,21
42993,16
42994,11
42994,21
42995,11
42996,11
42996,21
42997,11
42997,2
42997,21
42998,11
42998,21
42999,11
43000,11
43001,11
43002,11
43003,11
43003,31
43003,27
43004,11
43004,26
43005,11
43006,11
43007,11
43007,16
43007,21
43008,11
43008,21
43008,22
43009,11
43010,11
43011,11
43011,16
43012,11
43012,2
43013,11
43013,21
43014,11
43015,11
43016,11
43017,11
43018,11
43019,11
43019,21
43020,11
43021,11
43021,15
43021,3
43022,11
43022,21
43023,11
43023,26
43024,11
43024,2
43024,32
43025,11
43026,11
43027,11
43027,2
43027,16
43028,11
43028,2
43029,11
43030,11
43030,21
43030,26
43031,11
43032,11
43033,11
43033,30
43034,11
28137,31
43035,11
43036,11
43036,21
43036,22
43037,11
43037,16
43038,11
43038,2
43038,21
43039,11
24535,32
43040,11
43041,11
43042,21
43042,11
43043,11
43044,11
43044,19
43045,11
43046,11
43047,11
43048,11
43049,11
43050,11
43050,16
43050,21
43051,11
43052,11
43052,21
43053,11
43053,2
43053,32
43054,11
43054,15
43054,32
43055,11
43055,16
43056,11
43056,22
43057,11
43057,16
43058,11
43059,11
43059,21
43059,22
43060,11
43060,16
43060,26
34904,2
43061,11
43061,15
43061,21
43062,11
43062,21
43063,11
43064,1
43064,11
43064,32
43065,11
43065,22
43066,11
43067,11
43068,11
43069,11
43070,11
43071,11
43071,2
43072,11
43073,11
43073,2
43074,11
43074,16
43074,22
43075,11
43075,21
43075,19
43076,11
43077,11
43078,11
43078,31
43078,26
43079,11
43079,16
43080,11
43081,11
43081,21
43082,11
43083,11
43084,11
43084,21
43085,11
43086,11
43086,32
43086,31
43087,11
43087,2
43087,15
43088,11
43088,3
43089,11
43089,26
43090,11
43090,21
43090,19
43091,11
43092,11
43092,21
43092,27
43093,11
43094,11
43095,11
43095,16
43095,21
43096,11
43096,22
43096,16
43097,11
43097,21
43098,11
43098,2
43098,24
43099,11
43099,16
43100,11
43100,21
43100,31
43101,11
43101,21
43102,11
43103,11
43104,11
43104,2
43105,11
43106,11
43107,11
43107,16
43108,11
43109,11
43109,15
43109,10
43110,11
43110,26
43111,11
43112,11
43112,21
43113,11
43114,11
43115,11
43116,11
43116,24
43116,3
43117,11
43117,16
43117,21
43118,11
43119,11
43120,11
43120,15
43120,21
43121,11
43122,11
43123,11
43124,11
43124,16
43125,11
43125,15
43126,11
43127,11
43128,11
43129,11
43130,11
43130,19
43131,11
43132,11
43132,21
43133,11
43134,11
43135,11
43135,15
43135,22
17396,21
43136,11
43137,11
43137,22
43138,11
43138,21
43139,11
43139,22
43140,14
43140,27
43140,11
43141,11
43142,11
43142,2
43143,11
43143,26
43144,11
43145,11
43145,15
43146,11
43147,11
43148,11
43149,11
43149,21
43150,11
43151,11
43151,2
43152,11
43152,2
43152,15
43153,11
43153,22
43154,11
43155,11
43155,21
43155,7
43156,11
43157,11
43157,15
43157,16
43158,11
43159,11
43160,11
43161,11
43161,2
43161,16
43162,11
43162,15
43162,16
43163,11
43163,21
43164,11
43164,21
43164,22
43165,11
43166,11
43166,15
43166,3
43167,11
43168,11
43168,2
43168,15
43169,11
43169,21
43170,11
43171,11
43172,11
43173,11
43173,21
43174,11
43174,19
43175,11
43176,11
43177,1
43177,11
43177,2
43178,11
43178,16
43179,11
43179,19
43180,11
43180,26
43181,11
43182,11
43183,11
43183,2
43184,11
43185,11
43185,21
43186,11
43186,2
43186,3
43187,11
43188,11
43188,21
43189,11
43189,22
43190,11
43190,16
43191,11
43191,15
43192,11
43192,22
43193,11
43194,11
43195,11
43195,2
43196,11
43196,21
43196,14
43197,11
43197,21
43197,22
43198,11
43198,21
43199,11
43199,16
43200,22
43200,11
43201,11
43201,2
43201,21
43202,11
43203,11
43204,11
43204,15
43204,32
43205,11
43205,16
43205,22
43206,11
43206,2
43207,11
43207,21
43207,19
43208,11
43208,26
43208,22
43209,11
43210,11
43210,2
43210,16
43211,11
43211,31
43211,22
43212,11
43213,11
43213,15
43214,11
43214,22
43215,11
43216,11
43216,2
43216,32
43217,11
43218,11
43218,2
43219,11
43220,11
43220,2
43220,21
43221,11
43222,11
43222,15
43223,11
43223,15
43224,11
43225,11
43225,16
43226,11
43226,16
43227,11
43227,21
43228,11
43229,11
43230,11
43231,11
43232,11
43232,21
43232,10
43233,11
43234,11
43234,2
43235,11
43236,11
43236,15
43236,31
43237,11
43238,11
43238,21
43239,11
43239,21
43240,11
43241,11
43242,11
43242,24
43242,26
43243,11
43243,21
43244,1
43244,11
43244,2
43245,11
43245,16
43246,11
43246,2
43246,7
43247,11
43248,11
43248,26
43249,11
43249,15
43249,16
43250,11
43250,21
43251,11
43251,16
43252,11
43253,11
43253,22
43254,11
43254,15
43255,11
43255,16
43255,21
43256,11
43257,11
43258,11
43259,11
43260,11
43260,21
43261,11
43261,16
43262,11
43263,11
43263,2
43264,11
43264,21
43264,32
43265,11
43265,21
43266,11
43266,21
43267,11
43268,11
43268,16
43269,11
43269,16
43270,11
43270,21
43271,11
43271,15
43271,16
43272,11
43272,2
43272,21
43273,11
43274,11
43275,11
43275,2
43276,1
43276,11
43276,15
604,11
43277,11
43278,11
43278,21
43278,22
43279,11
43280,11
43281,11
43282,11
43282,21
43282,22
43283,11
43284,11
43284,16
43284,21
43285,11
43286,11
43286,21
43287,11
43288,2
43288,11
43288,32
43289,11
43290,11
43291,11
43292,11
43293,11
43293,22
43294,11
43294,21
43295,11
43296,11
43297,11
43297,21
43298,11
43299,11
43300,11
43301,11
43302,11
43303,11
43303,21
43304,11
43304,21
43305,11
43306,11
43307,11
43308,11
43309,11
43309,22
43310,11
43310,22
43311,11
43312,11
43312,16
43312,21
43313,11
43314,11
43314,15
43314,16
43315,11
43315,15
43315,21
43316,11
43316,16
43317,11
43318,11
43318,2
43318,22
43319,11
43320,11
43320,2
43320,21
43321,11
43322,11
43323,11
43324,11
43324,16
43324,21
43325,11
43326,11
43327,1
43327,11
43328,11
43329,11
43329,10
43330,11
43331,11
43332,11
43332,32
43333,11
43334,11
43334,24
43335,11
43336,11
43337,11
43338,11
43339,11
43340,11
43340,26
43340,22
43341,11
43341,2
43342,11
43343,11
43343,15
43343,31
43344,11
20766,15
20766,16
43345,11
43346,11
43347,11
43348,11
43349,11
43350,11
43351,11
43351,30
43352,11
43353,11
43353,16
43354,11
43354,2
43354,32
43355,11
43355,22
43356,11
43357,11
43358,11
43358,16
43358,22
31591,15
43359,11
43359,16
43359,21
43360,11
43360,2
43360,15
43361,11
43361,21
43361,22
43362,11
43363,11
43364,11
43364,16
43365,11
43366,11
24624,32
43367,11
43368,11
43368,2
43368,22
43369,11
43370,11
43371,11
43372,11
43372,16
43372,22
43373,11
43373,2
43373,29
43374,11
43375,11
43376,1
43376,11
43376,26
43377,11
43378,11
43378,2
43378,15
43379,11
43380,11
43381,11
43381,22
43382,11
43382,15
43383,11
43383,16
43383,21
43384,11
43385,11
43386,11
43386,15
43387,11
43387,16
43388,11
43388,21
43389,11
43390,11
43390,2
43391,11
43391,21
43391,22
43392,11
43392,21
43392,32
43393,11
43394,11
43395,11
43396,11
43397,11
43397,2
43397,21
43398,11
43398,22
43399,11
43400,11
43400,16
43400,21
43401,11
43401,16
43402,11
43402,2
43403,11
43404,11
43405,11
43405,2
43405,15
43406,11
43406,16
43406,22
43407,11
43408,11
43409,11
43410,11
43411,11
43412,11
43413,11
43413,21
43413,31
43414,11
43414,16
43414,21
43415,11
43415,2
43416,11
43417,11
43417,22
43418,11
43418,21
43419,11
43419,2
43419,32
43420,11
43421,11
43421,15
43422,11
43422,2
43423,11
43423,15
43423,21
43424,11
43425,11
43426,11
43427,11
43428,11
43429,11
43430,11
43430,21
43431,11
43432,11
43433,11
43433,2
43434,11
43434,32
43434,10
29224,16
43435,11
43436,11
43436,22
43437,11
43437,15
43437,16
43438,11
43438,2
43438,21
43439,11
43439,2
43439,21
43440,11
43441,11
43442,11
43443,11
43444,11
43444,22
43445,32
43445,11
43446,11
43447,11
43448,11
43448,21
43449,11
43450,11
43451,11
43452,11
43453,11
43454,11
43455,11
43455,16
43456,11
43456,21
43456,19
43457,11
43457,2
43458,11
43458,21
43459,11
43460,11
43461,11
43462,11
43462,16
43462,21
43463,11
43463,16
43464,11
43464,16
43465,11
43466,11
43466,2
22391,22
32313,21
43467,11
43467,16
43468,11
43468,16
43469,11
43470,11
43470,6
43471,11
43471,16
43472,11
43472,21
43473,11
43474,11
43474,21
43475,11
43475,31
43476,11
43477,11
43477,15
43477,26
43478,15
43478,29
43478,11
14504,22
43479,11
43480,11
43480,2
43480,32
43481,11
43481,21
43481,22
43482,11
43482,16
43483,11
43483,2
43483,21
43484,11
43485,11
43486,11
43486,21
43487,11
43487,2
43488,11
43489,11
43489,21
43490,11
43490,15
43491,11
43491,22
43492,11
43492,3
43493,11
43494,11
43494,15
43494,24
43495,11
43496,11
43497,11
43498,11
43498,22
43499,11
43500,11
43500,2
43500,7
43501,11
43502,11
43503,11
43504,11
43504,21
43504,7
43505,11
43506,11
43506,15
43507,11
43508,11
43508,31
43508,26
43509,11
43510,11
43510,2
43511,11
43511,21
43511,22
43512,11
43512,2
43512,16
43513,11
43514,11
43514,21
43515,11
43516,11
43517,11
43517,16
43518,11
43519,11
43519,21
43519,22
43520,11
43520,21
43521,11
43522,11
43523,11
43523,26
43524,11
43524,2
43524,21
43525,11
43525,2
43525,15
43526,11
43526,16
43526,21
43527,11
43527,19
43528,11
43529,11
43529,16
43530,11
43531,1
43531,11
43531,26
43532,11
43532,2
43532,7
43533,11
43533,2
43534,11
43534,21
43535,11
43536,11
43536,21
43537,11
43538,11
43538,21
43539,11
43539,21
43539,24
43540,11
43541,11
43542,11
43542,2
43542,21
43543,11
43544,11
43545,11
43546,11
43546,2
43546,26
43547,11
43547,15
43547,21
43548,11
43548,16
43548,22
12925,16
12925,21
43549,11
43549,21
43550,11
43550,16
43550,21
43551,11
43552,11
43552,21
43552,22
43553,11
43553,21
43553,22
43554,11
43555,11
43555,2
43555,15
43556,11
43556,16
43557,11
43557,21
43558,11
43559,11
43560,11
43561,11
43561,22
43562,11
43563,11
43564,11
43564,21
43565,11
43566,11
43567,11
43567,21
43568,11
43569,11
43569,21
43570,16
43570,11
43570,22
43571,11
43572,11
43573,11
43573,26
43573,22
43574,11
43575,11
43575,15
43576,11
43577,11
43577,22
43578,11
43578,21
43578,30
43579,11
43580,11
43581,11
43581,19
43582,11
43582,16
43582,31
43583,11
43584,11
43585,11
43585,15
43586,11
43587,11
43587,16
43587,21
43588,11
43588,2
43588,32
43589,11
43590,11
43590,16
43591,11
43592,11
43593,11
43593,16
43593,22
43594,11
43595,11
43596,11
43596,2
43597,11
43598,11
43599,11
43599,15
43599,16
43600,11
43600,21
43601,11
43602,11
43603,11
43604,11
43604,31
43604,22
43605,11
43605,21
43606,11
43606,16
43606,21
43607,11
43607,21
43608,11
43609,11
43610,29
43610,26
43610,11
43611,11
43611,2
43611,32
43612,11
43613,11
43614,11
43614,21
43615,11
43616,11
43617,11
43617,21
43618,11
43618,16
43618,21
43619,11
43620,11
43620,16
43620,21
43621,11
43621,2
43621,15
43622,11
43622,16
43622,21
43623,11
43623,29
43624,11
43625,11
43626,11
43626,2
43626,32
43627,11
43628,11
43628,16
43628,21
43629,11
43629,21
43629,30
43630,11
43631,11
43632,11
43633,11
43633,21
43633,30
43634,11
43634,15
43634,24
43635,11
43636,11
43636,16
43637,11
43637,24
43638,11
43638,16
43639,11
43640,11
43641,11
43641,16
43642,11
43642,16
43642,21
43643,11
43644,11
43644,21
43644,32
43645,11
43646,11
43646,31
43647,11
43647,22
43648,11
43649,11
43649,15
43650,11
43650,15
43651,11
43651,21
43652,11
43652,21
43653,11
43654,11
43654,21
43655,11
43655,21
43655,24
43656,11
43657,11
43657,16
43658,11
43659,11
43660,11
43661,11
43662,11
43663,11
43664,11
43665,11
43666,11
43666,21
43667,11
43667,21
43667,26
43668,11
43668,2
43668,22
43669,11
43670,11
43671,11
43672,11
43672,2
43672,32
43673,11
43674,11
43674,16
43674,32
43675,11
43676,11
43677,11
43677,22
43678,11
43678,26
43679,11
43679,32
43680,11
43681,11
43681,16
43682,11
43682,15
43683,11
43683,21
43684,11
43685,11
43685,16
43686,11
43686,2
43686,22
43687,11
43687,2
43687,21
43688,11
43688,2
43688,15
43689,11
43689,21
43690,11
43690,15
43691,11
43691,15
43691,21
43692,11
43693,11
43694,11
43694,21
43695,11
8764,7
43696,11
43696,16
43696,22
43697,11
43698,11
43699,11
43699,16
43700,11
43701,11
43701,26
43702,11
43702,21
43703,11
43704,11
43705,11
43705,15
43706,11
43706,15
43707,11
43708,11
43708,2
43709,11
43709,16
43709,21
43710,11
43710,32
43710,22
43711,11
43712,11
43712,2
43712,16
43713,11
43714,11
43714,16
43715,11
43715,22
43716,11
43716,21
43717,11
43717,21
43718,11
43719,11
43720,11
43721,11
43721,16
43722,11
43723,11
43724,11
43725,11
43725,21
43725,31
43726,11
43727,11
43728,11
43728,15
43728,16
43729,11
43730,11
43731,11
43732,11
43732,21
43732,22
43733,11
43734,11
43734,16
43734,21
43735,11
43736,11
43737,11
43737,21
43737,22
43738,11
43738,2
43738,26
43739,11
43740,11
43741,11
43741,21
43741,19
43742,11
43742,2
43742,7
43743,11
43744,11
43744,2
43745,11
43745,26
43746,11
43747,11
43747,32
43748,11
43749,11
43750,11
43751,11
43752,11
43752,15
43753,11
43754,11
43754,16
43755,11
43755,16
21103,21
21103,3
43756,11
43757,11
43757,22
43758,11
43758,15
43759,1
43759,11
43759,26
43760,11
43761,11
43762,11
43763,11
43764,11
43765,11
43766,11
43766,21
43767,11
43767,29
43767,26
43768,1
43768,11
43768,15
43769,11
43770,16
43770,11
43771,21
43771,11
43772,11
43772,27
43772,24
43773,11
43773,15
43773,21
43774,11
43775,11
43776,11
43776,16
43777,11
43777,16
43777,21
43778,11
43779,11
43779,2
43779,26
43780,11
43781,11
43781,6
43781,21
43782,11
43783,11
43784,11
43784,15
43785,11
43785,2
43785,32
43786,11
43787,11
43788,11
43788,2
43788,15
43789,11
43790,11
43790,31
43790,22
43791,11
43792,11
43792,2
43792,15
43793,11
43794,11
43794,21
43795,11
43795,26
43795,22
43796,11
43797,1
43797,11
43797,32
43798,1
43798,11
43799,11
43799,2
43799,24
43800,11
43800,16
43801,11
43801,21
43802,11
43803,11
43804,11
43804,16
43805,11
43806,11
43807,11
43807,21
43807,24
43808,11
43808,2
43808,21
43809,11
43809,10
43810,11
43811,11
43812,11
43812,15
43812,24
43813,11
43814,11
43815,11
43816,11
43816,26
43816,22
43817,11
43817,2
43817,15
43818,11
43818,22
43819,11
43819,7
43820,11
43820,31
43821,11
43822,11
43823,11
43824,11
43824,10
43825,11
43826,11
43826,15
43827,11
43827,16
43828,11
43829,11
43829,19
43830,11
43830,21
43830,24
43831,11
43831,7
43831,19
43832,11
43832,16
43833,11
43833,16
43834,11
43834,21
43835,11
43836,11
43836,22
43837,11
43837,21
43838,11
43839,11
9662,22
43840,11
43840,24
43841,11
43842,11
43843,11
43844,11
43844,21
43845,11
43846,11
43847,11
43848,11
43849,11
43849,21
43849,24
43850,11
43850,2
43850,15
43851,11
43852,11
43853,11
43853,21
43853,26
43854,11
43855,11
43855,21
43856,11
43856,16
43856,22
43857,11
43858,11
43859,11
43859,21
43859,24
43860,11
43860,26
43861,11
43861,16
43862,11
43862,10
43863,11
43864,11
43865,11
43866,11
43866,16
43867,11
43867,21
43867,22
43868,11
43869,11
43869,16
43870,11
43871,11
43871,15
43871,21
43872,11
43872,16
43872,21
43873,11
43874,11
43875,11
43876,11
43876,21
43877,11
43878,11
43879,11
43880,11
43881,11
43881,2
43882,11
43882,16
43883,11
43883,22
43884,11
43884,16
43885,11
43886,11
43887,11
43384,19
43888,11
43889,11
43889,2
43889,21
43890,11
43890,16
43891,11
43891,16
43892,11
43893,11
43894,11
43895,11
43895,2
43895,32
43896,11
43897,11
43898,11
43899,11
43900,11
43900,15
43900,21
43901,11
43901,26
43902,11
43902,10
43903,11
43903,21
43903,24
43904,11
43905,11
43905,16
43905,21
43906,11
43906,21
43907,11
43908,11
43909,11
43909,2
43909,15
43910,11
43910,22
43911,11
43912,11
43913,11
43913,22
43914,11
43915,11
43915,15
43915,24
43916,11
43917,11
43918,11
43918,16
43919,11
43919,15
43919,21
43920,11
43920,16
43920,21
43921,11
43921,15
43921,21
43922,11
43922,2
43922,15
43923,11
43924,11
43924,16
43924,7
43925,11
43925,21
43926,11
43927,11
43928,11
43929,11
43930,11
43931,11
43932,11
43933,11
43934,11
43934,26
43935,11
43936,11
43937,11
43938,11
43939,11
43939,22
43940,11
43940,16
43940,21
43941,11
43941,3
43942,11
43943,11
43944,11
43945,11
43945,21
43946,11
43946,21
43947,11
43948,11
43949,11
43950,11
43951,11
43952,11
43953,11
43954,11
43954,2
43954,32
43955,11
43956,11
43957,11
43958,11
43958,10
43959,11
43959,10
43959,22
43960,11
43960,24
43960,22
43961,11
43962,11
43962,2
43963,11
43963,16
43963,22
43964,11
43964,15
43964,16
43965,11
43966,11
43966,21
43966,30
43967,11
43967,21
43967,32
43968,11
43969,11
43969,16
43970,11
43971,11
43972,11
43973,11
43973,31
43974,11
43975,11
43975,21
43975,19
43976,11
43976,16
43977,11
43978,11
43979,11
19926,16
19926,10
43980,11
43980,31
43980,26
43981,11
43982,11
43982,32
43983,11
43983,2
43984,11
43985,11
43985,22
43986,11
43986,21
43986,31
43987,11
43988,11
43988,21
43989,11
43990,11
43990,16
43991,11
43991,7
43991,19
43992,11
43992,15
43993,2
43993,11
43994,11
43995,11
43996,11
43996,15
43996,26
43997,11
43997,15
43997,21
43998,11
43999,11
44000,11
44001,11
44002,11
44003,11
44004,11
44005,11
44005,21
44006,11
44007,11
44007,21
44008,11
44009,11
44009,19
44010,11
44011,11
44011,21
44011,19
44012,11
44013,11
44014,11
44014,16
44015,11
44016,11
44017,11
44017,16
44018,16
44018,11
44019,11
44020,11
44020,2
44020,3
44021,11
44022,11
44023,11
44023,16
44023,10
44024,11
44025,11
44026,11
44027,11
44027,16
44028,11
44028,21
44029,11
44029,21
44029,22
44030,11
44030,15
44031,11
44032,11
44033,11
44034,11
44034,16
44035,11
44036,11
44037,11
44037,16
44037,21
44038,11
44039,11
44039,15
44040,11
44041,11
44041,16
44042,11
44043,11
44044,11
44045,11
44045,21
44045,22
44046,11
44046,22
44047,1
44047,11
44047,15
44048,11
44049,2
44049,11
44050,11
44051,11
1977,26
44052,11
44053,11
44054,11
44055,11
44056,11
44056,2
44056,32
44057,11
44057,15
44058,11
44058,15
44058,21
44059,11
44060,11
44060,10
44061,11
44062,11
44062,21
44062,29
44063,11
44063,21
44064,11
44065,11
44065,32
44065,31
44066,11
44066,2
44067,11
44068,11
44068,16
44069,11
44069,15
44070,11
44071,11
44072,11
44072,24
44072,22
37017,21
37017,22
44073,11
18975,21
44074,11
44074,16
44075,11
44075,16
44076,11
44077,11
44077,16
44078,11
44078,15
44079,11
44080,11
44080,21
44080,19
44081,11
44081,24
44081,19
44082,11
44083,11
44083,15
44083,16
44084,2
44084,10
44084,11
44085,11
44086,11
44087,11
44087,21
44087,24
44088,11
44088,21
44089,11
44089,16
44089,22
44090,11
44090,19
44091,11
44091,22
44092,11
44093,11
44093,15
44094,11
44094,2
44095,11
44095,31
44096,11
44097,11
44097,16
44098,11
44099,11
44099,22
44100,11
44101,11
44102,11
44103,11
44103,31
44103,22
44104,11
44104,21
44105,11
44105,10
44105,22
44106,11
44106,2
44106,16
44107,11
44107,16
44107,22
44108,11
44108,16
44109,11
44110,11
44110,16
44111,11
44112,11
44113,11
44113,16
44114,11
44114,21
44115,11
44115,21
44116,11
44117,11
44117,16
44118,1
44118,11
44118,2
44119,21
44119,11
44120,11
44120,22
44121,11
44121,21
44122,11
44122,2
44122,6
44123,11
44124,11
44125,11
44126,11
44127,11
44127,2
44127,19
44128,11
44128,22
44129,11
44130,11
44131,11
44131,2
44131,32
44132,11
44132,2
44132,10
44133,11
44134,11
44135,11
44135,21
44135,24
44136,11
44137,11
44137,2
44138,11
44138,15
44138,24
44139,11
44140,11
44140,19
44141,11
44141,21
44142,11
44143,11
44144,11
44145,26
44145,11
44145,16
44146,11
44146,2
44146,16
44147,11
44148,11
44148,16
44149,11
44149,2
44150,11
44151,11
44152,11
44152,15
44152,16
44153,11
44154,11
44154,32
44155,11
44156,11
44157,11
44157,16
44158,11
44158,26
44158,22
44159,11
44159,15
44160,11
44160,16
44161,11
44162,11
44162,19
44163,11
44163,21
44164,11
44165,11
44166,11
44166,15
44166,21
44167,11
44167,31
44167,19
44168,1
44168,11
44168,2
44169,11
44169,10
44169,22
44170,11
44171,11
44171,2
44172,11
44172,26
44172,3
44173,11
44173,21
44173,24
44174,11
44175,11
44176,11
44176,15
44176,21
44177,11
44178,11
44179,11
44179,2
44179,21
44180,11
44180,21
44180,26
44181,11
44181,2
44181,16
44182,11
44183,11
44183,15
44183,30
44184,11
30252,21
44185,11
44186,11
44186,2
44186,16
44187,11
44187,32
44188,11
44189,11
44189,22
44190,11
44190,2
44190,32
44191,11
44192,11
14179,26
44193,11
44193,2
44194,11
44195,11
44195,15
44195,21
44196,11
44197,11
44198,11
44199,11
44199,15
44199,24
44200,11
44201,11
44202,11
44203,11
44204,11
44204,2
44204,15
44205,11
44205,16
44205,32
44206,11
44206,15
44206,16
16629,2
44207,11
44208,11
44209,11
44210,11
44210,2
44210,21
44211,11
44212,11
44212,10
44213,11
44214,11
44214,16
44214,22
44215,11
44216,11
44217,11
44218,11
44218,16
44219,11
44220,11
44220,15
37564,16
37564,21
44221,11
44222,11
44223,11
44223,15
44223,21
44224,11
44224,21
44224,22
44225,11
44225,21
44225,31
44226,11
44226,31
44227,11
44227,7
44228,11
44228,2
44228,16
44229,11
44230,11
44230,21
44231,11
44231,31
44232,11
44232,2
44232,15
44233,11
44233,21
44234,11
44234,16
44234,21
44235,11
44235,2
44235,15
44236,11
44236,21
44236,22
44237,11
44237,21
44237,24
7472,21
44238,11
44239,11
44240,11
44241,11
44242,11
44242,2
44242,15
44243,11
44244,11
44244,26
44244,22
44245,11
44245,2
44246,11
44246,21
44246,19
44247,11
44248,11
44248,16
44248,21
44249,11
44250,11
44250,2
44251,11
44251,21
44252,11
44253,11
44253,15
44254,11
44254,16
44254,21
44255,11
44256,11
44256,21
44256,7
10766,22
44257,11
44258,11
44259,11
44259,22
44260,11
44261,11
44261,15
44261,16
44262,11
44262,16
44262,22
44263,11
44264,11
44264,31
44265,11
44266,11
44266,2
44266,21
44267,11
44267,2
44267,3
44268,11
44269,11
44269,21
44269,24
44270,11
44271,11
44271,21
44272,11
44272,32
44273,11
44274,11
44275,11
44276,11
44277,11
44277,21
44278,26
44278,11
44279,11
44280,11
44281,11
44281,16
44282,11
44283,11
44284,11
44284,2
44285,11
44285,2
44285,21
44286,11
44286,16
44286,22
44287,11
44288,11
44288,2
44288,31
44289,11
44290,11
44291,11
44291,21
44291,29
44292,11
44293,11
44294,11
44295,11
44295,22
44296,11
44296,21
44296,22
44297,11
44298,11
44298,16
44298,21
44299,11
44300,11
44300,21
44301,11
44302,11
44302,26
44302,22
12343,31
12343,22
44303,11
44303,22
44304,11
44305,11
44306,11
44306,21
44307,11
44308,11
44309,11
44309,21
44310,11
44311,11
44312,11
44313,11
44314,11
44315,11
44315,19
44316,11
44317,11
44318,11
44318,21
44319,11
44320,11
44321,11
44321,21
44321,24
44322,11
44323,11
44324,11
44324,15
44325,11
44326,11
44326,32
44326,26
44327,11
44328,11
44328,21
44329,11
44330,11
44330,16
44331,11
44332,11
44332,16
44333,11
44333,2
44333,21
44334,11
44334,2
44335,11
44336,11
44337,11
44338,11
44338,15
44338,21
44339,11
44339,22
44340,11
44340,21
44341,11
44342,11
44342,16
44342,21
44343,11
44343,16
44343,21
44344,11
44345,11
44346,11
44347,11
44347,19
44348,11
44349,11
44349,21
44350,11
44351,11
44352,11
44352,15
44352,32
44353,11
44353,16
44353,21
44354,11
44355,11
44355,15
44355,16
44356,11
44357,11
44357,2
44358,11
44358,21
44358,3
44359,11
44360,11
44360,15
44360,24
44361,11
44362,11
44362,19
44363,11
44363,2
44364,11
28644,2
28644,32
44365,11
44366,11
44366,26
44367,11
38512,16
38512,21
44368,11
44368,2
44368,3
44369,11
44370,11
44371,11
44372,11
44373,11
44374,11
44374,21
12776,22
44375,11
44376,11
44376,2
44376,32
44377,11
44378,11
44378,15
44378,16
44379,11
44379,19
44380,11
44381,11
44382,11
44383,11
44384,11
44385,11
44385,16
44386,11
44387,11
44388,11
44388,15
44388,10
44389,11
44389,16
44390,11
44391,11
44392,11
44392,21
44393,11
44393,31
44394,11
44395,11
44396,11
44396,15
44397,11
44397,21
44398,11
44398,16
44399,11
44399,26
44400,11
44400,16
44401,11
44401,21
44402,11
44403,11
44404,11
44404,16
44405,11
44405,22
44406,11
44407,11
44408,11
44408,21
44409,11
44409,32
44409,24
44410,11
44411,11
44412,11
44413,11
44413,16
44413,21
44414,11
44414,16
44415,11
44416,11
44417,11
44417,15
44418,11
44418,15
44418,16
44419,11
44419,19
44420,11
44421,11
44421,16
44422,11
44422,16
44423,11
44423,32
44424,11
44425,11
44426,11
44426,16
44427,11
44428,11
44429,11
44430,11
44431,11
44432,11
44432,16
44433,11
44433,16
44433,22
44434,11
44434,22
44435,11
10816,2
44436,11
44437,11
44437,15
44438,11
44438,21
44438,32
44439,11
44440,11
44441,11
44441,16
44442,11
44442,16
44443,11
44444,11
44445,11
44446,11
44446,21
44447,11
44447,27
44447,26
44448,11
44448,2
44448,32
44449,11
44449,21
44450,11
44451,11
44452,11
44452,15
44453,11
44453,22
44454,11
44454,16
44455,11
44456,11
44456,3
44457,11
44458,11
44458,15
44458,16
44459,11
44460,11
44461,11
44461,2
44461,21
44462,11
44463,11
44464,11
44464,21
44465,11
44465,16
44465,21
44466,11
44466,16
44466,10
44467,11
44468,11
44468,21
44469,11
44470,11
44471,11
44472,11
44472,21
44473,11
44474,11
44475,11
44476,11
44477,11
44478,11
44479,11
44480,11
44481,11
44481,22
44482,11
44483,11
44484,11
44484,21
44485,11
44485,21
44486,11
44487,11
44487,2
44487,21
30726,7
44488,11
44488,2
44488,32
44489,11
44490,11
44490,21
44491,11
44491,15
44491,22
44492,1
44492,11
44492,2
44493,11
44493,26
44493,22
44494,11
44494,21
44495,11
44496,11
44497,11
44498,11
44499,11
44499,15
44500,11
44501,11
44501,22
44502,11
44502,21
44503,11
44503,16
44504,11
44505,11
44506,11
44506,19
5380,22
44507,11
44508,11
44508,2
44508,32
44509,11
44510,11
44511,11
44511,15
44511,22
44512,11
44512,24
44513,1
44513,11
44513,15
44514,11
44515,11
44516,11
44516,16
44517,11
44518,11
44519,11
44519,16
44520,11
44521,11
44522,11
44523,11
44524,11
7177,21
44525,11
44526,11
44527,11
44527,21
44527,14
44528,11
44529,11
44529,21
44530,11
44531,11
44532,11
44533,11
44533,2
44534,11
44535,11
44535,21
44535,22
44536,11
44536,21
44537,11
44537,16
44538,11
44539,11
44539,15
44540,11
44540,21
44540,19
44541,11
44542,11
44542,15
44542,26
44543,11
44544,11
44544,26
44545,11
44546,11
44546,2
44547,11
44547,31
44547,10
44548,11
44548,21
44548,2
44549,11
44549,15
44550,11
44550,15
44551,11
44552,11
44552,2
44552,21
44553,11
44553,16
44553,22
44554,11
44554,15
44554,16
44555,11
44555,32
44556,11
44557,11
44558,2
44558,11
44559,11
44560,11
44560,21
44561,11
44562,11
44563,11
44564,11
44564,2
44564,32
44565,11
44566,11
44567,11
44567,2
44567,21
44568,11
44569,11
44569,16
44570,11
44570,15
44570,29
44571,11
44571,16
44572,11
44572,21
44572,24
44573,11
44573,16
44574,11
44574,2
44574,15
44575,11
44576,11
44576,21
44577,11
44577,21
44578,11
44579,11
44580,11
44581,11
44581,21
44582,11
44583,11
44584,11
2317,21
2317,22
44585,11
44585,21
44586,11
44587,11
44588,11
44588,15
44589,11
44590,11
44591,11
44592,11
44592,16
44593,11
44594,11
44595,11
44596,11
44597,11
44598,11
44598,2
44599,11
44600,11
44601,11
44602,11
44603,11
44603,16
44604,11
44604,32
44605,11
44606,11
44606,15
44606,21
44607,11
44608,11
44609,11
44609,16
44609,21
44610,11
44611,11
44612,11
44612,15
44613,11
44613,21
44614,11
44615,11
44615,15
44615,21
44616,11
44616,21
44616,24
44617,32
44617,11
44618,11
44618,21
44619,11
44620,11
44620,21
44621,11
44622,11
44622,2
44622,26
44623,11
44624,11
44624,21
44625,11
44625,2
44626,11
44627,11
44628,11
44629,11
44630,11
44631,11
44631,26
44632,11
44632,22
44633,11
44634,11
44634,16
44635,11
44635,21
44636,11
44636,16
44636,21
44637,11
44638,11
44639,11
44640,11
44641,11
44642,11
44643,11
44644,11
44645,11
44645,21
13023,26
44646,11
44647,11
44647,21
44648,11
44648,16
44649,11
44649,2
44649,7
44650,11
44651,11
44651,15
44651,16
44652,1
44652,11
44652,21
44653,11
44653,31
44653,22
44654,11
44655,11
44655,2
44655,32
44656,11
44657,11
44658,11
44658,21
44659,11
44660,11
44661,11
44662,11
44663,11
44663,16
44663,22
44664,11
44665,11
44665,16
44665,21
44666,11
44666,21
44667,11
44668,11
44668,21
44669,11
44669,7
44670,11
44670,21
44670,10
44671,11
44672,11
44672,15
44672,16
44673,11
44673,2
44673,15
44674,11
44674,15
44674,26
44675,11
44676,11
44677,11
44677,16
44677,22
44678,11
44678,2
44678,32
44679,11
44680,11
44680,21
44681,11
44682,11
44683,11
44683,2
44683,21
44684,11
44684,10
44684,26
44685,11
44685,15
44685,16
44686,11
44687,11
44688,11
44688,21
44689,11
44689,21
44690,11
44690,15
44691,11
44692,11
44692,21
44693,11
44694,11
44694,16
44695,11
44696,11
44697,11
44697,2
44697,22
44698,11
44698,21
44698,19
44699,11
44700,11
44701,11
44702,11
44703,11
44704,11
44705,11
44705,21
44706,11
44707,11
44708,11
44709,11
44710,11
44710,21
44711,11
44712,11
44713,11
44714,11
44715,11
44715,16
44715,21
44716,11
44716,16
44717,11
44717,22
14020,2
14020,24
44718,11
44719,11
44719,15
44720,11
44720,32
44721,11
44721,16
44722,11
44723,11
44724,11
44725,11
44726,11
44727,11
44727,19
13509,15
13509,32
12758,2
44728,11
44729,11
44729,2
44730,11
44731,11
44732,11
44733,11
44734,1
44734,11
44734,21
44735,11
44735,2
44736,11
44737,11
44737,2
44737,15
44738,11
44738,15
44739,11
44740,11
44741,11
44741,16
44742,11
44742,21
44742,32
44743,11
44744,11
44745,11
44746,11
44746,32
44747,11
44747,21
44747,7
44748,11
44749,11
44750,11
44750,2
44750,15
44751,11
44751,21
44752,11
44753,11
44754,11
44754,31
44755,11
44756,11
44757,11
44758,11
44759,11
44760,11
44760,21
44761,11
44761,15
44762,11
44762,15
44762,16
44763,11
44764,11
44764,16
44764,10
44765,11
44765,21
44765,31
44766,11
44767,11
44768,11
44769,11
44769,16
44770,11
44770,2
44771,11
44772,11
44772,15
44773,11
44774,11
44775,11
44776,11
44776,16
44777,11
44778,11
44779,11
44779,16
44780,11
44780,2
44780,21
44781,11
44782,11
44782,32
44783,11
44784,11
44785,11
44785,32
44786,11
44787,11
44787,31
44787,22
44788,11
44789,11
44790,11
44790,16
44791,11
44792,11
44792,24
44793,11
44794,11
44795,11
44795,24
34404,2
34404,22
44796,11
44797,11
44798,11
44798,24
44798,26
44799,11
44800,11
44801,11
44802,11
44803,11
44803,26
44804,11
44805,11
44805,15
44806,11
44806,2
44806,26
44807,11
44807,15
44807,19
44808,11
44809,11
44810,11
44810,32
44811,11
44811,15
44812,11
44812,16
44813,11
44814,11
44814,21
44814,19
44815,11
44816,11
44816,22
44817,11
44818,11
44819,11
44820,11
44821,11
44822,11
44823,11
44824,11
44824,21
44825,11
44825,2
44826,11
44827,11
44828,11
44828,21
44829,11
44829,15
44830,11
44830,16
44831,11
44832,11
44833,11
44834,11
44834,29
44835,11
44836,11
44836,32
44836,31
44837,11
44837,21
44837,7
44838,11
44839,11
44840,11
44840,2
44841,11
44842,11
44843,11
44843,15
44844,11
44845,11
44846,11
44846,2
44846,24
35081,2
35081,32
44847,11
44847,32
44847,26
44848,11
44849,11
44850,11
44851,11
44851,26
44852,11
44852,2
44852,29
44853,11
44854,11
44855,11
44856,11
44857,11
44857,2
44857,15
44858,11
44859,11
44859,2
44859,15
44860,11
44861,11
44862,11
44862,16
44862,21
44863,11
44864,11
44865,11
44866,11
44866,10
44866,24
44867,11
44867,15
44867,21
44868,11
44869,11
44869,21
44870,11
44871,11
44871,16
44872,11
44873,11
44874,11
44875,11
44876,11
44877,11
44878,11
44878,2
44878,16
44879,11
44879,15
44880,11
44880,15
44881,11
44882,11
44882,16
44882,21
44883,11
44884,11
44885,11
44886,11
44887,11
44887,21
44888,11
44889,11
44890,11
44890,1
44890,15
44891,11
44892,11
44892,16
44892,21
44893,11
44894,11
44894,31
44894,26
44895,11
44895,21
44896,11
44896,2
44896,15
44897,11
44898,11
44899,11
44899,22
44900,11
44900,16
44901,11
44902,11
44903,11
44904,11
44905,11
44906,11
44906,16
44906,21
44907,11
44908,11
44909,11
44909,3
44869,2
44869,15
44910,11
44911,11
44911,16
44912,11
44912,15
44912,2
44913,11
44914,11
44915,11
44915,15
44915,31
44916,11
44917,11
44918,11
44918,16
44918,22
44919,11
44919,2
44919,32
44920,11
44921,11
44922,11
44922,15
44922,32
44923,11
44924,11
44925,11
44926,11
44926,21
44927,11
44928,11
44929,11
44930,11
44930,16
44930,22
44931,11
44932,11
44932,15
44932,31
44933,11
44933,16
44933,21
44934,11
44935,11
44935,22
44936,11
44937,11
44938,11
44938,15
44939,11
44939,30
44940,11
44940,2
44940,26
44941,11
44941,21
44942,11
44943,11
44944,11
44945,11
44945,22
44946,11
44947,11
44947,26
44948,11
44949,11
44950,11
44950,32
44950,26
44951,11
44952,11
44952,7
44953,11
44954,11
44955,11
44955,22
44956,11
44957,11
44958,11
44959,11
44960,11
44960,16
44960,10
44961,11
44961,2
44961,15
44962,11
44962,32
44963,11
44963,15
44964,11
44965,11
44966,11
44967,11
44967,22
44968,11
44968,2
44968,15
44969,11
44970,11
44971,11
44972,11
44972,16
44973,11
44973,21
44973,26
44974,11
44974,21
44975,1
44975,11
44975,2
44976,11
44977,11
44978,11
44979,11
44980,11
44981,11
44982,11
44982,16
44982,21
44983,11
44983,16
44983,21
44984,11
44984,26
44985,11
44985,16
44986,11
44986,21
44987,26
44987,29
44987,11
44988,11
44988,16
44989,11
44989,16
44990,11
44991,11
44992,11
44992,15
44992,21
44993,11
44993,16
44993,21
44994,11
44994,21
44995,11
44995,21
44995,22
44996,11
44996,21
44996,7
44997,11
44997,2
44997,22
44998,11
44999,11
44999,19
45000,11
45001,11
45001,21
45002,11
45003,11
45003,15
45003,29
45004,11
45005,11
45006,11
45006,21
45007,11
45007,15
45008,11
45009,11
45010,11
45010,19
45011,11
45011,21
45012,11
45012,16
45013,11
45014,11
45015,11
45015,15
45016,11
45017,11
45018,11
45019,11
45019,2
45019,21
45020,11
45021,11
45021,21
45022,11
45023,11
45023,21
45024,11
45024,16
45024,3
45025,11
45026,11
45027,11
45027,2
45027,21
45028,11
45028,21
45029,11
45030,11
45030,2
45030,15
45031,11
45031,16
45032,11
45032,16
45032,21
45033,11
45033,21
45033,31
45034,11
45035,11
45036,11
45037,11
45038,29
45038,2
45038,11
45039,11
45039,16
45039,22
45040,11
45040,15
45040,16
45041,11
45042,11
45042,21
45043,11
45044,11
45044,2
45045,11
45046,11
45046,21
45046,24
45047,11
45047,15
45047,31
45048,11
45048,16
45049,11
45049,16
45050,11
45051,11
45052,11
45052,21
45053,11
45053,21
45054,11
45054,3
45055,11
45056,11
45057,11
45058,11
45058,2
45058,15
45059,11
45060,11
45061,11
45061,2
45061,26
45062,11
45062,16
45062,21
45063,11
45063,16
45064,11
45065,11
45065,15
45066,11
45066,15
45066,21
45067,11
45067,31
45068,11
45068,30
45069,11
45070,11
45070,19
45071,11
45072,11
45073,11
45074,11
45075,11
45076,11
45076,21
45076,26
45077,11
45077,15
45078,11
45079,11
45079,15
45079,16
12712,24
2990,15
45080,11
45081,11
45081,32
45081,26
45082,11
45082,16
45083,11
45083,19
45084,11
45085,11
45085,21
45086,11
45087,11
45088,11
45089,11
45090,11
45091,11
2110,21
45092,11
45093,11
6235,16
45094,11
45094,15
45095,11
45095,21
45095,26
45096,11
45096,22
45097,11
45098,11
45098,3
45099,11
45099,16
45099,21
45100,11
45101,11
45101,26
45101,22
45102,11
45103,11
45104,11
45104,16
45105,11
45105,2
45106,11
45106,2
45106,16
45107,11
45108,11
45109,11
45110,11
45111,11
45112,11
45112,31
45112,24
45113,11
45113,16
45114,11
45114,21
45115,11
45115,2
45115,21
45116,11
45117,11
45117,15
45117,26
45118,11
45119,11
45120,11
45120,22
45121,11
45121,21
45121,19
45122,11
45123,11
45124,11
45125,11
45126,11
45127,11
45127,32
45128,11
45129,11
45129,21
45130,11
45131,11
45131,2
45131,21
45132,11
12985,31
12985,26
45133,11
45133,32
45133,26
45134,11
45135,11
45135,2
45135,21
45136,11
45136,21
45137,11
45137,22
45138,11
45139,11
45139,21
45139,19
45140,11
45141,11
45142,11
45142,21
45143,11
45144,11
45145,11
45145,19
45146,1
45146,11
45146,15
45147,11
45148,11
45148,15
45148,26
45149,11
45150,11
45151,11
45152,11
45152,3
45153,11
45154,11
45154,2
45154,15
45155,11
45156,11
45156,21
45157,11
45157,16
45157,22
45158,11
45159,11
45160,11
45161,11
45161,21
45162,11
45163,11
45163,2
45164,11
45165,11
45165,16
45165,21
45166,11
45167,11
45167,21
23137,1
23137,2
45168,11
45168,21
45168,7
45169,11
45170,11
45170,16
45171,11
45172,11
45173,11
45173,22
45174,11
45174,16
45175,11
45175,21
45176,11
45177,11
45177,21
45177,22
45178,11
45179,11
45179,2
45180,11
45181,11
45182,11
45183,11
45183,32
45184,11
45185,11
45185,16
45185,21
45186,11
45186,2
45187,11
45187,2
45187,31
45188,11
45189,11
45189,2
45189,16
45190,11
45191,11
45192,11
45193,11
45193,21
45194,11
45195,11
45195,2
45195,31
45196,11
45197,11
45197,15
45198,1
45198,11
45198,26
45199,11
45200,11
10618,26
45201,11
45201,15
45201,21
45202,11
45202,22
45203,11
45203,2
45203,21
2616,2
45204,11
45204,2
45204,32
45205,11
45206,11
45206,2
45207,11
45208,11
45209,3
45209,11
45210,11
45210,16
45210,21
45211,11
45211,16
45212,11
45213,11
45214,11
45215,11
45216,11
45217,11
45217,32
45218,11
45218,21
45219,11
45220,11
45221,11
45222,11
45223,11
45224,11
45225,11
45226,11
45227,11
45227,16
45227,21
45228,11
45229,11
45230,11
45230,15
45230,31
45231,11
45232,11
45232,7
45233,11
45233,26
45233,3
45234,11
45235,11
45236,11
45236,21
45237,11
45238,11
45238,22
45239,11
45240,11
45241,11
45242,11
45242,21
45243,11
45243,16
45244,11
45244,22
45245,11
45245,16
45246,21
45246,11
45247,11
45247,21
45248,11
45248,6
45248,21
45249,11
45250,11
45250,21
45250,26
45251,11
45252,11
45253,11
45253,26
45254,11
45254,21
45255,11
45256,11
45257,11
45258,11
45259,11
45259,16
45259,10
45260,11
45260,32
45260,31
45261,11
45261,24
45261,30
45262,11
45262,15
45262,21
45263,11
45264,11
45264,16
45264,21
45265,11
45266,11
45267,11
45267,31
45267,22
45268,11
45268,15
45269,11
45269,21
45269,22
45270,11
45270,16
45271,11
45272,11
45273,11
45273,19
45274,1
45274,11
45274,2
45275,11
45276,11
45276,15
12769,16
45277,11
45277,21
45278,11
45279,11
45279,31
45280,11
45281,11
45281,15
45281,22
45282,11
45283,11
45284,1
45284,11
45284,32
26470,15
26470,21
45285,11
5983,24
45286,11
45286,7
45287,11
45287,2
45288,11
45289,11
45290,11
45291,11
45292,11
45293,11
45294,11
45294,7
45295,11
45296,11
45296,26
45296,19
45297,11
45297,15
45297,31
45298,11
45299,11
45300,11
45300,16
45300,21
45301,11
45301,22
45302,11
45302,16
45302,10
45303,11
45303,31
45304,11
45305,11
45305,21
45305,22
45306,11
45306,2
45306,21
45307,11
45308,11
45308,21
45309,11
45310,11
45310,21
45311,11
45311,15
45311,21
45312,1
45312,11
45312,21
45313,11
45313,16
45313,21
45314,11
45315,11
45316,11
45316,22
45317,11
45317,22
45318,11
45319,11
45319,15
45319,22
45320,11
45320,21
45321,11
45322,11
45322,2
45322,21
45323,11
45323,21
45324,11
45325,11
45325,16
45326,11
45326,32
45326,3
45327,11
45327,2
45327,26
45328,11
45328,15
45329,11
45330,11
45331,11
45331,21
45331,24
45332,11
45332,2
45332,32
45333,11
45333,16
45333,22
45334,11
45334,16
45335,11
45336,11
45336,21
45337,11
45338,11
45339,11
45340,11
45341,11
45341,16
45342,11
45342,21
45342,26
43324,10
45343,11
45343,15
45343,31
45344,11
45345,11
45346,11
45346,16
45347,11
45348,11
45349,11
45349,3
45350,11
45351,11
45351,2
45351,21
45352,11
45353,11
45354,11
45354,2
45354,22
45355,11
45355,16
45356,11
45356,16
45356,21
45357,11
45358,11
45358,16
45358,10
45359,11
45360,11
45361,11
45362,11
45362,16
45363,11
45364,11
45365,11
45366,11
45366,16
45367,11
45367,19
45368,11
45368,3
45369,11
45370,11
45371,11
45372,11
45372,2
45373,11
45374,11
45375,11
45376,11
45376,16
45377,11
45378,11
45378,16
45379,11
45379,2
45380,11
45380,26
45380,22
45381,11
45381,15
45381,16
45382,11
45382,21
45383,11
45383,31
45384,11
45385,11
45385,21
45385,13
45386,11
45387,11
45387,2
45387,26
45388,11
45388,16
45389,11
45389,15
45389,16
45390,11
45391,11
45392,11
17807,22
45393,11
45393,24
45394,11
45395,11
45396,11
45397,11
45397,16
45398,11
45399,11
45400,11
45400,15
45400,21
45401,21
45401,11
45402,11
45402,15
45402,31
45403,11
45404,11
45404,10
45404,22
45405,11
45405,21
45406,11
45407,11
45407,15
45407,32
45408,11
45408,2
45408,21
45409,11
45409,2
45409,32
45410,11
45410,15
45411,11
45411,16
45411,10
45412,11
45412,22
45413,21
45413,11
45413,16
45414,11
45414,2
45415,11
45415,16
45415,10
45416,11
45417,11
45417,15
45417,22
45418,11
45419,11
45420,11
45420,16
45421,11
45422,11
45423,11
45423,16
45424,11
45424,21
45425,11
45426,11
45427,11
45427,2
45428,11
45429,11
45430,11
45430,21
45431,11
45432,11
45433,11
45433,22
45434,11
45434,2
45434,15
45435,11
45435,15
45436,11
45437,11
45437,2
45438,11
45439,11
45440,11
45440,15
45440,21
45441,11
45442,11
45442,31
45442,26
45443,11
45443,15
45444,11
45444,16
45445,11
45446,11
45447,11
45447,22
45448,11
45449,11
45449,21
45450,11
45450,16
45451,11
45451,2
45452,11
45452,2
45452,16
45453,11
45453,21
45453,24
45454,11
45455,11
45455,15
45455,31
45456,11
45456,16
41174,21
41174,31
45457,11
45457,15
45457,21
45458,11
45459,11
45460,11
45461,11
45461,16
45462,11
45462,21
45463,11
45463,16
45463,22
45464,11
45464,21
15778,2
15778,26
45465,11
45466,11
45467,11
45468,11
45469,11
45469,16
45470,11
45470,21
45470,7
45471,11
45471,16
45472,11
45472,21
45472,3
45473,11
45473,2
45473,15
45474,11
45475,11
45475,21
45476,11
45477,11
45477,21
45478,11
45479,11
45479,2
45480,11
45481,11
45482,11
45483,11
45484,11
19404,2
45485,11
45486,11
45486,24
45487,11
45487,22
45488,11
45488,26
45488,22
45489,11
45489,2
45490,11
45490,21
45490,26
45491,11
45491,2
45492,11
45493,11
45493,2
45493,24
45494,11
45495,11
45495,15
45496,11
45497,11
45497,22
45498,11
45499,11
45499,16
45499,7
45500,11
45501,11
45501,6
45501,21
45502,11
45502,24
45503,11
45503,16
45504,11
45504,3
45505,11
45505,31
45505,22
45506,11
45507,11
45508,11
45508,2
45508,19
45509,11
45509,16
45509,21
45510,11
45510,16
45510,10
45511,11
45511,16
45512,11
45512,21
45512,22
45513,11
45513,22
45513,3
45514,11
45515,11
45515,21
45515,31
45516,11
45516,15
45516,21
45517,11
45518,11
45518,15
45519,11
3780,31
45520,11
45521,11
45522,11
45522,21
45522,24
45523,11
45524,11
45524,2
45524,16
45525,11
45525,15
45526,11
45527,11
45528,11
45529,11
45529,16
45530,11
45530,16
45531,11
45531,15
45531,22
45532,11
45532,21
45533,11
45533,15
45534,11
45535,11
45536,11
45536,16
17872,21
17872,22
45537,11
45538,11
45538,2
45538,26
45539,11
45540,11
45540,7
45540,19
45541,1
45541,11
45541,2
45542,11
45542,16
45542,22
45543,11
45543,2
45544,11
45544,32
45544,26
45545,11
45546,11
45546,16
45546,21
45547,11
45548,11
45549,11
45550,11
45550,26
45550,19
45551,11
45551,16
45551,21
45552,11
45553,11
45553,21
45554,11
45554,2
45554,22
45555,11
45555,21
45555,7
45556,11
45557,11
45558,11
45558,21
45559,11
45559,26
45559,22
45560,11
45560,19
45561,11
45561,16
45562,11
45563,11
45563,21
45564,11
45564,21
45565,11
45565,16
45565,21
45566,11
45567,11
45567,2
45567,32
45568,11
45568,7
45569,11
45569,21
45569,31
45570,11
45570,2
45570,7
45571,11
45571,15
45572,11
45573,11
45574,11
45574,21
45575,11
45576,11
45577,11
45578,11
45578,32
45579,11
45579,27
45580,11
45581,11
45582,11
45582,16
45583,11
45583,16
45583,21
45584,11
45585,11
45585,22
45586,11
45586,16
45586,10
45587,11
45588,11
45589,11
45589,2
45589,10
45590,11
45591,11
45591,16
45592,11
45593,11
45593,22
45594,11
45595,11
45595,16
45595,22
45596,11
45597,11
45598,11
45599,11
45600,11
45601,11
45601,15
45601,21
45602,11
45603,11
45604,11
45605,11
45606,11
45606,21
45606,22
45607,11
45608,11
45609,11
45609,16
45610,11
45611,11
45611,2
45611,21
45612,11
45613,11
45614,11
45614,21
45615,11
45616,11
45616,31
45616,22
45617,11
45617,16
45617,21
45618,11
45618,21
45618,19
45619,11
45620,11
45620,16
45620,21
45621,11
45622,11
45623,11
45623,16
45623,21
45624,11
45625,11
45626,11
45627,11
45628,11
45629,11
45629,21
45630,11
45630,10
45631,11
45631,21
4319,24
45632,11
45632,16
45633,11
45634,11
45634,22
45635,11
45636,11
45637,11
45637,16
45637,21
45638,11
45639,11
45640,11
45641,11
45641,22
45642,11
45643,11
45644,11
45645,11
45645,21
45645,24
45646,11
45646,2
45646,21
45647,11
45647,21
45648,11
45649,11
45649,22
45650,11
45651,11
45652,11
45653,11
45653,21
45654,11
45655,11
45655,2
45656,11
45657,11
45658,11
45659,11
45660,11
45660,2
45660,21
45661,11
45662,11
45662,15
45663,11
45664,11
45664,2
45665,11
45666,11
45666,16
45666,22
45667,11
45667,31
45667,22
45668,11
45668,2
45669,11
45670,11
45671,11
45671,16
45672,11
37615,22
45673,11
45673,21
45674,11
45675,11
45675,21
45675,24
45676,11
45676,16
45677,11
45678,11
45679,21
45679,11
45680,11
45681,11
45682,11
45683,11
45684,11
45684,21
45684,24
45685,11
45685,21
45685,22
45686,11
45687,11
45687,22
45688,11
45689,11
45689,21
45689,10
45690,11
45690,2
45690,3
45691,11
45692,11
45692,16
45692,21
45693,11
45693,21
45694,11
45695,11
45696,11
45697,11
45697,21
45698,11
45698,21
45698,29
45699,16
45699,24
45699,11
45700,11
45701,1
45701,11
45701,29
45702,11
45703,11
45703,2
45703,26
45704,11
45705,11
45705,2
45705,26
45706,11
45706,15
45707,11
45707,2
45707,21
45708,11
45708,15
45709,11
45710,11
45710,16
45710,21
45711,11
45712,11
5802,32
45713,11
45714,11
45714,21
20907,2
20907,32
45715,11
45716,11
45716,2
45716,26
45717,11
45717,16
45718,11
45718,21
45719,11
45720,11
45721,11
45722,11
45722,2
45723,11
45724,11
45725,11
45726,11
45727,11
45727,21
45728,11
45729,11
45730,11
45730,31
45731,11
45731,21
45732,11
45732,15
45733,11
45733,16
45733,10
45734,11
45734,10
45734,26
45735,11
45736,11
45736,19
45737,11
45738,11
45738,15
45739,11
45739,16
45740,11
45741,11
45742,11
45743,11
45744,11
45745,11
45746,11
45747,11
45748,11
45748,32
45749,11
45749,15
45749,21
45750,11
45751,11
45752,11
45752,21
45753,11
45754,11
45754,21
45755,11
45756,11
45756,15
45756,21
45757,11
45758,11
45758,7
45758,19
45759,11
45760,11
45761,11
45761,32
45761,24
45762,11
45762,22
45763,11
45763,2
45764,11
45764,16
45765,11
45766,11
45766,15
45766,32
45767,11
45767,2
45767,26
45768,11
45769,11
45769,21
45770,11
45771,11
45772,11
45773,11
45774,11
45774,2
45774,32
45775,11
45776,11
45777,11
45777,2
45778,11
45779,11
45779,2
45779,16
45780,11
45781,11
45781,21
45781,24
45782,11
45782,21
45783,11
45783,2
45783,10
45784,11
45784,32
45785,11
45786,11
45786,15
45786,16
17959,31
45787,11
45787,21
45788,11
45788,2
45788,10
45789,11
45790,11
45791,11
45792,11
45793,11
45794,11
45795,11
45795,21
45796,11
45797,11
45797,24
45798,11
45798,16
45799,11
45799,21
45799,24
45800,11
33042,16
45801,11
45802,11
45802,21
45802,10
45803,11
45804,11
45804,21
45805,11
45806,11
45807,11
45807,22
45808,11
45809,11
45810,11
45811,11
45811,16
45812,11
45812,16
45812,22
45813,11
45814,11
45815,11
45815,24
45815,22
45816,11
45816,2
45816,21
45817,11
45818,11
45819,11
45819,19
45820,11
45821,11
45821,21
45821,22
45822,11
45823,11
45823,2
45824,22
45824,11
45824,31
45825,11
45826,11
45826,32
45826,26
45827,11
45828,11
45828,21
45828,26
45829,11
45830,11
45830,31
45831,11
45832,11
45832,16
45832,21
45833,11
45834,11
45834,2
45834,21
30853,32
45835,11
45836,11
45836,2
45836,22
45837,11
45838,11
45839,11
45840,11
45840,15
45840,3
45841,11
45842,11
45843,11
45844,11
45844,2
7708,22
45845,11
45845,2
45846,11
45847,1
45847,11
45847,15
45848,11
45848,22
45849,11
45850,11
45851,11
45852,11
45852,24
45853,11
45853,21
45853,22
45854,11
45854,24
45855,11
45856,11
45857,11
45858,11
45859,11
45859,21
45860,11
45861,11
45861,2
45861,22
45862,11
45862,16
45862,21
45863,11
45864,11
2798,2
45865,11
45866,11
45867,11
45867,16
45868,11
45868,2
45868,26
45869,11
45869,16
45869,21
45870,11
45870,16
45870,22
45871,11
45871,7
45871,19
45872,11
45872,16
45873,11
45873,16
45873,21
45874,11
45874,21
45874,19
45875,11
45875,16
45876,11
45877,11
45877,21
45878,11
45879,11
45879,2
45879,3
45880,11
45881,11
45881,21
45882,11
45883,11
45884,11
45885,11
45886,11
45886,24
45886,3
45887,11
45887,2
45887,21
45888,11
45889,11
45889,22
45890,11
45890,32
45891,11
45891,31
45892,11
45892,16
45893,11
45893,21
45894,11
45895,11
45895,16
45895,21
45896,11
45897,11
45897,16
45898,11
45899,11
45900,11
45900,19
45901,11
45902,11
45902,16
45903,11
45903,2
45904,11
45905,11
45905,21
45905,24
45906,11
45907,11
45908,11
45908,22
45909,11
45909,2
45909,32
45910,1
45910,11
45910,2
45911,11
3709,16
45912,11
45913,11
45914,11
45914,21
45914,24
45915,11
45915,32
45915,26
45916,11
45916,16
45917,11
45917,21
45918,11
45919,11
45919,16
45919,10
45920,11
45920,22
45921,11
45922,11
45922,21
45923,11
45924,11
45924,21
45925,11
45926,11
45927,11
45927,2
45927,6
45928,11
45928,32
45929,11
45929,26
45930,11
45931,11
45931,21
45932,11
45933,11
45934,21
45934,29
45934,11
45935,11
45936,11
45937,11
45937,16
45938,11
45939,11
45940,11
45940,22
45941,11
45941,15
45941,21
45942,11
45943,11
45944,11
45944,2
45944,15
45945,11
45945,16
45946,11
45947,11
45947,2
45948,11
45949,11
45949,15
45949,24
45950,11
45951,11
45952,11
45953,11
45954,11
45954,16
45954,21
45955,11
45956,11
45956,15
45957,11
45957,22
45958,11
45959,11
45960,11
45960,21
45960,22
45961,11
45962,11
45962,2
45963,11
45963,21
45963,19
45964,11
45965,11
45966,11
45967,11
45967,2
45967,21
45968,11
45968,10
45968,26
45969,11
45969,21
45969,30
45970,11
45970,2
45970,32
45971,11
45971,16
45972,11
45972,22
45973,11
45973,16
45973,10
45974,21
45974,11
45974,24
45975,11
45975,15
45975,3
45976,11
45977,11
45978,11
6549,15
45979,11
45979,16
45979,21
45980,11
45980,15
45981,11
45982,11
45983,11
45983,31
45983,26
45984,11
45984,16
45985,11
12010,21
12010,7
45986,11
45986,16
45986,21
45987,11
45988,11
45989,11
45990,11
45990,2
45991,11
45992,11
45992,26
45993,11
45994,11
45995,11
45995,21
45995,22
45996,11
45996,16
45997,11
45998,11
45999,11
46000,11
46001,11
46001,21
46002,11
46002,26
46002,2
46003,11
46003,2
46003,31
46004,11
46005,11
46006,11
46006,2
46006,24
46007,11
46007,21
13202,21
46008,11
46008,21
46008,31
46009,11
46010,11
46010,21
46011,11
46012,11
46012,21
46012,10
46013,11
46013,15
46014,11
46014,2
46014,21
46015,11
46015,10
46016,11
46017,11
46018,11
46019,11
46020,11
46021,11
46022,11
46023,11
46024,11
46024,21
46025,11
46025,2
46025,7
46026,11
46027,11
46028,11
46029,11
46030,11
46031,11
46031,29
46031,32
46032,11
46032,21
46033,11
46034,11
46035,11
46035,2
46035,1
46036,11
46036,6
46036,15
46037,11
46037,2
46038,11
46038,21
46039,11
46040,11
46041,11
46042,11
46043,11
46044,11
46045,11
46046,11
46047,11
46047,22
46048,11
46048,2
46048,21
46049,11
46049,2
46049,16
46050,11
46051,11
46051,3
46052,11
46052,29
46053,11
46054,11
46055,11
46056,11
46056,21
46056,32
46057,11
46057,15
46057,32
46058,11
46059,11
46060,11
46061,11
46062,11
46062,16
46062,21
46063,11
46063,2
46064,11
46064,16
46065,11
46065,21
46066,11
46067,11
46067,16
46067,31
46068,11
46068,16
46069,11
46070,11
46071,11
46071,16
46072,11
46073,11
46074,11
46075,11
46075,29
46075,24
46076,11
46076,21
46077,11
46078,11
46079,11
46079,7
46080,11
46081,11
46081,29
46082,11
46082,19
46083,11
46083,21
46083,3
46084,11
46085,11
46085,2
46085,15
46086,11
46086,21
46087,11
46087,16
46088,11
46089,11
46089,22
46090,11
46090,16
46090,21
46091,11
46092,1
46092,11
46092,2
46093,11
46094,11
46095,11
46096,11
46096,15
46097,11
46097,16
46098,11
46099,11
46099,21
46100,11
46101,11
46102,11
46103,11
46104,11
46104,16
46104,21
46105,11
46105,16
46106,11
46106,22
46107,11
46108,11
46108,21
46109,11
46110,11
46110,10
46110,22
46111,11
46112,11
46112,2
46113,11
46114,11
46115,11
46116,11
46116,15
46116,16
46117,11
46117,21
46118,11
46118,16
46119,11
46119,2
46120,11
46120,16
46120,21
46121,11
46121,31
46122,11
46122,29
46122,22
46123,11
46123,15
46123,10
46124,11
46124,16
46124,22
46125,11
46126,11
46126,21
26442,2
46127,11
46127,21
46127,19
46128,11
46128,15
46129,11
46129,16
46130,11
46130,15
46130,24
46131,11
46131,2
46131,22
46132,11
46132,15
46132,21
46133,11
46134,11
46135,11
46135,21
46135,10
46136,11
46137,11
46137,2
46138,11
46139,11
46140,11
46140,19
46141,11
46142,11
46143,11
46143,21
46144,11
46144,16
46145,11
46146,11
46147,11
46147,16
46148,11
46149,11
46149,21
46150,11
46151,11
46152,11
46153,11
46154,11
46155,11
46155,26
46156,11
17361,22
46157,11
46157,16
46157,21
46158,11
46158,16
46158,21
46159,11
46159,21
46159,22
46160,11
46160,32
46160,10
46161,11
46162,11
46163,11
46164,11
46165,11
46166,11
46167,11
46168,11
46168,16
46169,11
46169,21
46169,19
46170,11
46170,15
46171,11
46172,11
46172,22
46173,11
46174,11
46174,2
46174,7
46175,11
46175,21
46175,22
46176,11
46177,11
46177,10
44524,16
46178,11
46179,11
46180,11
46181,11
46181,32
46182,11
46182,16
46183,11
46184,11
46185,11
46186,11
46186,16
46187,11
46187,21
46188,11
46188,21
46188,22
46189,11
46190,11
46190,16
46190,24
46191,11
46191,31
46192,11
46193,11
46194,11
46194,14
46195,11
46196,11
3639,22
46197,11
46198,11
46199,11
46199,16
46199,14
46200,11
46201,11
46202,11
46202,2
46203,11
12235,21
46204,11
46205,11
46205,32
46205,31
46206,11
46206,2
46206,3
46207,11
46207,16
46207,10
46208,11
46208,31
46209,11
46209,2
46209,24
46210,11
46210,2
46210,32
46211,11
46211,16
46211,21
46212,11
46213,11
46214,11
46214,21
46215,11
46215,21
46215,24
46216,11
46217,11
46217,15
46217,26
46218,11
46219,11
46219,21
46220,11
46220,24
46221,11
46221,21
46222,11
46223,11
46224,11
46225,11
46225,15
46226,11
26040,15
26040,16
46227,11
46228,11
46229,11
46230,11
46231,11
46231,15
46232,11
46233,11
46234,11
46235,11
46236,11
46237,11
46237,21
46238,11
46239,11
46240,11
46241,11
46241,24
46242,11
46243,11
46244,11
46244,21
46245,11
46245,22
46246,11
46247,11
46247,32
46247,26
46248,11
46248,16
46249,11
16188,2
46250,11
46251,11
46251,21
46252,11
46252,2
46252,26
46253,11
46253,32
46254,11
46254,22
46255,11
46255,21
46255,7
46256,11
46257,11
46257,15
46258,11
46258,16
46258,21
46259,11
46259,24
46259,3
46260,11
46261,11
46262,11
46262,15
46263,11
46264,21
46264,11
46264,19
46265,11
46266,11
46266,22
46267,11
46268,11
46268,2
46268,16
46269,11
46269,2
46270,11
46270,15
46270,21
46271,11
46271,2
46271,21
46272,11
46273,11
46273,16
46274,11
46275,11
46276,11
46276,24
46276,3
46277,11
46278,11
46279,11
46280,11
46281,11
46282,11
46282,21
46283,11
46284,11
46284,31
46284,26
46285,11
46285,21
46286,11
46286,22
46287,11
46288,11
46288,16
46288,21
46289,11
46290,11
46291,11
46291,2
46291,21
46292,11
46292,2
46292,21
46293,11
46293,15
46293,31
46294,11
46295,11
46296,11
46297,11
46298,11
46299,11
46300,11
46301,11
46302,11
46303,11
46304,11
46304,21
46304,7
46305,11
46305,16
46305,21
46306,11
46307,11
46308,11
46308,2
46309,11
46309,6
46309,21
46310,11
46310,21
46311,11
46312,11
46312,16
46313,11
46314,11
46314,16
46314,21
46315,11
46315,15
46316,11
46316,24
46317,11
46317,16
46317,21
46318,11
46319,11
46320,11
46321,11
46321,16
46321,24
46322,11
46322,2
46323,11
46323,15
46323,16
46324,11
46324,2
46324,6
46325,11
46325,26
46326,11
46326,16
46326,21
46327,11
46327,19
46328,11
46329,11
46329,21
46329,10
46330,11
46331,11
46332,11
46333,11
46333,15
46333,16
46334,11
46334,15
46334,16
46335,11
46336,11
46337,11
46338,11
46338,15
46338,21
46339,11
46340,11
46341,11
46341,21
46342,11
46343,11
46344,11
46344,15
46345,11
46346,11
46346,32
46347,11
46348,11
46349,11
46349,2
46350,11
46350,15
46351,11
46352,11
46352,24
46352,30
46353,21
46353,11
46354,11
46355,11
46355,24
46355,26
46356,11
46357,11
46358,11
46358,26
46359,11
46360,11
46361,11
46361,2
46361,15
40662,16
46362,11
46363,11
46364,11
46365,11
46365,2
46365,21
46366,11
46367,11
43858,21
43858,19
46368,11
46369,11
46370,11
46371,11
46371,21
46372,11
46372,21
46372,19
46373,11
46373,22
46374,11
46374,2
46374,32
46375,11
46376,11
46376,21
46376,32
46377,11
46378,11
46378,15
46379,11
46379,32
46380,11
46381,11
46382,11
46383,11
46383,21
46384,11
46384,21
46385,11
46386,11
46387,11
46388,11
46389,11
46389,2
46389,26
46390,11
46391,11
46392,11
46393,11
46394,11
46395,11
46395,2
46395,16
46396,11
46396,21
46396,22
46397,11
46397,2
46397,26
46398,11
46398,22
46399,11
46399,2
46399,21
46400,11
46400,15
46401,11
46401,21
46402,11
46403,11
46404,11
46405,11
46405,22
46406,11
46406,21
46406,3
46407,11
46407,2
46407,21
46408,11
46409,11
46410,11
46411,11
46411,16
46412,11
46413,11
46413,2
46413,31
6096,15
46414,11
46415,11
46415,16
46415,32
46416,11
46417,11
46418,11
46419,11
46419,2
46419,32
46420,11
46420,2
46420,3
46421,11
46421,16
46421,21
46422,11
46423,11
46424,11
46425,11
46426,11
46427,11
46428,11
46428,2
46428,7
46429,11
46429,16
46429,21
46430,11
46430,21
46431,11
46431,22
46432,11
46432,15
46432,16
46433,11
46434,11
46435,11
46436,11
46436,16
46437,11
46437,16
46437,10
46438,11
46438,2
46438,15
46439,11
46439,16
46440,11
46441,11
46442,11
46442,24
46443,11
46443,21
46444,11
46444,15
46445,11
46446,11
46447,11
46448,11
46449,11
46450,11
46451,11
46451,21
46452,11
46453,11
46453,21
46453,19
46454,21
46454,15
46454,11
46455,11
46455,21
46456,11
46456,16
46457,11
46458,11
46458,15
46458,32
46459,11
46459,16
46460,11
46460,16
46460,22
10954,21
46461,11
46461,21
46462,11
46462,2
46462,16
46463,11
46463,15
46463,10
46464,11
46464,15
46465,21
46465,11
46466,11
46466,21
46467,11
46467,3
46468,11
46469,11
46470,11
46470,2
46470,26
46471,11
46471,15
46471,26
46472,11
46473,11
46473,2
46473,19
46474,11
46475,11
46475,21
46475,3
46476,11
46476,2
46476,32
46477,11
46477,26
46478,11
46478,15
46479,11
46479,15
46479,26
46480,11
46481,11
46481,15
46481,29
46482,11
46483,11
46484,11
46484,2
46484,32
46485,11
46486,11
46486,22
46487,11
46487,26
46488,11
46489,11
46489,16
46490,11
46491,11
46492,11
46492,15
46493,11
46493,21
46493,32
46494,11
46494,16
46494,21
46495,11
46496,11
46496,2
46497,11
46498,11
46499,11
46499,22
46500,11
46501,11
46501,16
46502,11
46503,11
27988,2
46504,21
46504,11
46505,11
46505,15
46506,11
45107,21
46507,11
46507,21
46507,22
46508,11
46509,11
46510,11
46510,26
46510,22
46511,11
46511,2
46511,26
46512,11
46512,26
46512,22
3039,2
3039,30
46513,11
46513,31
46513,10
46514,11
46514,31
46515,11
46515,21
46515,22
46516,11
46517,11
46518,11
46518,15
46518,21
46519,11
46520,11
46521,11
46521,16
46521,7
46522,11
46523,11
46524,11
46525,11
46526,11
46527,11
46527,21
46528,11
46529,11
46530,11
46531,11
46531,2
46531,7
46532,11
46532,2
46532,3
46533,11
46534,11
46535,11
46535,3
46536,11
46536,2
46536,15
46537,11
46538,11
46538,32
46538,26
46539,11
46539,2
46540,11
46540,21
46541,11
46541,15
46542,11
46543,11
46543,15
46543,24
46544,11
46545,11
46545,32
46545,10
46546,11
46547,11
46547,2
46548,11
46548,16
46548,21
46549,11
46550,11
46551,11
46552,11
46553,11
46554,11
46555,11
46556,11
46556,16
46557,11
46557,22
46558,11
46559,11
46560,11
46560,2
46561,11
46562,11
46562,2
46562,7
46563,11
46563,15
46564,11
46564,22
46565,11
46565,16
46566,11
46567,11
46567,21
46568,11
2429,21
46569,11
46570,11
46571,11
46571,21
46572,11
46573,11
46574,11
46575,11
46575,31
46575,26
46576,11
46576,16
46577,11
46577,2
46578,11
46579,11
46579,31
46580,11
46581,11
46581,31
46582,11
46583,11
46583,16
46583,22
46584,11
46584,2
46584,15
46585,11
46585,16
46586,11
46586,16
46586,21
46587,11
46588,11
46589,11
46590,11
46590,21
46591,11
46592,11
46592,16
46593,11
46594,11
46595,11
46596,11
46597,11
46597,21
46597,26
46598,11
46599,11
46600,11
46601,11
46602,11
46603,11
46604,11
46604,16
46604,22
46605,11
46606,11
46606,10
46607,11
12650,16
46608,29
46608,15
46608,11
46609,11
46610,11
46610,21
46611,11
46612,11
46612,2
46612,26
46613,11
46613,15
46614,11
46614,21
46615,11
46615,15
46616,11
46617,11
46618,11
46619,11
46619,2
46619,3
46620,11
46621,11
46622,11
46623,11
46624,11
46624,21
46624,26
46625,11
46625,16
46626,11
46626,16
46626,10
46627,11
46628,11
46629,11
46629,15
46629,21
46630,11
46631,11
46631,16
46631,22
46632,11
46632,22
46633,11
46634,11
46634,21
46634,10
46635,11
46636,11
46637,11
46638,11
46639,11
46640,11
46640,2
46640,21
46641,11
46641,15
46641,31
46642,11
46642,31
46642,22
46643,11
46643,2
46643,26
46644,11
46644,15
46644,21
46645,11
46646,11
46647,11
46648,11
46649,11
46649,21
46649,24
46650,11
46651,11
46652,11
46652,26
46653,11
46654,11
46655,11
46656,11
46657,11
46657,22
46658,11
46659,11
46659,32
46659,31
46660,11
46661,11
46662,11
46663,11
46663,2
46663,32
46664,11
46665,11
46665,26
46666,11
46666,2
46667,11
46668,11
46668,22
46669,11
46669,21
46669,29
46670,11
46671,11
46671,16
46671,22
46672,11
46672,22
46673,11
46674,11
46674,26
46675,11
46675,21
46676,11
46677,11
46677,26
46678,11
46679,11
46680,11
46680,2
46681,11
46682,1
46682,11
46682,2
46683,11
46684,11
46685,11
46685,16
46686,11
46686,21
46687,11
46688,11
46689,11
46689,16
46689,22
46690,11
46690,21
46690,29
46691,11
46691,21
46691,32
46692,11
46692,32
46692,26
46693,11
46694,11
46694,16
46695,11
46696,11
46697,11
46698,11
46698,21
46699,11
46699,15
46700,11
46701,11
46702,11
46702,21
46702,29
46703,11
46703,31
46703,26
46704,11
46704,2
46705,11
46706,11
46706,16
46707,11
46708,11
46708,10
46709,11
46710,11
46710,2
46711,11
46712,11
46713,11
46714,11
46714,26
46715,11
46715,26
46716,11
46717,11
46717,16
46717,22
46718,11
46718,21
46719,11
46719,2
46719,32
46720,11
46720,2
46720,26
46721,11
46722,11
46722,16
46723,11
46723,16
46724,11
46724,2
46724,32
46725,11
46725,16
46726,11
46726,2
46727,11
46727,29
46727,26
46728,11
46729,11
46730,11
46731,11
46732,11
46733,11
46733,19
46734,11
46735,11
29608,2
46736,11
46737,11
46738,11
46738,21
46739,11
46739,2
46740,11
46741,11
46742,11
46743,11
46743,16
46743,31
46744,11
46744,32
46745,11
46746,11
46746,16
46747,11
46747,16
46747,21
46748,11
46748,21
46749,11
46750,11
46750,16
46751,11
46752,11
46753,11
46753,21
46754,11
46754,2
46754,21
46755,11
46756,11
46756,21
46757,11
46757,2
46757,31
46758,11
46759,11
46760,11
46761,11
46761,16
46762,11
46763,11
46763,2
46764,11
46764,16
46764,10
46765,11
46765,10
46765,22
46766,11
46766,21
46767,11
46768,11
46768,2
46768,22
46769,11
46769,21
46770,11
46770,2
46770,7
46771,11
46772,11
46772,16
46773,11
46773,15
46773,24
46774,11
46775,11
46776,11
46776,2
46776,32
46777,11
46778,11
46778,2
46778,32
46779,11
46780,11
46781,11
46782,11
46783,11
46784,11
46785,11
46785,2
46786,11
46786,16
46786,21
46787,11
46787,16
46787,22
46788,11
46788,2
46788,15
42999,21
46789,11
46789,21
46790,11
46791,11
46791,2
46791,7
46792,11
46793,11
46793,21
46794,11
46795,11
46795,16
46796,11
46796,32
46796,26
46797,11
46797,21
46798,11
46798,16
46799,11
46799,32
46800,11
46801,11
46801,26
46802,11
46803,11
46804,11
46804,21
46805,11
46805,2
46805,29
46806,11
46807,11
46808,11
46808,21
46809,11
46809,16
46809,21
46810,11
46810,15
46810,16
46811,11
46811,16
46812,11
46813,11
46813,16
46813,21
46814,11
46815,11
46815,15
46816,11
46816,21
46817,11
46817,2
46817,24
46818,11
46818,7
46819,11
46820,11
46821,11
46821,21
17822,2
46822,11
46822,16
46822,21
46823,11
46823,2
46823,15
46824,11
46825,11
46826,11
32332,21
46827,11
46827,2
46827,19
46828,11
46829,11
46830,11
46830,16
46830,21
46831,11
46831,16
46831,26
46832,11
46832,2
46832,21
46833,11
46834,11
46835,11
46835,16
46836,11
46836,15
46836,24
46837,11
46838,11
46838,2
46838,32
46839,11
46839,16
46840,11
46841,11
46842,11
46843,11
46843,15
46844,11
46844,2
46845,11
46846,11
46847,21
46847,29
46847,11
46848,11
46848,21
46848,19
46849,11
46849,15
46849,16
46850,11
46851,11
46851,15
46852,11
46852,2
46853,11
46853,2
46853,22
46854,11
46854,21
46854,3
46855,11
46856,11
46857,11
46857,31
46857,26
46858,11
46859,11
46860,11
46860,31
46861,11
46862,11
46863,11
46863,21
46864,11
46864,21
46865,11
46866,11
46867,11
46868,11
46868,22
46869,11
46870,11
46870,15
46871,11
46871,31
46872,11
46873,11
46874,11
46875,11
46876,11
46877,11
46877,15
46877,16
46878,11
46878,15
46878,10
46879,11
46879,2
46879,32
46880,11
46880,16
46881,11
46881,7
46882,11
46882,21
46882,22
46883,11
46884,11
46884,21
46885,11
46886,11
46886,21
46886,19
46887,11
46887,16
46887,21
46888,11
46889,11
46890,11
46890,16
46890,22
46891,11
46891,32
46891,26
46892,11
46892,15
46893,11
46894,11
46894,16
46894,22
46895,11
46895,15
46895,32
46896,11
46897,11
46897,2
46897,32
46898,11
46898,15
46898,10
46899,11
46899,16
46900,11
46901,11
46901,21
35081,1
46902,11
46903,11
46903,15
46904,11
46904,15
46905,11
46906,11
46907,11
46908,11
46908,21
46909,11
46909,26
46910,11
46911,11
46912,11
46912,21
46913,11
46913,2
10077,2
10077,22
46914,11
46914,16
31651,21
46915,11
46915,21
46915,22
46916,11
46917,11
46917,21
46918,11
46918,31
46918,10
46919,11
46919,2
46920,11
46921,11
46922,11
46923,11
46923,2
46923,16
46924,11
46925,11
46925,21
46925,24
46926,11
46927,11
46928,11
46928,15
46929,11
46929,31
46929,26
46930,11
46931,11
46931,16
46931,21
46932,11
46932,16
46933,11
46933,32
46934,11
46934,16
46935,11
46935,24
46936,11
46937,11
46937,16
46938,11
46938,21
46939,11
46939,21
46940,11
46941,11
7276,22
46942,11
46942,21
46942,24
46943,11
46944,11
46944,2
46944,29
46945,11
46945,16
46946,29
46946,26
46946,11
46947,11
46947,2
46948,11
46948,21
46948,26
46949,11
46949,16
46950,11
46950,2
46950,32
46951,11
46951,22
46952,11
46952,2
46953,11
46954,11
46955,11
46955,16
46956,11
46956,22
46956,2
46957,11
46958,11
46959,11
46959,16
46960,11
46961,11
46961,2
46961,21
46962,11
46963,11
46964,11
46964,2
46964,29
46965,11
46966,11
46966,15
46967,11
46967,15
46968,11
46969,11
46970,11
46971,11
46972,11
46973,11
46973,15
46974,11
46974,21
46974,3
46975,11
46975,15
46976,11
46977,11
46977,21
46978,11
46978,26
46978,22
46979,11
46979,2
46979,32
46980,11
46981,11
46982,11
46982,7
46983,1
46983,11
46983,2
46984,11
46984,2
46985,11
46986,11
46986,21
46987,11
46987,21
46987,22
46988,11
46988,2
46988,15
46989,11
46990,11
46991,11
46991,16
46992,11
46993,11
46993,16
46993,22
46994,11
46995,11
46995,16
46996,11
46996,2
46996,16
46997,11
46998,11
46999,11
47000,11
47001,11
47002,11
47003,11
47003,22
47004,1
47004,11
47004,29
47005,11
47006,11
47007,11
47007,24
47008,11
47008,2
47009,11
47010,11
47011,11
47012,11
47012,2
47012,21
47013,11
47014,11
47015,11
47015,21
47015,31
47016,11
47017,11
47017,15
47017,24
47018,11
47018,15
47018,3
47019,11
47019,16
47020,11
47020,22
47021,11
47021,16
47022,11
47023,11
47023,2
47023,21
47024,11
47024,2
47024,16
47025,11
47025,16
47025,22
47026,11
47026,16
47026,21
47027,11
47027,21
47028,11
47028,15
47028,21
47029,11
47029,2
47029,19
47030,11
47030,2
47030,7
47031,11
47032,11
47032,16
47032,21
47033,11
47034,11
47034,16
47034,10
47035,11
47035,16
47036,11
47037,11
47037,2
47037,21
47038,11
47038,31
47038,22
47039,11
47040,11
47041,11
47042,11
47042,15
47042,32
47043,11
47043,16
47044,11
47044,21
47044,30
47045,11
47045,16
47046,11
47047,11
47047,16
47048,11
47048,16
47048,21
47049,11
47050,11
47050,15
47050,16
47051,11
47051,15
47052,11
47052,24
47053,11
47053,16
47054,11
47054,16
47055,11
47055,15
47055,19
47056,11
47057,11
47057,26
47057,22
47058,11
47059,11
47059,21
47060,11
47060,21
47061,11
47061,22
47061,16
47062,11
47063,11
47064,11
47064,16
47064,22
47065,11
47066,11
47066,3
47067,11
47068,11
47069,11
47070,11
47071,11
47072,11
47073,11
47074,11
47074,21
47075,11
47076,11
47076,16
47076,21
47077,11
47077,21
47077,7
47078,11
47078,15
47079,11
47080,11
47080,2
47080,22
47081,11
47081,21
47082,11
47083,11
47084,11
47084,2
47085,11
47085,21
47085,24
47086,1
47086,11
47086,26
47087,11
47088,11
47088,2
47089,11
47089,16
47089,10
47090,11
47090,24
47091,11
47092,11
47093,11
47094,11
47095,11
47095,16
47095,21
47096,11
47096,21
47096,26
47097,11
47097,15
47098,11
47098,16
47098,21
3228,31
47099,11
47100,11
47101,11
47102,11
36365,21
47103,11
47103,16
47104,11
47104,16
47105,11
47105,31
47105,22
47106,11
47107,11
47108,11
47108,15
47109,11
47109,19
47110,11
47110,21
47110,22
47111,11
47111,3
47112,11
47112,21
47112,10
47113,11
47114,11
47114,2
47114,3
47115,11
47115,2
47116,11
47116,2
47116,22
47117,11
47118,11
47119,11
47119,16
47119,21
47120,11
47121,11
47122,11
47123,11
47123,2
47124,11
47125,11
47126,11
47127,11
47127,21
47128,11
47128,15
47129,11
47129,6
47130,11
47131,11
47131,2
47131,3
47132,11
47133,11
47134,11
47135,11
47135,16
47135,24
47136,11
47136,22
47137,11
47137,22
47138,11
47138,22
47139,11
47139,21
47140,11
47141,11
47142,11
47143,11
47143,16
47144,11
47144,2
47144,22
47145,11
47145,15
47146,11
47146,21
47146,10
47147,11
47147,21
47147,22
47148,11
47148,15
47149,11
47150,11
47151,11
47151,21
47151,26
47152,11
47153,11
47154,11
47154,15
47154,26
47155,11
47156,11
47157,11
47157,19
47158,11
47158,16
47159,11
47159,21
47160,11
47161,11
47161,15
47161,29
47162,11
47163,11
47163,21
47163,19
47164,11
47165,11
3502,21
3502,22
47166,11
47166,16
47167,11
47167,2
47167,15
47168,11
47169,11
47170,11
5259,24
5259,19
47171,11
47171,30
47172,11
47172,16
47173,11
47173,22
47174,11
47174,16
47175,11
47175,16
47175,21
47176,11
47176,2
47176,7
47177,11
47178,11
47179,11
47179,15
47179,26
47180,11
47180,15
47181,11
47182,11
47183,11
47183,21
47184,11
47185,11
47185,21
47186,11
47187,11
47188,11
47189,11
47190,11
47191,11
47191,16
47191,21
47192,11
47193,11
47193,30
47194,11
47195,11
47195,21
47196,11
47197,11
47197,16
47197,21
47198,21
47198,11
47199,11
47200,11
47200,26
47200,22
47201,11
47201,2
47201,10
47202,11
47202,15
47202,16
47203,11
47203,2
47203,26
47204,11
47204,22
47205,11
47205,19
47206,11
47207,11
47208,11
47209,11
47210,11
47211,11
47211,6
47211,21
47212,11
47212,22
47213,11
47214,11
47214,32
47215,11
47216,11
47216,2
47217,11
47218,11
47219,11
47220,11
47220,21
47220,24
47221,11
47221,2
47221,26
47222,11
47222,2
47223,11
47224,11
47225,11
47225,15
47225,32
47226,11
47226,16
47227,11
47228,11
47229,11
47229,16
47230,11
47231,11
47231,6
47231,21
47232,11
47232,15
47232,21
47233,11
47233,2
47233,7
47234,11
47234,21
47235,11
47236,11
47236,2
47236,3
47237,11
47237,2
47237,15
47238,11
47238,15
47238,16
47239,11
47240,11
47240,16
47241,11
47242,11
47243,11
47244,11
47245,11
47246,11
47246,2
47246,21
47247,11
47247,21
47247,32
47248,11
47249,11
47249,22
47250,11
47250,21
47250,24
47251,11
47251,2
47252,11
47252,2
47252,26
47253,11
47253,16
47254,11
47254,2
47254,15
47255,11
47256,11
47256,2
47256,22
47257,11
18557,21
47258,11
47259,11
47260,11
47261,11
47262,11
47263,11
47264,11
47264,16
47265,11
47265,15
47265,31
47266,11
47266,26
47267,11
47267,21
47268,11
47268,2
47268,32
47269,11
47270,11
47271,11
47271,16
47271,21
47272,11
47273,11
47273,6
47273,32
10024,19
47274,11
47274,21
47275,11
47275,22
47276,11
47276,24
47277,11
47278,1
47278,11
47278,22
47279,11
47280,11
47281,11
47281,32
47281,2
47282,11
47282,2
47282,21
47283,11
47283,16
47283,22
47284,11
47285,11
47286,11
47286,2
47287,11
47288,11
47288,3
47289,11
47290,11
47291,11
47292,11
47293,11
47293,2
47294,11
47295,11
47295,2
47295,32
47296,11
47296,2
47296,26
47297,11
47297,31
47298,11
47298,2
47299,11
47299,21
47299,19
47300,11
47300,16
47300,22
47301,11
47302,11
47303,11
47303,2
47304,11
47305,11
47306,11
47307,11
47308,11
47308,16
47309,11
47309,2
47309,32
47310,1
47310,11
47310,2
47311,11
47311,22
47312,11
47312,16
47312,21
47313,11
47313,21
47313,27
47314,11
47315,11
47315,16
47315,21
47316,11
47316,21
47317,11
47317,7
47318,11
47318,16
47318,22
47319,11
47319,2
4438,22
47320,11
47320,21
47320,7
47321,11
40668,16
47322,11
47322,2
47323,11
47323,32
47323,24
47324,11
47324,15
47324,21
47325,11
47326,11
47327,11
47327,16
47328,11
47328,21
47328,27
34779,24
47329,11
47330,11
47330,21
47331,11
5833,21
47332,11
47332,21
47333,11
47333,21
47334,11
47334,16
47334,21
47335,11
47335,21
47335,7
47336,11
47336,21
47337,11
47338,11
47338,21
47338,19
47339,11
47340,11
47341,11
47342,11
47342,21
47343,11
47343,2
47343,26
47344,11
47345,11
47345,16
47345,21
47346,11
47346,32
47347,11
47348,11
47348,15
47349,11
47349,22
47350,11
47350,2
47350,24
47351,11
47351,6
47351,24
47352,11
47353,11
47353,16
47353,10
47354,11
47354,21
47355,11
47356,11
47357,11
47358,11
47359,11
47360,21
47360,11
47361,11
47362,11
47363,11
47364,11
47364,24
47365,11
47365,3
47366,11
47366,21
47367,11
47368,11
47368,16
47369,11
47370,11
47371,11
47371,16
47371,22
47372,11
47373,11
47374,11
47374,2
47374,6
47375,11
47375,2
47375,19
47376,11
47376,22
47377,11
47377,2
47377,29
47378,11
47378,16
47379,11
47380,11
47381,11
47382,11
47383,11
47383,21
47384,11
47384,16
47384,21
47385,11
47385,2
47386,11
47387,11
47388,11
47389,11
47390,11
47390,15
47391,11
47391,21
47392,11
47393,11
47393,16
47394,11
47395,11
47396,11
47396,15
47397,11
47398,11
47399,11
47399,2
47399,32
47400,11
47400,15
47401,11
47401,26
47402,11
47403,11
47404,11
47405,11
47406,11
47407,11
47407,21
47408,11
47408,2
47408,24
47409,11
47409,19
47410,11
47411,11
47412,11
47412,16
47413,11
47413,21
47413,19
47414,11
47414,31
47414,22
47415,11
47415,21
47415,24
47416,11
47417,11
47418,11
47418,2
47418,32
47419,11
47419,21
47419,24
47420,11
47420,15
47420,16
47421,11
47422,11
47422,16
47422,21
47423,11
47424,11
47424,16
47425,11
47425,16
47425,22
47426,11
47427,11
47428,11
47428,16
47429,11
47429,21
47430,11
47431,11
47431,22
47432,11
47433,11
47434,11
47434,19
47435,11
47436,11
47436,21
47437,11
47437,16
47438,11
47439,11
47440,11
47440,21
47441,11
47441,21
47441,24
47442,11
47443,11
47444,11
47444,21
47444,27
47445,11
47445,21
47445,19
47446,11
47446,32
47447,11
47448,11
47449,11
47449,2
47449,15
47450,11
47451,11
47451,21
47452,11
47452,15
47452,16
47453,11
47454,11
47455,11
47456,11
47456,26
47456,22
47457,11
47457,21
47458,11
47459,11
47459,21
47459,26
47460,11
47460,31
26614,2
47461,11
47461,22
47462,11
47463,11
47463,10
47464,11
47465,11
47465,16
47465,21
47466,11
47466,21
47467,11
47468,11
47469,11
47469,2
47469,15
46111,21
47470,11
47470,2
47470,32
47471,11
47472,11
47472,32
47473,11
47473,32
47474,11
47474,16
47474,21
47475,11
47475,2
47475,24
47476,11
47477,11
47477,21
47478,11
47478,2
47478,16
47479,11
47480,11
47481,11
47481,21
47482,11
47483,11
47484,11
47484,16
47485,11
47486,11
47487,11
47488,11
47488,2
47489,11
47489,2
47489,7
47490,11
47491,11
47492,11
47493,11
47494,11
47494,21
47494,32
47495,11
47496,11
47497,11
47497,2
47497,21
47498,11
47498,32
47499,11
47500,11
47501,11
47501,29
47501,26
47502,11
47503,11
47503,3
47504,11
47504,19
27633,22
47505,11
47506,11
47506,15
47506,21
47507,11
47507,21
47508,11
47509,11
47509,21
47509,22
47510,11
47511,11
47511,2
47512,11
47512,21
4512,21
47513,11
47514,11
47515,11
47515,15
47515,21
47516,11
5447,26
47517,11
47518,11
47519,11
47520,11
47520,21
47521,11
47522,11
47522,21
47523,11
47524,11
47525,11
47526,11
47527,11
28612,1
47528,11
47529,11
47529,21
47530,11
47530,21
47531,11
47531,2
47531,32
47532,11
47532,16
47533,11
47534,11
47535,11
47535,21
47536,11
47536,15
33617,30
47537,11
47537,32
47538,11
47538,26
47539,11
47540,1
47540,11
47540,21
47541,11
47542,11
47543,11
47543,31
47543,22
47544,11
47544,21
47544,22
47545,11
47546,11
47546,15
47547,11
47547,22
47548,11
47548,22
47549,11
47549,21
47550,11
47550,31
47551,11
47552,11
47553,11
47554,11
47555,11
47556,11
47557,11
47558,11
47558,10
47558,22
47559,11
47560,11
47561,11
47562,11
47563,11
47563,16
47564,11
47565,11
47566,11
47566,15
47566,31
47567,11
47567,16
47568,11
47568,21
47569,11
47570,11
47570,2
47570,10
47571,11
47571,21
47572,11
47573,11
47573,26
47573,22
47574,11
47575,11
47575,16
47576,11
47576,16
47576,22
47577,11
47577,2
47577,22
47578,11
47578,2
47578,21
47579,11
47580,11
948,11
948,21
948,22
47581,11
47581,15
47581,16
47582,11
47582,16
47582,21
47583,11
47583,2
47583,15
47584,11
47584,16
47585,11
47586,11
47586,21
47586,7
47587,11
47588,11
47588,22
47589,11
47590,11
47591,11
47591,15
47592,11
47592,21
47592,22
47593,11
47593,6
47593,19
47594,11
47595,11
47596,11
47596,2
47596,15
47597,11
47598,11
47599,11
47599,21
47599,22
47600,11
47601,11
47602,11
47603,11
47604,11
47605,11
47606,11
47607,11
47607,21
47608,11
47609,1
47609,11
47609,26
47610,11
47611,11
47611,15
47612,11
47613,11
47613,6
47613,19
47614,11
47615,11
47616,11
47617,11
47617,21
47618,11
47619,11
47620,31
47620,11
47621,11
47622,11
47623,11
47623,2
47624,11
47625,11
47626,11
47627,11
47628,11
47629,11
47630,11
47631,11
47631,32
47631,31
47632,11
47632,2
47632,7
47633,11
47633,2
47633,26
47634,11
47634,16
47634,22
47635,11
47636,11
47636,21
47636,22
47637,11
47637,21
47637,22
47638,11
47639,11
47639,32
47640,11
47640,2
47641,11
47642,11
47642,16
47642,21
47643,11
47643,21
42052,15
42052,16
44953,21
47644,11
47644,15
47644,21
47645,11
47645,6
47645,21
47646,1
47646,11
47646,2
47647,11
47648,11
47648,15
47649,11
47649,16
47649,21
47650,11
47651,11
12526,24
47652,11
47652,16
47652,21
47653,11
47653,21
47654,11
47654,16
47654,21
47655,11
47656,11
47657,11
47657,21
47657,7
47658,11
47659,11
47660,11
47660,2
47661,11
47662,1
47662,11
47662,22
47663,11
47664,11
47664,2
47664,21
47665,11
47666,11
47666,15
47666,16
47667,11
47667,2
47668,11
47668,16
47668,22
47669,11
47669,21
47670,11
47671,11
47671,21
47671,3
47672,11
47673,11
47674,11
47674,21
47675,11
47676,11
47676,21
47677,11
47678,11
47678,31
47678,26
47679,11
47679,21
47680,11
47680,2
47681,11
47681,15
47681,29
47682,11
47683,11
47683,22
47684,11
47685,11
47685,15
47685,21
47686,11
47686,2
47686,32
47687,11
47687,21
47688,11
47688,2
47688,16
4228,26
47689,11
47690,11
47690,21
47691,11
47691,21
47691,26
47692,11
47693,11
47694,11
47695,11
47696,11
47697,11
8798,16
47698,11
47699,1
47699,11
47700,11
47700,21
47701,11
47702,11
47702,26
47702,22
47703,11
47704,11
47705,2
47705,11
47706,11
47707,11
8983,21
34323,21
34323,7
47708,11
47709,11
47709,15
47710,11
47711,11
47711,21
47711,10
47712,11
47713,11
47713,10
47714,11
47715,11
47716,11
47716,15
47717,11
47717,21
47717,10
47718,11
47718,32
47719,11
47719,32
47720,11
47720,21
47721,11
47722,11
47722,16
47722,31
47723,11
47724,11
47724,19
47725,11
47726,11
47727,11
47728,11
47729,11
47730,11
47730,15
47730,16
47731,11
47732,11
47732,16
47733,11
47734,11
47735,11
47735,16
47736,11
47736,2
47736,32
47737,11
47738,11
47739,11
47739,19
47740,11
47741,11
47741,19
47742,11
47742,16
47742,21
47743,11
47744,11
47744,21
47745,11
47746,11
47747,11
47747,21
47748,11
47748,16
47748,10
47749,11
47750,11
47751,11
47752,11
47752,21
47753,11
47753,15
47754,11
47754,6
47754,7
47755,11
47756,11
47757,11
47758,11
47758,16
47759,11
47759,16
47760,11
47760,31
47760,22
47761,11
47762,11
47762,15
47763,11
47763,15
47763,31
47764,11
47765,11
47766,11
47767,11
47767,2
47768,11
28537,15
47769,11
47769,21
47769,24
47770,11
47771,11
47771,31
47771,26
47772,11
47772,31
47772,22
47773,11
47773,24
47773,26
47774,1
47774,11
47774,2
47775,11
47775,2
47775,21
47776,11
47777,11
47778,11
47779,11
47779,21
47779,24
47780,11
47780,21
47780,22
47781,11
47781,2
47781,16
47782,11
47783,11
47783,21
47783,24
47784,11
47784,21
47785,11
47785,21
47786,11
47786,16
47787,11
47788,11
47789,11
47789,32
47790,11
47790,22
47791,11
47792,11
47792,2
47793,11
47794,11
47795,11
47796,11
47796,2
47796,32
47797,11
47798,11
47799,11
47799,15
47799,10
47800,11
47801,11
47801,10
47801,22
47802,11
47802,6
47802,19
47803,11
47803,15
47803,16
47804,11
47805,11
47806,11
47806,21
47807,11
47807,2
47807,22
47808,11
47809,11
47810,11
47811,11
47811,21
47811,22
11756,21
47812,11
47812,21
47813,11
47813,16
47813,21
47814,11
47814,2
47815,11
47815,21
47816,11
47816,15
47816,21
47817,11
47817,21
47818,11
47819,11
47820,11
47821,11
47822,11
47822,15
47822,27
47823,11
47823,16
47823,21
47824,11
47824,2
47824,26
47825,11
47826,11
47827,11
47827,15
47827,21
47828,11
47828,16
47828,22
47829,11
47830,11
47831,11
47831,2
47831,32
47832,11
47832,21
47832,19
47833,11
47834,11
47834,16
47835,11
47836,11
47836,2
47837,11
47838,11
47838,16
47839,11
47839,26
47839,22
47840,11
47841,11
47841,15
47841,31
47842,11
2908,26
47843,11
47843,2
47843,15
47844,11
47844,16
6339,16
47845,11
47845,32
47846,11
47846,16
47847,11
47848,11
47849,11
47850,11
47850,15
47851,11
47851,29
47851,14
47852,11
47853,11
47853,16
47854,11
47854,2
47854,15
47855,11
47855,2
47855,16
47856,11
47857,11
47857,21
47858,11
47859,11
47859,16
47860,11
47860,15
47860,21
3640,16
3640,21
47861,11
47861,21
47862,11
47862,21
47862,10
47863,11
47864,11
47864,2
47864,15
47865,11
47865,16
47865,22
47866,11
47866,10
47866,22
47867,11
47868,11
47869,11
47869,15
47869,29
47870,11
47871,11
47872,11
47872,2
47873,11
47873,26
47874,11
47875,11
47876,11
47876,2
47877,11
47878,11
47879,11
47879,2
47880,11
47881,11
47882,11
47882,16
47882,21
47883,11
47883,21
47884,11
47884,3
47885,11
47885,31
47885,22
47886,11
47887,11
47888,11
47889,11
47889,6
47890,11
47890,16
47891,11
47891,15
47892,11
47892,16
47892,21
47893,11
47893,21
47893,3
47894,11
47895,11
47895,19
47896,11
47897,11
47897,15
47897,32
47898,11
47898,21
47898,22
47899,11
47900,11
47900,31
47900,22
47901,11
47901,21
47901,10
47902,11
47902,16
47902,21
47903,11
47903,16
47903,21
47904,11
47905,11
47906,11
47907,11
47907,16
47908,11
47909,11
47910,11
47911,11
47911,24
47912,10
47912,11
47912,22
47913,11
47913,21
47914,11
47915,11
47916,11
47917,11
47917,15
47918,11
47918,2
47918,7
47919,11
47920,11
47920,19
47921,11
47922,11
47922,2
47922,21
47923,11
47924,11
47925,11
47925,15
47925,24
47926,11
47927,11
47928,11
47929,11
47930,11
47930,16
47931,11
47931,16
47932,11
47933,11
47934,11
47934,21
47934,3
47935,11
47936,11
47937,11
47937,2
47937,24
47938,11
47939,11
47940,11
47940,2
47940,21
47941,11
47941,2
47941,21
47942,11
47942,15
5447,21
5447,27
47943,11
47944,11
47945,11
47945,32
47946,11
47946,2
47947,11
47947,21
47947,31
47948,11
47949,11
47950,11
47951,11
47951,19
47952,11
47952,16
47953,11
47954,11
47954,19
47955,11
47955,3
47956,11
47957,11
47957,22
47958,11
47959,11
47960,11
47961,11
47961,15
47962,11
47963,11
47963,15
47964,11
47964,16
47965,11
47965,2
47966,11
47966,21
47967,11
47967,16
47968,11
47968,24
47968,3
47969,11
5276,7
5276,19
47970,11
47971,11
47972,11
47972,22
47973,11
47973,22
47974,11
47974,32
47974,26
47975,11
47976,11
47977,11
47977,15
47977,16
47978,11
47978,15
47978,31
47979,11
47979,16
47980,11
47980,15
47980,21
47981,11
47982,11
47982,21
47983,11
47983,2
47983,21
47984,11
47984,2
47984,10
47985,11
47985,16
47986,11
47987,11
47988,11
47989,11
47989,32
47989,31
47990,11
47990,21
47990,32
47991,11
47991,16
47991,22
47992,11
47992,26
47992,22
47993,11
47994,11
47995,11
47996,11
30575,2
30575,15
47997,11
47997,21
47998,11
47999,11
47999,31
47999,22
48000,11
48001,11
48001,16
48001,10
48002,11
48002,32
48003,11
48003,21
48004,11
48004,2
48004,21
48005,11
48005,16
48005,22
48006,11
48006,24
48007,11
48007,2
48007,32
48008,11
48009,11
48010,11
48011,11
48012,11
48013,11
48013,15
48013,21
48014,11
48015,11
48016,11
48016,16
48017,11
48018,11
48018,16
48018,21
48019,11
48020,11
48020,2
48020,21
48021,11
48021,2
48021,10
48022,11
48022,2
48022,15
48023,11
48023,22
48024,11
48025,11
6580,16
6580,21
48026,11
48026,16
48027,11
48028,11
48028,15
48028,24
48029,11
48030,11
48030,16
48031,11
48031,21
48031,22
48032,11
48033,11
48033,31
48033,10
48034,11
48034,22
48035,11
48035,19
48036,1
48036,11
48036,2
48037,11
48037,32
48038,11
48038,21
48039,11
48040,11
48041,11
48042,11
48042,15
48042,21
48043,11
48044,11
48044,21
48044,22
48045,11
48046,11
48046,21
48046,24
48047,11
48047,21
48047,30
48048,11
48049,11
48050,11
12545,16
12545,10
9083,21
9083,30
48051,11
48051,2
48052,11
48053,11
48053,21
48054,11
48055,11
48056,11
48057,11
48057,15
48057,16
48058,11
48058,15
48058,21
48059,11
48059,21
48059,26
48060,11
48061,11
48062,11
48063,11
48063,21
48063,19
48064,11
48064,16
48064,31
48065,11
48065,6
48065,15
48066,11
48066,21
48066,29
48067,11
48068,11
48069,11
48070,11
48071,26
48071,29
48071,11
48072,11
48073,11
48073,16
48073,21
48074,11
48075,11
48076,11
48077,21
48077,11
48077,15
48078,11
48079,11
48080,11
48081,11
48082,11
48083,11
48083,16
48084,1
48084,11
48084,15
48085,16
48085,11
48086,11
48087,11
48087,2
48088,11
48088,21
48089,11
48089,21
48090,11
48090,32
48091,11
48092,11
48092,21
48092,22
48093,11
48094,11
48094,21
48094,3
48095,11
48096,11
48096,2
48096,15
48097,1
48097,11
48097,26
48098,11
48098,2
48098,21
48099,11
48099,15
48099,31
48100,11
48101,11
48101,32
48102,11
48102,29
48102,26
48103,11
48104,11
48105,11
48106,11
48107,11
48108,11
48108,32
48109,11
48110,11
48110,19
48111,11
48111,21
48112,11
48113,11
48114,11
13960,15
48115,11
48115,21
48116,11
48116,21
48116,32
48117,11
48117,15
48117,16
48118,11
48118,31
48119,11
48120,11
48121,11
48122,11
48122,15
48123,11
48124,11
48124,15
48125,2
48125,11
48126,11
48127,11
48127,21
48127,22
48128,11
48129,11
48129,21
48129,3
48130,11
48131,21
48131,11
48132,11
48132,19
48133,11
48133,21
48133,31
48134,11
48135,11
48136,11
48137,11
48138,11
48139,11
48140,11
48140,21
48141,11
48141,31
48142,11
48143,11
48144,11
48144,16
48145,11
48145,16
48146,11
48147,11
48148,11
48148,19
48149,11
48150,11
48150,10
48150,19
48151,11
48152,11
48152,15
48153,11
48154,11
48155,11
48155,22
48156,11
48156,2
48156,21
48157,11
48157,31
48157,26
48158,11
20402,15
20402,16
48159,11
48160,11
48161,11
48162,11
48163,11
48163,21
48163,32
48164,11
48164,24
48165,11
48165,16
48166,11
48166,2
48167,11
48167,21
48167,22
48168,11
48168,26
48169,11
48170,11
48170,2
48170,15
48171,11
48172,11
48173,11
48174,11
48175,11
48175,2
48175,26
48176,11
48177,11
48178,11
48178,2
48178,7
48179,11
48179,15
48180,11
48181,11
48181,22
48181,19
48182,11
48182,19
16414,22
48183,11
48184,11
48185,11
48185,21
48185,26
48186,11
48186,2
48186,32
48187,11
48187,16
48187,21
48188,11
48189,11
48189,21
48189,22
48190,11
48191,11
48192,26
48192,29
48192,11
48193,11
48194,11
48194,26
48195,11
48195,22
48196,11
48197,11
48197,15
48198,11
48198,2
48198,32
48199,11
48200,11
48201,11
48201,15
48201,21
20742,2
48202,11
48202,15
48202,26
48203,11
48204,11
48204,2
48204,29
48205,11
48206,11
48206,2
48206,32
48207,11
48207,16
48208,11
48208,22
48209,11
48210,11
48211,11
48211,16
48211,21
48212,11
48212,15
48212,16
48213,11
48213,2
48213,3
48214,11
48215,11
48216,11
48217,11
48217,31
48217,26
48218,11
48218,16
48219,11
48219,21
48220,11
48221,11
48222,11
48223,11
48224,11
48225,11
48226,11
48226,22
48227,11
48227,21
48228,11
48229,11
48229,15
48229,31
48230,11
48230,2
48231,11
48232,11
48233,11
48233,16
48234,11
48235,11
38834,21
48236,11
48236,22
48237,11
48238,11
48238,21
48239,11
48239,31
48239,26
48240,11
48241,11
48241,2
48241,21
48242,11
48243,11
48243,6
48243,21
48244,11
48244,15
48244,21
48245,11
48246,11
48246,19
48247,11
48248,11
48249,11
48249,19
48250,11
48250,26
48250,22
48251,11
48251,2
48251,16
48252,11
48252,21
48253,11
48253,19
48254,11
48255,11
48256,11
48256,16
48257,11
48258,11
48259,11
48259,2
48259,21
48260,11
48261,11
48262,11
48262,2
48262,31
48263,11
48264,11
48264,2
48264,16
48265,11
48266,11
48267,11
48267,26
48268,11
48269,11
48269,16
48269,21
48270,11
48270,15
48270,31
48271,11
48272,11
48273,11
48273,21
48273,27
48274,11
48275,11
48275,15
48276,11
48277,11
48277,16
48278,11
48278,15
48278,21
48279,11
48280,11
48280,15
48280,10
48281,11
48282,11
48283,11
48284,11
48285,11
48286,11
48286,15
48287,11
48287,21
48287,31
48288,11
48288,22
48289,11
48290,11
48290,3
48291,11
48292,11
48293,11
48294,11
48294,16
48295,11
48295,21
48296,11
48296,2
48297,11
48298,11
48298,26
48299,11
48300,11
48300,3
48301,11
48301,2
48301,26
48302,11
48303,11
48304,11
48304,2
48304,26
48305,11
48306,11
48307,11
48308,11
48309,11
48309,2
48309,16
48310,11
48310,16
48310,22
48311,11
48311,16
48311,21
48312,11
48313,11
48313,21
48313,10
48314,11
48314,15
48315,11
48315,21
48315,30
48316,11
48316,2
48316,21
48317,11
48317,21
48317,26
4197,16
4197,21
48318,11
48318,22
48319,11
48319,2
48320,11
48321,11
48321,15
48321,19
48322,11
48323,11
48324,11
48325,11
20963,21
48326,11
48326,16
48327,11
48328,11
48329,11
48330,11
48331,11
48332,11
48333,11
48333,16
48333,21
48334,11
48335,11
48335,16
48335,21
48336,11
48337,11
48337,15
48338,11
48339,11
48340,11
48340,21
48341,11
48341,2
48341,21
48342,1
48342,11
48343,11
48344,11
48344,32
48345,11
48346,11
48347,11
48347,16
48348,11
48349,11
48350,11
48350,21
48350,32
48351,11
48352,11
48352,16
48352,21
48353,11
48354,11
48355,11
48356,11
48356,16
12798,21
48357,11
48357,19
48358,11
48359,11
48359,16
48360,11
48360,21
48361,11
48362,11
48362,10
48363,11
48364,11
48364,21
48365,11
48366,11
48366,15
48366,26
48367,11
48367,16
48367,21
48368,11
48369,11
48369,26
48370,11
48371,11
48371,2
48372,11
23393,2
23393,16
48373,11
48374,11
48375,11
48375,16
48375,22
48376,11
48376,29
48376,31
48377,11
48377,21
48378,11
48378,2
48378,32
48379,11
48380,11
48381,11
48382,11
48383,11
48383,21
48383,26
48384,11
48385,11
48385,21
48385,27
48386,11
48387,11
48387,22
48388,11
48388,16
48388,22
48389,11
48390,11
48390,16
48391,1
48391,11
48391,2
48392,11
48392,15
48392,26
48393,11
48394,11
48395,11
48396,11
48397,11
48397,16
48397,21
48398,11
48398,21
48399,11
48400,11
48400,21
48400,19
48401,11
48401,16
48402,11
48403,11
48404,11
48404,19
48405,11
48406,11
48406,15
48407,11
48408,11
48408,16
48408,22
48409,11
48409,15
48409,26
48410,11
48410,24
48411,11
48411,19
48412,11
48413,11
48414,11
48415,11
48415,16
48416,11
48416,2
48417,11
48418,11
48418,2
48418,21
48419,11
48420,11
48420,21
48421,11
48422,11
48423,11
6484,21
48424,11
48425,11
48425,16
48426,11
48427,11
48428,11
48429,11
48429,15
48429,19
48430,11
48431,2
48431,11
48431,29
48432,11
48432,26
48432,22
48433,11
48433,21
48434,11
48435,11
48436,11
48436,6
48437,11
48438,11
48438,2
48439,11
48440,11
48440,24
48441,11
48441,16
48441,10
48442,11
48443,11
48443,21
48443,7
48444,11
48445,11
48445,2
48446,21
48446,11
48447,11
48447,32
48447,26
48448,11
48449,11
48450,11
48450,7
48450,19
48451,11
48452,11
48453,11
48454,11
48454,22
48455,11
48456,11
48457,21
48457,11
48458,11
48459,11
48460,11
48460,15
48460,19
48461,11
48461,16
48462,11
48462,26
48463,11
48463,2
48464,11
48465,11
48466,11
48467,11
48468,11
48469,11
36975,21
48470,11
48470,21
48470,22
48471,11
48472,11
48473,11
48474,11
48475,11
48475,16
48476,11
48477,11
48477,21
48478,11
48479,11
48479,2
48479,21
48480,11
48481,11
48482,11
48482,16
48482,21
48483,11
48483,16
48484,11
48485,11
48485,21
48486,11
48487,11
48488,11
48488,22
48489,11
48490,11
48490,21
48490,22
48491,11
48491,2
48491,21
48492,11
48492,21
48493,11
48493,2
48493,21
48494,11
48495,11
48495,16
48496,11
48497,11
48498,11
48499,11
48499,3
48500,11
48501,11
48502,11
48503,11
48503,15
48503,22
48504,11
48504,7
48505,11
48505,15
48505,21
48506,11
48506,2
48507,11
48508,11
48508,6
48509,11
48509,16
48509,21
48510,11
14804,2
14804,27
48511,11
48511,21
48512,11
48513,11
48514,11
48514,21
48515,11
48516,11
48517,11
48517,21
48518,11
48519,11
48519,29
48520,11
44017,15
48521,11
48522,11
48523,11
48524,11
48525,11
48525,21
48526,11
48526,21
48527,11
48527,7
48528,11
48529,11
48529,15
48530,11
48531,11
48531,16
48531,21
48532,11
48533,11
48534,11
48534,16
48534,22
48535,11
48536,11
48536,16
48537,11
48538,11
48538,31
18346,22
48539,11
48540,11
48540,2
48541,11
48542,11
48543,11
48544,11
48545,11
48545,21
48545,24
48546,11
48546,2
48546,15
48547,11
48547,15
48548,11
48549,11
48550,11
48550,16
48551,11
48551,2
48551,32
48552,11
48553,11
48554,11
48555,11
48555,2
48555,15
48556,11
48557,11
48558,11
48558,22
48559,11
48560,11
48560,16
48561,11
48561,21
48561,24
48562,11
48563,11
48563,15
48563,24
48564,11
48565,11
48566,11
48567,11
48568,11
48568,2
48568,16
48569,11
48569,16
48569,21
27570,16
48570,11
48570,2
48571,11
48571,15
48571,16
48572,11
48572,22
48573,11
48574,11
48575,11
48576,11
48577,11
48577,2
48578,11
48578,21
48579,11
48579,15
48580,11
48580,16
48580,21
48581,11
48581,2
48582,11
48582,32
48582,31
48583,11
48583,3
48584,11
48585,11
48586,11
48587,11
48588,11
48589,11
48590,11
48590,16
48590,21
48591,11
48591,15
48592,11
48592,2
48592,15
48593,11
48593,32
48594,11
48594,15
48595,11
48595,16
48596,11
48596,21
48597,11
48597,2
48597,32
48598,11
48599,11
48600,11
48601,22
48601,11
48602,11
48603,11
48603,30
48604,11
48605,11
48605,21
48606,11
48606,24
48606,22
48607,11
48607,21
48607,22
48608,11
48609,11
48610,11
48611,11
48612,11
48613,11
48614,11
48614,21
48615,26
48615,29
48615,11
48616,11
48617,11
48618,11
48619,11
48619,2
48620,16
48620,11
48621,11
48621,21
48622,11
48622,21
48623,11
48624,11
48624,2
48625,11
48625,15
48626,11
48626,16
48626,22
48627,11
48628,11
48629,11
48630,11
48630,19
48631,11
48631,21
48631,10
48632,11
48632,17
48633,11
48634,11
48635,11
48636,11
48637,11
48638,11
48638,6
48638,7
48639,11
48640,11
48640,15
48640,21
48641,11
48641,16
48641,21
48642,11
48642,16
1245,11
48643,1
48643,11
48643,2
26702,30
48644,11
48644,2
48644,15
48645,11
48646,11
48646,21
48646,24
48647,11
48647,15
48647,32
48648,11
48648,31
48648,26
48649,11
48649,2
48649,29
48650,11
48650,2
48650,21
48651,11
48652,11
48653,11
48653,21
48653,24
48654,11
48655,11
48656,11
48657,11
48658,11
48658,21
48658,7
48659,11
48659,16
48659,10
48660,11
48660,31
48661,11
48662,11
48663,11
48664,11
48664,24
48665,11
48665,2
48666,11
48666,15
48667,22
48667,11
48668,11
48669,11
48669,21
48670,11
48670,15
48670,31
48671,11
48672,11
48673,11
48674,11
48674,2
48674,26
48675,11
48676,11
48677,11
48677,16
48678,11
48679,11
48679,15
48679,21
48680,11
48680,19
48681,11
11146,22
48682,11
48683,11
48683,2
48683,32
48684,11
48684,15
48684,31
48685,11
48686,11
48686,15
48686,16
48687,11
48687,2
48687,31
48688,11
48689,11
48690,11
48691,11
48691,3
48692,11
48693,11
48694,11
48694,16
48695,11
48695,15
48696,11
48697,11
48698,11
48699,11
48700,11
48701,11
48702,11
48703,11
48703,15
48703,21
48704,11
48705,11
48706,11
48707,11
48707,16
48707,22
48708,11
48709,11
48710,11
48710,15
48711,11
48712,11
48712,21
48713,11
48713,22
48714,11
48715,11
48716,11
48716,2
48716,15
48717,11
48718,11
48718,16
48719,11
48719,15
48720,11
48720,2
48721,11
48722,11
48723,11
48723,21
48724,11
48724,21
48725,11
48726,11
48727,11
48727,2
48727,21
48728,11
48728,15
48728,16
48729,22
48729,11
48730,11
48730,21
48730,32
48731,11
48731,16
48732,11
48733,11
48733,15
48734,11
48734,26
48735,11
48736,11
48736,2
48737,11
48738,11
48739,11
48739,19
48740,11
48740,16
48741,11
48742,11
48742,21
48743,11
48743,15
48743,19
48744,11
48744,16
48744,21
18978,32
18978,22
48745,11
48745,15
48746,11
48747,11
48747,10
48747,26
48748,11
48748,32
48749,11
48749,16
48749,21
48750,1
48750,11
48750,2
48751,11
48751,15
48752,11
48753,11
48753,21
48754,11
48754,16
48754,22
48755,11
48755,16
48756,11
48757,11
48757,21
48758,11
48758,27
48759,11
48760,11
48760,21
48761,11
48762,11
48763,11
48764,11
48765,11
48766,1
48766,11
48766,26
48767,11
48768,11
48768,16
48768,22
48769,11
48770,11
48770,29
48770,26
48771,11
48771,21
48772,11
48772,31
48772,26
7729,2
7729,16
48773,11
48773,2
48773,15
48774,11
48775,11
48776,11
48776,15
48776,31
48777,11
48777,22
48778,11
48779,11
48780,11
48780,2
48781,11
48782,11
48783,11
48783,21
48783,22
48784,11
48785,11
48786,11
48787,11
48787,21
48788,11
48789,11
48790,11
48790,21
48790,7
48791,11
48791,21
48792,11
48793,11
48793,3
48794,11
48794,16
48795,11
48796,11
48796,19
48797,11
48798,11
48798,2
48798,31
48799,11
48799,21
48800,11
48801,11
48802,11
48803,11
48803,15
48804,11
48805,11
48805,2
48805,21
48806,11
48807,11
48808,11
48808,14
48809,11
48809,31
48809,10
48810,11
48810,2
48811,11
48811,2
48811,26
48812,11
48813,11
48814,11
48814,22
48815,11
48816,11
48817,11
48818,11
48819,11
48819,21
48819,24
48820,11
48821,11
48822,1
48822,11
48822,15
48823,11
48824,11
48825,21
48825,11
8343,21
48826,11
48827,11
48828,11
48829,11
48829,2
48829,21
48830,11
48831,11
48831,2
48831,29
48832,11
48832,21
48833,11
48833,21
48834,11
48835,11
48836,11
48837,11
48838,11
48838,2
48839,11
48840,11
48840,16
48840,7
48841,11
48842,11
48842,2
48843,11
48843,21
48844,11
48844,21
44564,16
44564,21
48845,11
48845,2
48845,21
48846,11
48847,11
48847,21
48848,11
48848,21
48848,27
48849,11
48849,31
48849,10
48850,11
48851,11
48851,15
48851,3
48852,11
48852,22
48853,11
48853,22
48854,11
48855,11
48856,11
48856,19
48857,11
48858,11
48858,2
48858,32
48859,11
48860,11
48860,21
48861,11
48862,11
48862,2
48862,21
48863,11
48863,21
48864,11
48864,2
48864,21
48865,11
48865,21
48866,11
48867,11
48868,11
48868,32
48869,11
48869,16
48869,27
48870,11
48870,15
48871,11
48871,16
48872,11
48873,11
48873,15
48874,11
48875,11
48876,11
48876,22
48876,3
48877,11
48878,11
48878,15
48878,10
48879,11
48880,11
48880,26
48881,11
48881,15
48882,11
48883,11
48883,21
48884,11
48885,11
48885,21
48886,11
48886,2
48886,21
48887,11
4379,31
48888,11
48888,2
48888,26
48889,11
48890,11
48891,11
48892,11
48893,11
48893,2
48894,11
48895,11
48896,11
48897,11
48897,2
48897,26
48898,11
48899,11
48899,21
48899,22
48900,11
48901,11
48902,11
48902,2
48902,32
48903,11
48904,11
48905,11
48905,15
48905,21
48906,11
48907,11
48908,11
48908,16
48908,21
48909,11
48910,11
48911,11
48912,11
48913,11
48913,19
48914,11
48914,32
48915,11
48915,2
48915,15
48916,11
48916,2
48916,15
48917,11
48917,24
48917,21
48918,11
48918,15
48919,11
48919,15
48919,16
48920,11
48921,11
48921,16
48922,21
48922,11
48923,11
48923,22
48924,11
48924,16
48924,32
48925,11
48925,19
48926,11
48927,11
48927,21
48928,11
48928,21
48929,11
48930,11
48931,11
48931,2
48931,26
48932,11
48932,16
48933,11
48933,15
48934,11
48934,16
48934,21
48935,11
48936,11
48936,2
48937,11
48938,11
48939,11
48939,16
48940,11
48941,11
48941,31
48942,11
48943,11
48944,11
48945,11
48945,15
48945,31
48946,11
48946,16
48946,21
48947,11
48948,11
48948,16
48949,11
48949,21
48949,19
48950,11
48951,11
48952,11
48952,15
48953,11
48954,11
48954,24
48955,11
48956,11
48956,26
48956,22
48957,11
48958,11
48959,11
48959,16
48959,21
48960,11
48961,11
48961,21
48961,3
48962,11
48962,16
48962,21
48963,11
48964,11
48964,16
48965,11
48966,11
48967,11
48968,11
48969,11
48969,15
48969,22
48970,11
48970,16
48970,21
48971,11
48972,11
48972,32
48972,26
48973,11
48973,19
48974,11
48975,11
48975,21
48976,11
48976,21
48976,22
48977,11
48978,11
48978,22
48979,11
48979,21
48979,29
48980,11
48981,11
48981,2
48981,26
48982,11
48982,22
48983,11
48984,11
48985,11
48985,24
48986,11
48986,3
48987,11
48988,11
48988,2
48988,15
48989,11
48990,11
48991,11
48992,11
48993,11
48994,11
48995,11
48996,11
48997,11
48998,21
48998,2
48998,11
48999,11
49000,11
49001,11
49002,11
49002,2
49003,11
49003,19
49004,11
49005,11
49006,11
49007,11
49008,11
49008,21
49009,11
49009,19
49010,11
49010,21
49011,11
49012,11
49013,11
49014,11
49015,11
49016,11
49017,11
49018,11
49019,11
49020,11
49020,16
49020,21
49021,11
49021,2
49021,22
49022,11
49023,11
49023,21
49024,11
49025,11
49025,16
49026,11
49026,16
49027,11
49028,11
49028,21
49029,11
49030,11
49031,11
49031,16
49032,11
49033,11
49033,31
49034,11
49035,11
49036,11
49037,11
49038,11
49038,21
49039,11
49039,21
49039,31
49040,11
49041,11
49042,11
49042,21
49042,32
49043,11
49044,11
49044,15
49045,11
49045,21
49046,11
49046,21
49047,11
49047,2
49047,24
49048,11
49049,11
49050,11
49050,3
49051,11
49052,11
49052,22
49053,11
49054,11
49055,11
49055,2
49055,30
49056,11
49057,11
49058,11
49059,11
49060,11
49061,11
49061,21
49062,11
49063,11
49063,16
49063,21
49064,11
49065,11
49065,21
49066,11
49067,11
49068,11
49069,11
49069,21
49070,11
49070,2
49070,16
49071,11
49072,11
16335,22
49073,11
49073,16
49074,11
49074,15
49074,16
49075,11
49076,11
49076,2
49076,16
49077,11
49078,11
49079,11
49080,11
49080,24
49081,11
49081,2
49082,11
49083,11
49084,11
49084,2
49084,15
49085,11
49085,21
49086,11
49086,21
49087,11
49087,15
49088,11
49088,15
49089,11
49089,26
49090,11
49090,21
49091,11
49092,11
49093,11
49093,15
49093,10
49094,11
49095,11
49095,21
49096,11
49097,11
49098,11
49098,10
49099,21
49099,11
49100,11
49101,11
49101,15
49101,21
49102,11
49102,21
49102,22
49103,11
49104,11
49105,11
49105,22
49106,11
49107,11
49107,16
49108,11
49109,11
49110,11
49111,11
49112,11
49113,11
49113,2
49114,11
49114,21
49114,24
49115,11
49116,11
49116,2
49116,16
49117,11
49118,11
49119,11
49120,11
49120,21
49121,11
49122,11
49123,11
49124,11
49124,16
49125,11
49125,16
49125,21
49126,11
49126,16
49127,11
49128,11
49128,19
49129,11
49129,16
49130,11
49130,32
49130,31
49131,11
49132,11
49133,11
49134,11
49134,2
49134,24
49135,11
49135,19
49136,11
49136,26
49137,11
36850,10
49138,11
49138,15
49139,11
49139,16
49139,21
49140,11
49140,2
49141,11
49142,1
49142,11
49142,2
49143,11
49144,11
49145,11
49146,11
49146,2
49147,11
49147,16
49147,21
18448,26
49148,11
49148,32
49148,31
49149,11
49150,11
49151,11
49152,11
49153,11
49154,11
49154,15
49154,16
49155,11
49156,11
49156,26
49157,11
49158,11
49158,15
49158,27
49159,11
49159,2
49159,26
49160,11
49160,22
49161,11
49162,11
49162,16
49163,11
49164,11
49165,11
49166,11
49167,11
49167,16
49167,21
49168,11
49169,11
49169,21
49169,26
49170,11
49170,15
49170,16
49171,11
49172,11
49173,11
49174,11
49174,2
49174,16
49175,11
49175,2
49175,24
49176,11
49177,11
49177,2
49177,22
49178,11
49178,21
49179,11
49179,16
49180,11
49180,15
49181,11
49182,11
49182,15
49182,21
49183,11
49183,21
49183,19
49184,11
49184,2
49184,21
49185,11
49185,16
49185,22
49186,11
49187,11
49188,11
49188,15
49188,16
49189,11
49190,19
49190,11
49191,11
49191,21
49192,11
49192,26
49192,22
49193,11
49194,21
49194,11
49194,32
49195,11
49196,11
49196,26
49196,22
49197,11
49197,2
49197,32
49198,11
49199,11
49200,11
49200,16
49200,22
49201,11
49201,16
49202,11
49202,21
49203,11
49204,11
49204,21
49205,11
49205,31
49205,22
49206,11
49207,11
49207,2
49207,31
49208,11
49209,2
49209,15
49209,11
49210,11
49210,15
49210,21
49211,11
49211,16
47702,21
49212,11
49212,21
49213,11
49213,22
49214,11
49214,16
49215,11
49216,11
49217,11
49217,16
49218,11
49219,11
49219,15
49219,16
49220,11
49220,6
49220,21
49221,11
49222,11
49223,11
49223,15
49224,11
49224,31
49224,22
49225,11
49226,11
49226,24
49227,11
49227,32
49227,22
49228,11
49228,19
49229,11
49229,2
49229,21
49230,11
49230,15
49230,16
49231,11
49232,11
49233,11
49234,11
49235,11
49235,3
49236,11
49237,11
49237,32
49237,26
49238,11
49239,11
49239,22
12776,15
49240,11
49241,11
49242,11
49242,16
49243,11
49243,15
49243,19
49244,11
49244,16
49245,11
49246,11
49247,11
49248,11
49249,11
49249,21
49250,11
49251,11
49251,16
49251,21
49252,11
49252,22
49253,11
49253,16
49254,11
49255,11
49256,11
49256,15
49257,11
49258,11
49259,11
49260,11
49261,11
49261,16
49261,21
49262,11
49263,11
49264,11
49264,21
49265,11
49266,11
49266,32
49267,11
49268,11
49268,21
49269,11
49269,16
49269,10
49270,11
49271,11
49271,21
49272,11
49273,11
49273,21
49274,11
49275,11
49276,11
49276,16
49276,19
49277,11
49278,11
49279,11
49279,22
49280,11
49280,15
49281,11
49282,11
49282,32
49282,26
49283,11
49283,22
49284,11
49285,11
49285,21
8308,22
49286,11
49287,11
49287,15
49288,11
49288,2
49288,32
49289,11
49290,11
49291,11
49292,11
49292,21
49292,22
49293,11
49294,11
49295,1
49295,11
49295,15
49296,11
49297,11
49297,10
49297,22
49298,11
49298,2
49298,16
49299,11
49299,2
49299,26
49300,11
49301,11
49302,11
49303,11
49303,16
49304,11
49304,32
49305,11
49306,11
20766,19
49307,11
49307,21
49308,11
49308,10
49308,22
49309,11
49310,11
49311,11
49312,11
49312,15
49313,11
49313,2
49313,31
49314,11
49315,11
49315,7
49315,22
49316,11
49316,21
49316,3
21026,19
5609,2
5609,21
49317,11
12984,2
12984,32
49318,11
49318,15
49318,16
49319,11
49319,16
49320,11
49320,15
49320,16
49321,11
49322,11
49322,21
49323,11
49324,11
49325,11
49325,21
49325,22
49326,11
49326,24
49326,19
49327,11
49328,11
49329,11
49329,21
49330,11
49330,16
49331,11
49332,11
49333,11
49333,21
49334,11
49335,11
49335,19
49336,11
49336,31
49336,22
49337,11
49338,11
49338,16
49339,11
49339,3
49340,11
49341,11
49342,11
49342,3
49343,11
49344,11
49345,11
49346,11
49347,11
49348,11
49349,11
49350,11
49351,11
49351,16
49351,21
49352,11
49352,16
49352,21
49353,11
49353,21
49354,11
49354,21
49355,11
49355,16
49355,10
49356,11
49356,2
49357,11
49357,21
49358,11
49358,2
49359,11
49360,11
49360,16
49360,21
49361,11
49362,21
49362,11
49363,11
49364,11
49365,11
49365,2
49365,15
49366,11
49366,32
49367,11
49368,11
49368,21
49368,19
49369,11
49370,11
49371,11
49372,11
49372,2
49372,15
49373,11
49373,2
49373,32
49374,11
49375,1
49375,11
49375,2
49376,11
49377,11
49378,11
49378,16
49379,11
49379,15
49380,11
49380,15
49380,29
49381,11
49382,11
49382,15
49382,21
49383,11
49383,21
49384,11
49385,11
49386,11
49386,2
49387,11
49388,11
49388,2
49388,21
49389,11
49389,26
49390,11
49390,16
49390,10
49391,11
49391,26
49392,11
49392,21
49392,24
49393,11
49394,1
49394,11
49394,2
49395,11
49396,11
49396,15
49397,11
49398,11
49399,11
49399,10
49399,22
49400,11
49400,21
49401,11
49402,11
49403,11
49404,11
49404,21
49405,11
49405,15
49406,11
49406,15
49406,16
49407,21
49407,15
49407,11
49408,11
49409,11
49409,2
49409,21
49410,11
49411,11
49411,19
49412,11
49413,11
49413,2
49413,15
49414,11
49415,11
49415,24
49415,19
49416,11
49416,16
49416,21
29512,21
49417,11
49418,11
49419,11
49419,2
49420,11
49421,11
49421,16
49421,21
49422,11
49422,16
49422,22
49423,11
49424,11
49424,32
49424,26
49425,11
49426,1
49426,11
49426,2
49427,11
49428,11
49429,11
49430,11
49430,15
49431,11
49432,11
49433,11
49434,11
49435,11
49436,1
49436,11
49436,21
49437,19
49437,11
49438,11
49439,11
49439,21
49440,11
49441,11
49442,11
49442,16
49442,22
49443,11
49443,2
49443,16
49444,11
49444,22
49445,15
49445,11
30726,10
49446,11
49446,21
49446,24
49447,11
49447,21
49448,11
49449,11
49449,15
49449,16
49450,11
49451,11
49451,10
49451,22
49452,11
49452,19
49453,11
49453,19
49454,11
49454,15
49455,11
49456,11
49457,11
49457,16
49458,1
49458,11
49458,2
49459,11
49459,21
49460,11
49461,11
49462,11
49463,11
49464,11
49465,11
49465,24
49465,22
49466,11
49467,11
49467,16
49467,21
49468,11
49468,2
49468,21
49469,11
49470,11
49471,11
15596,11
49472,11
49472,10
49472,22
49473,11
49474,11
49475,3
49475,11
49476,11
49476,10
49477,11
49477,32
49478,11
49479,11
49479,32
49480,11
49481,11
49481,21
49482,11
49483,11
49483,15
49484,11
49485,11
49486,11
49487,11
49487,32
49488,11
49488,19
49489,11
49489,15
49490,11
49490,21
49490,22
49491,11
49492,11
49493,11
49494,11
49495,11
49495,16
49495,29
49496,11
49496,16
49496,21
49497,11
49497,15
49498,11
49499,11
49499,21
49499,22
49500,11
49501,11
49502,11
49503,11
49504,11
49504,15
49504,10
49505,11
49505,21
49506,11
49507,11
49507,22
49508,11
49509,11
49509,15
49510,11
49511,11
49512,11
49512,16
49513,11
49513,2
49514,11
49515,11
49516,11
49516,16
49517,11
49518,11
49519,11
49519,15
49519,26
49520,11
49521,11
49522,11
49523,11
49523,2
49523,21
49524,11
49525,11
49525,21
49526,11
49526,21
49527,11
49527,31
49527,22
49528,11
49529,11
49530,11
49530,21
49531,11
49532,11
49532,16
49533,11
49533,16
49533,21
49534,11
49534,2
49534,15
49535,11
49536,11
49537,11
49537,21
49538,11
49539,11
49540,11
49540,32
49541,11
49542,11
49542,21
49542,19
49543,11
49543,31
49543,26
49544,11
49545,11
49546,11
49547,11
49547,32
49547,7
49548,11
49548,32
49548,26
49549,11
49549,16
49550,11
49551,11
49551,21
49552,11
49553,11
49553,15
49554,11
49555,11
49556,11
49556,2
49557,11
49557,19
49558,11
49558,21
49559,11
49559,21
49559,19
49560,11
49560,21
49561,11
49561,21
49562,11
49563,11
49564,11
49564,10
49565,11
49565,16
49566,11
49567,11
49567,21
49568,11
49568,19
49569,11
49569,16
49570,11
49570,21
49571,11
49571,21
49572,11
49572,16
49573,11
49574,11
49574,21
49575,11
49575,22
49576,11
2748,2
49577,11
49577,3
49578,11
49579,1
49579,11
49579,32
49580,11
49581,11
49581,2
49581,31
49582,11
49582,16
49582,21
49583,11
49583,27
49583,24
7071,10
49584,11
49584,16
49585,11
49586,11
49587,11
49588,11
49588,16
49588,21
49589,11
49590,11
49591,11
49592,11
49592,16
49592,21
49593,11
49594,11
49594,2
49594,3
49595,11
49595,21
49595,24
49596,11
49597,11
49597,24
49598,11
49598,3
49599,11
49599,15
49600,11
49600,16
49600,22
49601,11
27188,16
27188,22
49602,11
49603,11
49604,11
49605,11
49606,11
38597,22
49607,11
49608,11
49609,11
49610,11
49611,11
49611,21
49612,1
49612,11
49612,16
49613,11
49613,15
49614,11
49615,11
49616,11
49616,2
49616,3
49617,11
49618,11
49618,2
49619,11
49619,15
49619,26
49620,11
49621,11
49621,30
49622,11
49623,11
49624,11
49624,15
49624,16
49625,11
49626,11
28311,21
49627,11
49628,11
49629,11
49629,21
49630,11
49631,11
49632,11
49633,11
49633,21
49634,11
49634,15
49634,16
49635,11
49636,11
49637,11
49637,2
49638,11
49639,11
49640,11
49640,2
49640,15
49641,11
49642,11
49642,2
49642,15
49643,11
49643,16
35951,16
35951,7
7503,24
7503,26
49644,11
49644,32
49645,11
49645,21
49645,22
13102,21
49646,11
49647,11
49648,11
49648,2
49649,11
49649,15
49650,11
49650,2
49650,10
49651,11
49652,11
49652,2
49652,32
49653,11
49653,30
49654,11
49655,11
49656,11
49657,11
49658,11
49659,11
49659,15
49660,11
49661,11
49661,16
49662,11
49662,21
49663,11
49663,2
49663,15
49664,11
49664,2
49664,21
49665,11
49665,21
49666,11
49666,21
49666,29
49667,11
49667,21
49667,7
49668,11
49668,21
49668,19
49669,11
49670,11
49670,15
49670,30
49671,11
49671,2
49671,21
49672,11
49672,21
49673,11
49673,2
49674,11
49674,22
49675,11
49676,11
49677,11
49677,16
49677,21
49678,11
49679,11
49680,11
49681,11
49682,11
49683,11
49683,21
49684,11
49684,32
49684,31
49685,11
49686,11
49687,11
49688,11
49689,11
49689,21
49689,31
49690,11
49691,11
49692,11
49693,11
49693,21
49694,11
49695,11
49695,26
49695,22
49696,11
49697,11
49697,7
49697,19
49698,11
49698,2
49699,11
49700,11
49700,26
49700,22
49701,11
49701,2
49701,15
49702,11
49703,11
49704,11
49705,11
49706,11
49706,21
49706,24
49707,11
49708,11
49709,11
49709,2
49709,26
49710,11
49710,19
12913,21
49711,11
49711,21
49712,11
49712,16
49712,21
49713,11
49713,21
49713,31
49714,1
49714,11
49714,15
49715,11
49716,11
49717,11
49718,11
49718,21
49719,11
49720,11
49721,11
49722,11
49723,11
49724,11
49724,21
49724,10
49725,11
49726,11
49727,11
49728,11
49729,11
49729,2
49729,21
49730,11
49731,11
49732,11
49732,19
49733,11
4893,26
49734,11
49734,3
49735,11
49736,11
49736,21
49736,19
20848,2
49737,11
49737,16
49738,11
49739,11
49740,11
49740,21
49741,11
49741,6
49742,11
49743,11
49743,2
49743,15
49744,11
49745,11
49746,11
49746,15
49746,16
49747,11
49747,16
49747,21
49748,11
49748,16
49749,11
49750,11
49750,21
49751,11
29909,21
49752,11
49752,16
49753,11
49753,21
49753,30
49754,11
49755,2
49755,11
49755,21
49756,11
49756,2
49756,15
49757,11
49757,16
49757,22
24308,10
49758,11
49758,16
49759,11
49760,11
49760,22
49761,11
49762,11
49763,11
49764,11
49764,2
49764,31
49765,11
49766,11
49766,22
49767,11
49768,11
45925,10
45925,22
49769,11
49770,11
49770,21
49771,11
49772,11
49773,11
49773,15
49773,16
49774,11
49774,15
49774,21
49775,11
49776,11
49777,11
49778,11
49779,11
49779,16
49780,11
49781,11
49781,16
49782,11
49782,7
49783,11
49783,3
49784,11
49785,11
49785,21
49785,19
49786,11
49786,19
49787,11
49788,11
49789,11
49789,16
49790,11
49791,11
49791,31
49792,11
49793,11
49793,15
49793,16
49794,11
49794,15
49795,11
49795,21
49795,24
49796,11
49796,21
49797,11
49797,22
49798,11
49798,10
49798,22
49799,11
49799,15
49799,26
49800,11
49800,16
49801,11
49802,11
49802,3
4188,31
49803,11
49803,26
49804,11
49804,26
49805,11
49806,11
49807,11
49807,26
49807,22
49808,11
49809,11
49809,2
49809,3
49810,11
49810,21
49810,19
49811,11
49812,11
49812,15
49812,19
49813,11
49814,11
49814,21
49815,11
49816,11
49817,11
49818,11
49818,21
49819,11
49819,32
49820,11
49821,11
49822,11
49822,15
49822,21
49823,11
4330,21
49824,11
49825,11
49825,16
49826,11
49826,7
49827,11
49827,15
49827,21
25909,31
25909,26
49828,11
49829,11
49829,16
49829,22
49830,11
49831,11
49831,16
49832,11
49833,11
49834,11
2993,19
49835,11
49836,11
49837,11
49838,11
49839,11
49839,15
49839,26
49840,11
49841,11
49841,32
49841,26
49842,11
49842,15
49842,16
49843,11
49844,11
49844,16
3296,2
3296,32
49845,11
49845,2
49845,21
49846,11
49847,11
49847,21
49848,11
49849,11
49849,21
49849,32
49850,11
49850,21
49850,32
49851,11
49851,21
49851,29
49852,11
49852,2
49852,21
49853,11
49853,21
49854,11
49854,15
49854,24
49855,11
49856,11
49856,21
49857,11
49858,11
49859,11
49859,19
49860,11
49860,16
49861,11
49861,15
49861,26
49862,11
49863,11
49863,15
49863,3
49864,11
49864,15
49864,14
49865,11
49866,11
49867,11
49868,11
49869,11
49869,15
49869,22
49870,11
49870,2
49870,21
49871,11
49872,11
49873,11
49873,15
49874,11
49874,21
49875,11
2624,15
2624,16
49876,11
49877,11
49878,11
49878,21
49878,22
49879,11
49879,16
49879,21
49880,11
49881,11
49882,11
49882,19
49883,11
49884,11
49884,2
49884,32
49885,11
49886,11
49887,11
49887,15
49888,11
49889,11
49890,11
49890,26
49891,11
49892,11
49893,11
49894,11
49895,11
49895,6
49896,11
49896,15
49897,11
49898,11
49898,21
49898,24
49899,11
49900,11
49900,6
49900,21
49901,11
49901,21
49902,11
49903,11
49904,11
49904,16
49904,21
49905,11
49905,16
49905,21
49906,11
49907,11
49908,11
49908,2
49909,11
49910,11
49910,15
49910,16
49911,11
49911,16
49912,11
49913,11
49914,11
49914,2
49915,11
49916,11
49916,2
49916,21
49917,11
49917,32
49918,11
49918,21
49918,22
49919,11
49920,11
49921,11
49921,2
49921,31
49922,11
49922,21
49923,11
49924,11
49924,16
49925,11
49926,11
49927,11
49928,11
49929,11
49929,21
49929,19
49930,11
49930,16
49930,3
49931,11
49932,11
49933,11
49934,11
49935,11
49936,11
49936,32
49936,31
49937,11
49937,2
49937,31
49938,11
49938,2
49939,11
49939,16
49939,21
49940,11
49941,11
49941,16
49942,11
49942,21
49942,24
49943,11
49944,11
49945,11
49945,2
49945,15
49946,11
49946,10
49946,22
49947,11
49947,15
49948,11
49949,11
49950,11
49950,2
49950,26
49951,11
49951,16
49951,22
49952,11
49952,29
49952,14
49953,29
49953,2
49953,11
49954,11
49954,32
49955,11
49956,11
49957,11
49957,2
49957,24
49958,11
49959,11
49959,16
49959,21
49960,11
49960,16
49961,11
49961,21
49962,11
49962,16
49963,11
49964,11
49965,11
49965,2
49965,15
49966,11
49966,16
49966,21
49967,11
49968,11
49969,11
49969,21
49970,11
49970,21
49970,22
49971,11
49972,11
49973,11
49974,11
49974,21
49975,11
49976,11
49976,21
49976,22
49977,11
49977,19
49978,11
49978,32
49978,26
49979,11
49980,11
49981,11
49981,15
49981,31
49982,11
49982,21
49982,32
49983,11
49984,11
49985,11
49986,21
49986,11
49987,11
49987,16
49988,11
49989,11
49989,22
49990,11
49991,11
49992,11
49992,21
49993,11
49993,21
49994,11
49994,32
49994,31
49995,11
49996,11
49997,11
49997,16
49998,11
49998,30
16319,15
49999,11
50000,11
50001,11
50002,11
50002,15
50002,31
50003,11
50003,21
50003,27
50004,11
50005,11
50006,11
50006,15
50006,24
50007,11
50007,19
50008,11
50009,11
50009,2
50009,26
50010,11
50011,11
50012,11
50012,15
50012,16
50013,11
50013,2
50014,11
50015,11
50015,21
50016,11
50017,11
50018,11
50018,21
50019,11
50020,11
50021,11
50021,16
50021,22
50022,11
50023,11
50024,11
50024,16
50025,11
50026,11
50027,11
50027,21
50028,11
50029,11
50029,2
50029,32
50030,11
50031,11
50031,15
50031,16
50032,11
50032,2
50032,22
50033,11
50033,30
50034,11
50035,11
50036,11
50037,11
50037,2
50037,32
50038,11
50039,11
50040,11
50040,10
50041,11
50041,21
50042,11
50042,21
50042,31
50043,11
50043,32
50044,11
50045,11
50046,11
50046,2
50046,24
50047,11
50048,11
50048,15
50048,16
50049,11
50050,11
50050,21
50050,19
50051,11
50052,11
50053,11
50054,11
50054,16
50055,11
50055,16
50056,11
50057,11
50058,11
50059,11
50060,11
50060,16
50061,11
50061,15
50062,11
50062,19
50063,11
50063,22
50064,11
50064,21
50064,7
50065,11
50066,11
50066,15
50067,11
50067,2
50067,15
50068,11
50068,21
50068,24
50069,11
50069,16
50069,22
50070,11
50070,15
50070,30
50071,11
50071,21
50072,11
50073,11
50074,11
50075,11
50076,11
50077,11
50077,21
50078,11
50078,32
50079,11
50080,11
50080,22
50081,11
50082,11
50082,22
50083,11
50084,11
50085,11
50085,2
50086,11
50086,15
50087,11
50088,11
50089,11
50090,11
50091,11
50092,11
50093,11
50094,11
50095,11
50095,21
12502,3
50096,11
50096,6
50096,29
50097,11
50097,16
50097,21
50098,11
50098,21
50098,26
50099,11
50099,16
50099,21
50100,11
50101,11
50101,21
50102,11
50102,31
50102,26
50103,11
50104,11
50104,16
50105,11
50105,30
50106,11
50106,2
50106,7
50107,11
50107,21
50107,24
50108,11
50108,19
50109,11
50109,2
50109,21
50110,11
50111,11
50112,11
50112,21
50113,11
50114,11
50115,11
50116,11
50117,11
50117,22
50118,11
50118,16
50119,11
50119,21
50120,11
50120,21
50120,19
50121,11
50121,2
50121,21
50122,11
50122,15
50123,11
50123,15
50124,11
50124,15
50125,11
50126,11
50126,22
1977,31
50127,11
50128,11
50128,21
50129,11
50130,11
50130,31
50130,22
50131,11
50131,15
50132,11
50133,11
50134,11
50134,16
50135,11
50135,2
50135,15
50136,11
50136,21
50136,22
50137,11
50138,11
50139,11
50140,11
50140,15
50141,11
50141,2
50141,21
50142,11
50142,21
50142,22
50143,11
50143,14
50144,11
50144,15
50144,21
50145,11
50145,6
50145,21
50146,11
50146,29
50146,26
50147,11
50147,2
50148,11
50149,11
50149,26
50150,11
50151,11
50152,11
50152,21
50153,11
50153,16
50154,11
50155,11
50156,11
50156,21
50157,11
50158,11
50159,11
50160,11
50161,11
50161,2
50162,11
50162,21
50163,11
50163,22
50164,11
50164,21
50165,11
50165,15
50166,11
50166,16
50166,21
50167,11
50167,26
50167,22
50168,11
50168,21
50169,11
50169,21
50169,22
50170,11
50170,21
50170,24
50171,11
50172,11
50172,21
50172,26
50173,11
50173,10
50174,11
50175,11
50175,21
50176,11
50177,11
50178,11
50178,15
50178,31
50179,11
50179,2
50179,3
50180,11
50181,11
50181,32
50181,26
50182,11
50183,11
50183,16
50183,21
50184,11
50184,15
50184,16
50185,11
50186,11
50187,11
50188,11
50188,2
50188,26
50189,11
50189,15
50189,21
37935,2
37935,15
50190,11
50190,15
50190,29
50191,11
50191,16
50191,22
50192,11
50192,2
50192,26
50193,11
50193,15
50194,11
50195,11
50196,11
50196,21
50196,24
50197,11
50198,11
50198,16
50198,21
50199,11
50199,2
50199,15
50200,11
50201,11
50202,11
50202,2
50203,11
50204,11
50204,2
50205,11
50206,1
50206,11
50206,16
50207,11
50208,11
50209,11
50210,11
50210,16
50211,11
50211,16
50212,11
50212,16
50212,7
50213,11
50214,11
50215,11
50215,21
50216,11
50216,21
50217,11
50217,16
50217,22
50218,11
50218,21
50219,11
50219,15
50220,11
50221,11
50222,11
50222,15
50222,16
50223,11
50223,22
50224,11
50225,11
50226,11
50226,15
50226,26
50227,11
50227,16
50228,11
50228,16
50228,21
50229,11
50229,16
50230,11
50231,11
50231,2
50232,11
50232,21
50232,24
50233,11
50234,11
50235,11
50236,11
50237,11
50237,21
50238,11
50238,24
50239,11
50239,21
50240,11
50241,11
50241,21
50241,29
50242,11
50243,11
50243,21
50243,19
50244,11
50244,21
50245,11
50246,11
50247,11
50248,11
50249,11
50249,21
50249,22
50250,11
50250,22
50251,11
3318,29
3318,3
50252,11
50253,11
50254,11
50255,11
50255,31
50255,26
50256,11
50257,11
50257,21
50258,11
50258,24
50259,11
50259,2
50259,21
50260,11
50260,31
50261,11
50261,32
50261,26
50262,11
50262,15
50263,11
50263,16
50263,21
50264,11
50265,11
50265,15
34486,21
34486,7
50266,11
50266,2
50266,15
50267,11
50267,16
50267,21
50268,11
50269,11
50270,11
50271,11
50271,15
50271,21
50272,11
50273,11
50273,16
50273,21
50274,11
50274,2
50274,21
50275,11
50276,11
50276,21
50276,22
50277,11
50278,11
50279,11
50280,11
50280,2
50280,21
50281,11
50282,11
50282,16
50283,11
50284,11
50284,16
50285,11
50285,27
50285,3
50286,11
50286,22
50286,19
50287,11
50288,11
50288,2
50288,32
50289,11
50289,16
50289,7
50290,11
50290,15
50291,11
43538,2
43538,32
50292,11
50293,11
50294,11
50294,15
50295,11
50295,21
50295,32
50296,11
50296,2
50296,21
50297,11
50297,2
50297,22
50298,11
50298,31
50299,11
50299,2
50300,11
50301,11
50302,11
50302,3
50303,11
50303,15
50303,21
50304,11
50305,11
50305,21
50306,11
50306,16
50306,21
50307,11
50307,15
50307,21
50308,11
50308,15
50309,11
50309,16
50310,11
50311,11
50312,11
50312,15
50312,3
50313,11
50313,16
50313,21
50314,11
50315,11
50315,15
50316,11
50316,21
50316,22
50317,11
50318,11
50319,11
50319,21
50320,11
50321,11
50321,21
50321,10
50322,16
50322,11
50322,32
50323,11
50324,11
50325,26
50325,11
50325,29
50326,11
50327,11
50327,2
50327,15
50328,11
50329,11
50329,21
50330,11
24276,6
3441,3
50331,11
50332,11
50332,21
50332,24
50333,11
50333,16
50334,11
50334,16
50334,21
50335,11
50335,2
50335,26
50336,11
50336,22
50337,11
50338,11
50338,16
50338,10
50339,11
50340,19
50340,11
12496,21
50341,11
50341,22
50342,11
50343,11
50343,21
50344,11
50345,11
50345,21
50345,7
50346,11
50346,19
50347,11
50347,21
50347,10
50348,11
50349,11
50349,3
50350,11
50350,2
50350,32
50351,11
50352,11
50353,11
50353,16
50354,11
50354,16
50355,11
50355,16
50356,11
50357,11
50358,21
50358,11
50359,11
50359,26
50360,11
50360,16
34113,32
34113,7
50361,11
50362,11
50362,21
50363,11
50363,2
50363,3
50364,11
50364,15
50364,21
50365,11
50365,7
50365,19
50366,11
50366,15
50367,11
50367,30
50368,11
50369,11
50370,11
50370,19
50371,11
50372,11
50373,11
50373,2
23780,21
23780,32
50374,11
50374,16
7459,7
50375,11
50375,15
50375,16
50376,11
50377,11
50377,21
50378,11
50378,15
50379,11
50380,11
50381,11
50381,21
50382,11
50382,22
50383,11
50383,2
50383,32
50384,11
50385,11
50385,19
50386,11
50386,16
50387,1
50387,11
50387,2
50388,11
50388,21
50389,11
50389,32
50389,26
50390,11
50390,19
50391,11
50391,15
50392,11
50392,21
50392,10
50393,11
50394,11
50395,11
50395,22
50396,11
50397,11
50398,11
50399,11
50399,16
50399,22
50400,11
50401,11
50401,22
50402,11
50402,15
50403,11
50403,15
50403,16
50404,11
50404,2
50404,7
50405,11
50406,11
50406,16
50407,11
50408,11
50408,16
50409,11
50409,21
50409,22
50410,11
50410,21
50411,11
50411,15
50411,21
50412,11
50413,11
50413,22
50414,11
50415,11
50415,16
50415,21
50416,11
50417,11
9348,16
50418,11
50419,11
50419,14
50420,11
50420,21
50421,11
50422,11
50422,21
50423,11
50424,11
50425,11
50425,21
50426,11
50427,11
50427,24
50428,11
50429,11
50429,16
50429,10
50430,11
50430,2
50431,11
50431,15
50432,11
50433,11
50434,11
50435,11
50435,21
50436,11
50436,21
50436,19
33137,21
50437,11
50438,11
50438,21
50439,11
50440,11
50441,11
50442,11
50443,11
50443,15
50444,11
50445,11
50446,11
50446,3
50447,11
50448,11
50448,16
50448,21
50449,11
50449,16
50450,11
50451,11
50451,21
50451,24
50452,11
50452,15
50453,11
50454,11
50454,16
50454,22
50455,11
50456,11
50456,16
50456,21
50457,11
50457,21
50457,19
12635,3
50458,11
50459,11
50459,16
50459,30
50460,11
50461,11
50462,11
50463,11
50463,21
50464,11
50465,11
50466,11
50466,2
50466,16
50467,11
50467,15
50467,26
50468,11
50469,11
50470,11
50470,15
50470,21
50471,11
50471,2
50471,21
50472,11
50473,11
50473,21
50473,7
50474,11
50474,21
50475,11
50476,11
50476,15
3966,26
50477,11
50477,15
50477,22
50478,11
50479,11
50479,16
50479,24
50480,11
50480,15
50480,22
50481,11
50481,21
50481,19
50482,11
50482,3
50483,11
50484,11
50484,16
50484,21
50485,11
50485,15
50485,21
50486,11
50487,11
50487,2
50487,21
50488,11
50488,31
50488,22
25463,21
25463,22
50489,11
50489,16
50489,21
50490,11
50491,11
50491,21
50491,7
50492,11
50492,3
50493,11
50493,16
50494,11
50495,11
50495,21
50495,24
50496,11
50497,11
50498,11
50499,11
50499,29
50499,32
50500,11
50500,21
50500,22
50501,1
50501,11
50501,2
50502,11
50502,26
50503,11
50504,11
50504,26
50504,22
50505,11
50506,11
50506,15
50507,11
50508,11
50508,21
50509,11
50510,11
50510,15
50511,11
50512,11
50513,11
50514,11
50514,21
50515,11
50515,16
50515,22
50516,11
50517,11
50517,22
50518,11
50519,11
50520,11
50520,15
50521,11
50521,2
50522,11
50522,19
50523,11
50524,11
50525,11
50525,21
50525,32
50526,11
50527,11
50528,11
50528,6
50529,11
50529,21
50529,32
50530,11
50530,2
50531,11
50531,21
50531,19
50532,11
50532,21
50533,11
50534,11
50535,11
50535,6
50535,21
50536,11
50537,11
50537,2
50537,21
50538,11
50538,3
50539,11
50540,11
50541,11
50541,22
50542,11
50542,22
50543,11
50543,2
50544,11
50545,21
50545,11
50546,11
50546,15
50546,22
50547,11
50548,11
50548,32
50549,11
50549,2
50550,11
50550,21
50551,11
50552,11
50553,11
50554,11
31295,32
50555,11
50556,11
50557,11
50558,11
50559,11
50560,11
50561,11
50561,16
50562,11
50562,21
50563,11
50564,11
50565,11
50565,16
50565,22
50566,11
50567,11
50567,19
50568,11
50569,11
50569,15
50569,16
50570,11
50570,26
50571,11
50571,21
50571,26
50572,11
50573,11
50574,11
50574,2
50574,32
50575,11
50575,16
50576,11
50576,19
50577,11
50578,11
50579,11
50580,11
50581,11
50581,16
50582,11
50583,11
50583,21
50583,24
50584,11
50584,21
50585,11
50586,11
50587,11
50587,21
50587,16
50588,1
50588,11
50588,2
50589,11
50590,11
50591,11
50592,11
50592,15
50592,31
50593,11
50594,11
50594,21
50595,11
50596,11
50597,11
50597,21
50598,11
50598,15
50599,11
50600,11
50600,16
50601,11
50602,11
50603,11
50604,11
50605,11
50606,11
50607,11
50608,11
50609,11
50610,11
50611,11
50611,2
50611,6
50612,11
50612,21
50613,11
50614,11
50615,11
50615,21
50615,22
50616,11
50616,10
50617,11
50618,11
50619,11
50619,15
50619,24
50620,11
50621,11
50621,21
50622,11
50622,21
50623,11
50624,11
50624,16
50625,11
50626,11
50627,11
50628,11
50628,21
50629,11
50629,21
50630,11
50630,16
50631,11
50631,16
50632,11
50632,2
50632,15
50633,11
50634,11
50634,15
50634,21
50635,11
50636,11
50637,11
50638,11
50639,11
50640,11
50640,2
50640,3
50641,11
50641,21
50641,14
50642,11
50642,21
50643,11
50644,11
50644,21
50645,11
50645,21
50646,11
50646,2
50646,21
50647,31
50647,26
50647,11
50648,11
50648,21
50648,24
50649,11
50650,11
50651,11
50651,16
50651,21
50652,11
50653,11
50654,15
50654,11
50655,11
50655,15
50656,11
50656,22
50657,11
50658,11
50659,11
50659,16
50660,11
50660,21
50661,11
50661,15
50662,11
50662,21
50662,24
50663,11
50664,11
50665,11
50665,2
50665,29
50666,11
50667,11
50668,11
50668,32
50669,11
50669,16
50670,11
50671,11
50671,16
50672,11
50672,21
50673,11
50673,3
50674,11
50674,3
50675,11
50676,11
50676,16
50676,21
50677,11
50678,11
50679,11
50680,11
50680,2
50680,21
50681,11
50681,16
50681,21
50682,11
50683,11
50683,15
50683,26
50684,11
50684,2
50684,7
5808,21
50685,11
50686,11
50687,11
50688,11
50689,11
50689,16
50690,11
50691,11
50691,2
50691,6
50692,11
50692,15
50693,11
50693,21
50694,11
50694,2
50694,15
50695,11
50695,16
50696,11
50696,16
50696,21
50697,11
50698,11
50698,21
50699,11
50699,2
50699,7
50700,11
50700,22
50701,11
50701,31
50701,10
50702,11
50703,11
50704,11
50704,21
50704,24
50705,11
50706,11
50706,3
50707,11
50708,11
50708,2
50708,21
50709,11
50710,11
50710,2
50710,15
50711,11
50711,21
50711,10
50712,11
50712,22
50713,11
50713,21
50713,26
50714,1
50714,11
50715,11
50715,21
50716,11
50716,16
50716,10
50717,11
50717,16
50717,22
50718,11
50718,21
50719,11
50720,11
50721,11
50721,2
50721,32
50722,11
50722,2
50722,26
50723,11
50723,15
50723,14
50724,11
50724,19
50725,11
50726,11
50727,11
50728,11
50729,11
50730,11
50730,21
50731,11
50731,21
50732,11
50733,11
50733,16
50733,21
50734,11
50734,16
50735,11
50736,11
50737,11
50738,11
50738,21
50739,11
50739,2
50739,21
50740,11
50741,11
50742,11
50742,21
50743,11
50744,11
50744,16
50744,21
50745,11
50746,11
50747,11
50748,11
50748,10
50749,11
50750,11
50751,11
50751,22
50752,11
50752,16
50753,11
50754,11
50754,2
50754,15
50755,11
50756,11
50757,11
50758,11
50759,11
50759,15
50760,11
50760,29
50760,26
50761,11
50762,11
50763,11
50764,11
50764,15
50764,21
50765,11
50766,11
50766,2
50767,11
50767,16
50768,11
50769,11
50769,21
50770,11
50770,2
50770,32
50771,11
50772,11
50772,21
50773,1
50773,11
50774,11
50775,11
50775,16
50775,10
47985,21
50776,11
50776,16
50776,21
50777,11
50777,19
50778,11
50778,21
50778,22
50779,11
50780,11
50781,11
50782,11
50782,21
50782,24
50783,11
50783,15
50783,10
50784,11
50784,21
50785,11
50785,2
50785,21
50786,11
50786,15
50786,21
50787,11
50788,11
50789,11
50789,16
50790,11
50791,11
50791,16
50792,11
50792,16
50793,11
50793,22
50793,19
50794,11
50794,16
50794,22
50795,11
50796,11
50797,11
50798,11
50799,11
50799,21
50800,11
50800,2
50800,26
50801,11
50802,11
50802,31
50803,11
50803,2
50803,7
50804,11
50804,16
50804,21
50805,11
50806,11
50807,11
50807,21
50807,32
50808,11
50808,16
50808,21
50809,11
50810,11
50811,11
50812,11
50813,11
50814,11
50814,21
50815,15
50815,11
50816,11
50816,21
50816,30
50817,11
50818,11
50818,2
50818,32
50819,11
50819,2
50819,26
50820,11
50820,2
50820,16
50821,11
50822,11
50823,11
50824,11
50824,2
50824,10
50825,11
50826,11
50827,11
50828,11
50829,11
50829,2
50829,26
50830,11
50831,11
50832,11
50833,11
50834,11
50835,11
50836,11
50836,2
50837,11
50838,11
50838,16
50839,11
50840,11
50840,22
50841,11
50842,11
50842,16
50842,21
50843,11
50843,26
50843,3
50844,11
50844,2
50844,15
50845,11
50845,21
50846,11
50847,11
50848,11
50848,2
50848,21
50849,11
50850,11
50851,11
50852,11
50852,21
37378,15
37378,30
50853,11
50854,11
50854,26
50854,22
1956,31
50855,11
50855,15
50855,21
29379,19
23016,21
23016,22
50856,11
50857,11
50857,2
50858,11
50859,11
50860,11
50860,22
50861,11
50861,22
50862,11
50863,11
50863,2
50863,21
50864,11
50864,2
50864,26
50865,21
50865,11
50866,11
50867,11
50867,16
50868,11
50869,11
50869,22
50870,11
50870,2
50870,21
50871,11
50871,15
50871,16
50872,11
50873,11
50873,22
50874,11
50874,16
50874,31
50875,11
50876,1
50876,11
50876,15
50877,11
50877,15
50878,1
50878,11
50878,2
50879,11
50879,21
50879,24
50880,11
50880,16
50880,21
50881,11
50882,11
50882,26
50883,11
50883,22
50884,11
50884,21
50885,11
50886,11
50886,21
50887,11
50888,11
50889,11
31768,22
50890,11
50890,21
50891,11
50891,2
50891,21
50892,11
50892,21
50892,7
16632,22
50893,11
50893,21
50893,22
50894,11
50894,21
50895,11
50896,11
50897,11
50898,11
50898,22
50899,11
50899,16
50900,11
50900,2
50900,15
50901,11
50902,11
50903,11
50903,21
50904,11
50905,11
50905,15
50905,16
50906,11
50907,11
50908,11
50908,22
50909,11
50910,11
50910,6
50911,1
50911,11
50911,15
50912,11
50913,11
50914,11
50914,16
50914,21
50915,11
50915,16
50915,24
50916,11
50917,11
50918,11
50918,15
50919,11
50920,11
50920,21
50920,31
3228,22
50921,11
50921,2
50922,11
50923,11
50923,15
756,25
13156,23
276,20
47,25
